ID,MASS,TYPE,NAME,ENGINE,LAUNCH,LENGTH,ORIGIN,WEIGHT,WARHEAD,DESIGNED,DIAMETER,GUIDANCE,PROPELLANT
863,"1,200 kg",Tactical ballistic missile,Nasr (missile),Single-tage olid propellant,Nasr Missile and Launch Vehicle,6.0m," Pakistan
",,"400 kg conventional high explosive, cluster munition[1]  or plutonium or uranium nuclear warhead tactical nuclear weapon[2]",,0.4m,,Solid fuel
224,"1,600 kg (3,500 lb)"," 64 tank
",Hsiung Feng IIE,turbofan with olid rocket booter,,600 cm (236 in)," Taiwan
",,220 kg (490 lb),,510 mm (20 in),"GPS, TERCOM, and inertial guidance with automatic target recognition for terminal guidance",
469,," 64 tank
",Yun Feng,,Transporter erector launcher,," Taiwan
",,,,,,Liquid fuel ramjet engine with solid rocket booster
326,36 pounds (16 kg)[3],Man-portable air-defense system,QW missile,,MANPADS,1.59 metres (5.2 ft)[1], China,,,,,Infrared homing[4],
627,"50 kg, 100 kg, 250 kg, 500 kg","Precision-guided munition, glide bomb",LS PGB,,Aircraft,, China,,Various gravity bombs,,,INS with GPS or laser guidance,
236,6–7 t (6.6–7.7 short tons)[2][3]," 53
",Sagarika (missile),,"Arihant-class submarines, S5-class submarines",10 m (33 ft), India," 1,000 kg (2,200 lb)"," 1,000 kg (2,200 lb)",,0.74 m (2.4 ft),Mid-course: Inertial navigation system with GPS/NavIC satellite guidanceTerminal: Terrain contour matching[6],Solid propellant
320,"4,500 kg"," 53
",Prithvi (missile),,8 x 8 Tata transporter erector launcher,8.53m, India," 500 kg (1,100 lb) - 1,000 kg (2,200 lb)[2]","Conventional (blast, fragmentation, thermobaric) and tactical nuclear weapon",,0.9m,Strap-down inertial navigation system,"Liquid fuel (Prithvi I, Prithvi II), Solid fuel (Prithvi III)"
798,636.47 kg,Beyond-visual-range air-to-air missile,Fakour-90,,"MIG-29, SU-24, F-14, F-4 Phantom II",4 m, Iran,,High explosive blast-fragmentation,,,"inertial guidance, two way data link, active radar homing",
743,4.5 tons," 69 RPG
",Kheibar Shekan,,,10.5 meters, Iran, 500 kg, 500 kg,,80 centimeters,,Solid fuel engine
744,," 69 RPG
",Fattah-1 (missile),,,, Iran, 350-450 kg[1], 350-450 kg[1],,,,Solid fuel engine
727,,Rocket artillery[1][2],Noor (artillery rocket),,Hadid HM 20[4],2.05 m[3], Iran[1][2],,,,122 mm[1][2],,
828,"≈80,000–150,000 kilograms (180,000–330,000 lb)[1][2]"," 63
",Hwasong-17,2 RD-250-type rocket engine (firt tage)[3][4],11-axle transporter erector launcher (TEL),≈24–26 m (79–85 ft)[1][2], North Korea," ≈2,000–3,500 kg (4,400–7,700 lb)[1][2]"," ≈2,000–3,500 kg (4,400–7,700 lb)[1][2]",,≈2.4–2.9 metres (7.9–9.5 ft)[1][2],,liquid rocket engine
21,"1,750 kg (3,860 lb)",SRBM,Abdali-I,Single-tage,"Transporter erector launcher (TEL), Silo[3]",9.75 m (384 in), Pakistan," 500 kg (1,100 lb)"," 500 kg (1,100 lb)",1995–97,0.56 m (22 in),"Inertial, Terminal",Solid-propellent
192,"15,850 kg (34,940 lb)",MRBM[1],Ghauri (missile),Single tage,"Transporter erector launcher (TEL), Silo",15.90 m (52.2 ft), Pakistan," 750 kg (1,650 lb)"," 750 kg (1,650 lb)",1994–2001,1.35 m (4.4 ft),"Inertial, Terminal, BeiDou","Liquid-propellantFuel:TM-185 20%Gasoline 80%Kerosene[1]Oxidizer:AK-27I 73%HNO3, 27%N2O4[1]"
193,,MRBM/Demo,Ghauri-II,Two-tage,Silo,26 m (85 ft), Pakistan," 1,500 kg (3,300 lb)"," 1,500 kg (3,300 lb)",1993–2003,2.0 m (6.6 ft),"Inertial, Terminal,",Liquid-propellant(Confidential)
194,,IRBM,Ghauri-III,Two-tage,Silo,, Pakistan,,HE,2003–2004,,"Inertial, Terminal,",Liquid-propellant
212,"500 kg (1,100 lb)",BRBM/Rocket artillery,Hatf-I,Single-tage,Transporter erector launcher,6.0 m (19.7 ft), Pakistan," 500 kg (1,100 lb)"," 500 kg (1,100 lb)",1987–89,0.56 m (22 in),Unguided:Hatf-I/IAInertial: Hatf-IB,Solid-propellant
213,"1,100 kg (2,400 lb)",ALCM,Ra'ad,Turbofan,"F-16A/B, Mirage-IIIR",4.85 m (15.9 ft), Pakistan, 450 kg (990 lb), 450 kg (990 lb),1998–2007,0.50 m (20 in),"Inertial, Terminal",
129,"1,500 kg (3,300 lb)[1]",GLCM/SLCM/AshM,Babur (cruise missile),Turbofan,Transporter erector launcherCruise-missile submarine,6.2 m (20 ft), Pakistan," 450 kg (990 lb)–500 kg (1,100 lb)"," 450 kg (990 lb)–500 kg (1,100 lb)",1998–2008 (GLCM)2001–2018 (SLCM),0.52 m (20 in),"INS, TERCOM/DSMAC, GPS, GLONASS, Terminal,",Liquid-propellant (jet engine)Solid-propellant (booster)
418,"9,500 kg (20,900 lb)",SRBM,Shaheen-I,Single-tage,"Transporter erector launcher (TEL), Silo, launch pad",12.0 m (470 in), Pakistan," 700 kg (1,500 lb)(Shaheen-I)1,000 kg (2,200 lb)(Shaheen-IA)"," 700 kg (1,500 lb)(Shaheen-I)1,000 kg (2,200 lb)(Shaheen-IA)",1995–99,1.0 m (39 in),"Inertial, Terminal",Solid-propellant
419,"23,600 kg (52,000 lb)",MRBM,Shaheen-II,Two-tage,"Transporter erector launcher (TEL), Silo, launch pad",17.2 m (680 in), Pakistan," 1,230 kg (2,710 lb)"," 1,230 kg (2,710 lb)",2000–2013,1.4 m (55 in),"Inertial, Terminal",Solid-propellant
420,,MRBM,Shaheen-III,Multi-tage[1],"Transporter erector launcher (TEL), Silo, Launch pad",19.30 m (63.3 ft), Pakistan,,HE/NE,2003–2013,1.40 m (4.6 ft),"Inertial, Terminal,",Solid-fuel
862,"4,650 kg (10,250 lb)",SRBM,Ghaznavi (missile),Single-tage,"Transporter erector launcher (TEL), Silo",8.5 m (330 in), Pakistan," 700 kg (1,500 lb)"," 700 kg (1,500 lb)",1994–98,0.8 m (31 in),"Inertial, Terminal",Solid-propellant
869,"≤1,100 kg (2,400 lb)",ALCM[1][2][3][4],Ra'ad-II,Turbofan,"F-17A/B, Mirage-IIIR, Mirage-VR",4.85 m (15.9 ft), Pakistan, 450 kg (990 lb), 450 kg (990 lb),2007–2019,0.50 m (20 in),"Inertial, Terminal",
917,,Anti-ballistic missileAnti-satellite missile,A-235 anti-ballistic missile system,,Launch market competition,, Russia,,,,,,
101,60 kg ALAS,Long-range multipurpose missile,ALAS (missile),"olid fueled boot phae motor, EdePro TMM-404 ingle-haft turbojet ALAS, rocket engine RALAS",,"2700mm ALAS-A , 1800mm RALAS", Serbia,,,,"175mm x 1,450mm (wingspan) ALAS",optical IR or TV,
336,"87,000 kg (192,000 lb)[1]",Intercontinental ballistic missile,R-26 (missile),,,, Soviet Union,,,1960-1961,,,Liquid fuel
817,,Artillery rocket system,2K6 Luna,,2P16 (PT-76-based),, Soviet Union,,"High explosive, nuclear",,,Ballistic,
265,11.3 kg (25 lb),Anti-tank missile,Mathogo,Two-tage olid fuel rocket,"vehicle, ground",0.998 m (3.27 ft),Argentina,,2.8-kg HEAT warhead,1970s,102 mm (4.0 in),MCLOS with wing-edge spoilers,
191,93.5 kg (206 lb),Anti-tank guided missile,Malkara (missile),olid rocket,Vehicle,1.9 m (6 ft 3 in),"Australia,  United Kingdom",,26 kg (57 lb) HESH,1954,203 mm (8.0 in),wire guided line of sight,
261,"194 lb (88,0 kg)",Short-range air-to-air missile,MAA-1 Piranha,Solid-fuel rocket,Combat aircraft,2.738 metres (107.8 in)[5],Brazil,,,,6 in (152 mm),Infrared homing,Solid fuel
264,586.4 pounds (266.0 kg)[2] or 350 kg (770 lb)[3],Anti-radiation missile (ARM)Air-to-surface missile,MAR-1,Rocket motor,Surface-Launched[5] andAir-Launched:,12.7 feet (3.9 m)[2],Brazil, 90 kilograms (200 lb), 90 kilograms (200 lb),,9.1 inches (23 cm)[2],"Passive radar homing, home-on-jam, 800 MHz to 20 GHz",
262,,MANSUP: short range anti-ship missileMANSUP-ER: extended range anti-ship missile,Mansup,,,4700 mm,BrazilUnited Arab Emirates, 170 kg, 170 kg,2004,330 mm,Active radar homing,
167,"14,700 kilograms (32,400 lb)",MRBM/IRBM,DF-21,Solid fueled,Mobile launcher,10.7 metres (35 ft),China,,"conventional 600kg: 1, or 5-6 (improved variant)[1] nuclear 200-300-500 kt nuclear[2]",,1.4 metres (4.6 ft),Inertial + terminal active radar guidance[5],
170,"~52 / 63.5 tonnes (115,000 / 140,000 lb)",ICBM,DF-41,Three-tage Solid-fuel rocket,"Silo, road-mobile Transporter erector launcher, rail-mobile",~21 metres (69 ft)[1],China,,8 x 250 kt or 10 x 150 kt MIRVs,,~2.25 m (7 ft 5 in)[1],"Inertial, likely with stellar updates  and BeiDou[3]",
215,10.2 kg,MANPADS,HN-5,rocket motor,Air (retired) & surface,1.46 meter,China,,0.5 kg warhead,,72 mm,IR,solid fuel
217,,Long-range surface-to-air missileAnti-satellite weapon Anti-ballistic missile,HQ-9,,HQ-9 ground-launched[6],,China,,,,,Semi-active radar homing[4],
238,"900 kg (2,000 lb)",Surface-to-air missile,HQ-12,Rocket motor,6x6,"5,644 mm (222.2 in)",China,,100 kg (220 lb),,400 mm (16 in),Semi-active radar homing/radio-command guidance,Solid fuel
249,220 kg,air-to-air & surface-to-air missiles,HQ-6,rocket motor,Air & surface,3.69 meter,China,,33 kg warhead,,203 mm,SARH / ARH,solid fuel
138,25 kg," 86
",HJ-8,Solid-fuel rocket,"Tripod, vehicle, aircraft","1,566 mm",China,,HEAT,1970–1984 [2],120 mm,SACLOS wire guidance,
150,,Anti-ship cruise missile,YJ-83,CTJ-2 turbojet,Surface and air launched,6.38 metres (20.9 ft)[1],China,,"190 kg high-explosive fragmentation (YJ-83)165 kg high-explosive, semi-armour piercing (YJ-83K)",,360 millimetres (14 in)[1],Inertial navigation/active radar homing terminal guidance,
162,,IRBM,DF-3A,liquid fueled,,24 m,China,,"Nuclear, possibly 3 × 50–100 kt (0.21–0.42 PJ) warheads or 1 × 700–3,000 kt (2.9–12.6 PJ) warhead[1]",,,Astro-inertial guidance,
423,,Anti-ship cruise missile,Silkworm (missile),,,,China,,,,,,
613,815 kg,Anti-ship missiles,C-801,rocket,"Aerial, naval and land-based",5.81 meter,China,,165 kg,,,Inertial navigation/active radar homing terminal guidance,solid rocket
615,105 kg,anti-ship / air-to-surface missiles,TL-10,rocket motor,Air & surface,2.5 meter,China,,30 kg warhead,,0.18 meter,ARH / ImIR IR / TV,solid fuel
616,≈350 kg,anti-ship / air-to-surface missiles,TL-6,rocket motor,Air & surface,≈3.5 meter,China,,30 kg warhead,,0.28 meter,ARH / ImIR IR / TV,solid fuel
617,≈ 150 kg,anti-ship / anti-tank / air-to-surface missiles,CM-501G,rocket,"Naval, aerial and land based.",,China,,40 kg high explosive,,,"Satellite/INS, IIR, SAL",solid fuel
618,22 kg (49 lb) (carry weight)17 kg (37 lb) (missile)5 kg (11 lb) (IIR/EO targeting sight)[1]," 86
",HJ-12,Solid fuel rocket,DiameterMissile: 13.5 cm (5.3 in)Launch tube: 17 cm (6.7 in),Missile: 0.98 m (3.2 ft)Launch tube: 1.2 m (3.9 ft),China,Mass22 kg (49 lb) (carry )17 kg (37 lb) (missile)5 kg (11 lb) (IIR/EO targeting sight)[1],Tandem shaped charge HEAT,,Missile: 13.5 cm (5.3 in)Launch tube: 17 cm (6.7 in),"Infrared homing, TV imaging",
620,37 kg (82 lb),Anti-tank and air-to-surface missile,HJ-9,Rocket engine,,"1,200 mm (47 in)",China,,"Tandem-charge HEAT warhead, 110–120 cm (3.6–3.9 ft) penetration RHAe",,152 mm (6.0 in),"Laser beam riding, or millimeter wave radar",Solid fuel
624,≈0.6 ton," 65
",CY-1,rocket motor,"Air, surface & submerged",≈1.2 meter,China,,light torpedo,,≈0.4 meter,"inertial in flight, passive / active sonar in water",solid fuel
628,150 kg,air-to-air missile,PL-4 (missile),Solid fuel rocket,aerial,3.2 m[1],China,,High explosive blast-fragmentation 30 kilograms (66 lb),,,Semi-active radar homing (PL-4A)Infrared homing (PL-4B),
631,up to 5 ton,Precision-guided bomb,FT PGB,,aerial platforms,depends on the gravity bomb used,China,,various gravity bombs,,depends on the gravity bomb used,inertial + satellite guidance,
632,up to 0.5 ton,LGB / Precision-guided bomb,LT PGB,N./A.N./A.,aerial platforms,depends on the gravity bomb used,China,,various gravity bombs,,depends on the gravity bomb used,laser guidance,N./A.
636,"~ 1,300 kilograms (2,900 lb)",Surface-to-air missile,HQ-22,Rocket motor,Hanyang 8×8,~ 7 metres (23 ft),China,,~ 180 kilograms (400 lb),,~ 0.7 metres (2 ft 4 in),Semi-active radar homing/radio-command guidance,Solid fuel
639,372 kg[1],Medium range surface-to-air missile,DK-10,rocket motor,Surface,,China,,20 kg HE warhead,,203 / 260 mm[1],SARH / ARH,solid fuel
641,~ 165 kg,Surface-to-air missile,HQ-17,rocket motor,TEL,~ 2.9 m,China,,~ 15 kg HE-FRAG,,~ 0.23 m,Semi-active radar homing,solid fuel
643,20 kg,Surface-to-air missile,HQ-10,rocket motor,,2 m,China,,3 kg HE FRAG,,127 mm,Imaging infrared (IIR),solid fuel
644,20 kg,Air-to-air & surface-to-air missiles,TY-90,Solid-fuel rocket motor,Air & surface,1.95 meter,China,,3 kg warhead,,90 mm,ImIR IR,Solid fuel
645,16 kg,Man-portable surface-to-air missile,FN-6,Single Stage Solid Rocket Motor,,1495mm,China,,,,72mm,Infrared homing,
652,115 kg (254 lb),air-to-air missile and Surface-to-air missile,PL-8 (missile),olid rocket,aerial and ground,2.95 m (9 ft 8 in),China,,11 kg (24 lb) high explosive,,160 mm (6 in),passive infrared homing,solid fuel
654,60–152.3 kg (132–336 lb),air-to-air missile,PL-2,rocket2668dN,aerial,2.15–2.99 m (7 ft 1 in – 9 ft 10 in),China,,11.3 kg (25 lb) high explosive,,127 mm (5 in),Nitrogen cooled passive InPb infrared seeker,solid fuel
655,"148 kg (PL-5B, PL-5C), 83kg (PL-5E)",Short-range air-to-air missile,PL-5,Solid-fuel rocket,"Aircraft, helicopter gunships","3.128 m (PL-5B, PL-5C), 2.893m (PL-5E)",China,,"6kg blast-frag, or expanding rod (RF-fuse)",,0.127m (PL-5E),"Infrared homing, multi-element, dual band detector(PL-5EII)",
657,130-150 t (with DF-41),16x16  superheavy strategic truck/transporter erector launcher,HTF5980,Deutz turbocharged dieel517 hp (386 kW),,~21 metres (69 ft),China,,,,,,
658,35 t (empty),12×12 heavy strategic truck/transporter erector launcher,HTF5680A1,Deutz turbocharged dieel517 hp (386 kW),,17.6m,China,,,,,,
659,14 t (empty),6×6 tactical truck,WS2300,Deutz dieel325 hp (242 kW),,9.5 m,China,,,,,,
660,19 t (empty),8×8 heavy strategic truck/transporter erector launcher,WS2400,Deutz dieel517 hp (386 kW),,11.44 m,China,,,,,,
661,20 t (empty),10×10 heavy strategic truck/transporter erector launcher,WS2500,Deutz dieel517 hp (386 kW),,15.5 m,China,,,,,,
662,22.5 t (empty),10×10 heavy strategic truck/transporter erector launcher,WS2600,Deutz dieel544 hp (406 kW),,16.35 m,China,,,,,,
664,11.5 t (empty),6x6 tractor truck,Hanyang HY4260,Deutz BF12L413F dieel[1]435 hp (324 kW)[1],,7.46m[1],China,,,,,,
665,16 t (empty),8x8 tractor truck,Hanyang HY4330,Deutz BF12L513C dieel[1]540 hp (400 kW)[1],,9.4m[1],China,,,,,,
587,,IRBMASBM,DF-26,Solid-fuel rocket,Mobile launcher,,China,,"1,200–1,800 kg thermonuclear weaponConventional[2]",,,,
588,"~5,000 kilograms (11,000 lb)[1]",MRBM with HGV,DF-17,Two-tage Solid-fuel rocket,Road-mobile Transporter erector launcher,~11 metres (36 ft)[1],China,,Thermonuclear (claimed by the United States) or  Conventional,,,,
589,,Short-range ballistic missile,B-611,Solid fuel rocket motor,,,China,,,,,Inertial and optical guidance systems,Solid fuel
594,,Launchplatform 055 destroyerair platforms,YJ-21,,Type 055 destroyerair platforms,approx. 8.3 metres (27 ft),China,,Conventional,,,,
598,,Hypersonic land-attack cruise missile,CJ-100,,Road-mobile Transporter erector launcherH-6K bomber,,China,,Conventional or nuclear warhead[1],,,,
599,," 055 destroyer
",CJ-10 (missile),,,,China,,"500 kg (1,100 lb),[1] conventional or nuclear[2]",,,,
600,1.6 – 2.5 ton,Land attack cruise missiles,Hongniao,turbofan,"Xian H-6, Xian JH-7, ships, submarines, & ground launchers",,China,,conventional or nuclear warheads,,,TERCOM / Inertial guidance/ TV / Imaging infrared homing,liquid fuel
602,,Anti-ship missileCruise missile,CX-1 Missile Systems,,,,China,,260 kg (570 lb),,,Inertial measurement unit (IMU) and active radar seeker,
604,0.6 ton,Medium-range air-to-surface missile,KD-88,turbojet,JH-7AJ-10CJ-16J-15,4.7 meter,China,,165 kg warhead,,0.3602 meter,CCD/TV-seeker[1] for KD-88 or imaging infrared (IIR)[1] for KD-88A,liquid fuel
605,2440 kg,Anti-ship cruise missile,YJ-6,,,7.63 m,China,,500 kg semi-armor-piercing warhead,,0.76 m,,
606,,Anti-ship / air-to-surface,C-704,Rocket motor (C-704)Turbojet (C-705),Air & surface,,China,,130 kg warhead (C-704)110-130 kg warhead (C-705),,,ARH / ImIR IR / TV,Solid fuel
607,1.85 t (ship launched)[2],"anti-ship, and air to surface cruise missile",C-101,Ramjet[2],"Air, surface",6.5 m (ship launched)[2],China,,300 kg warhead[3],,0.54 m[2],Radar[5],Kerosene[2]
609,,Anti-ship cruise missile,YJ-12,integrated ramjet/booter propulion ytem[3],,,China,,"205–500 kg (452–1,102 lb)[1][2]",,,Terminal guidance,
611,1.77 ton,"anti-ship, and air-to-surface missiles",FL-7,rocket motor,Air & ground,6.59 meter,China,,360 kg warhead,,0.54 meter,ARH,liquid fuel
838,42 t (empty)," 63
",WS51200,Cummin KTTA19-C700 turbocharged dieel engine[1]700 hp (520 kW)[1],,20.11 m[1],China,,,,,,
866,235 kg (518 lb)," 65
",ET52 torpedo,Electric Motor,Aircraft/Surface Ships,2.7 m (8.9 ft),China, 34 kg (75 lb), 34 kg (75 lb),,324 mm (12.8 in),Active/Passive Acoustic Homing,Single Propeller
1014,,,RD-107,,,,"Country of origin Soviet Union, later Russia","Dry RD-107: 1,190 kg (2,620 lb)RD-107A1,190 kg (2,620 lb)",,,,,
379,"25,000 kilograms (55,000 lb)",,SSBS S1,,Launch history,,Country of originFrance,,,,1.50 metres (59 in),,LOX O2 with UDMH
1016,,,RD-0124,,,"1,575 mm (62.0 in)",Country of originRussia,"Dry 572 kg (1,261 lb)",,,"2,400 mm (94 in)",,LOX / RP-1
1017,,,RD-0146,,,3.558 metres (11.67 ft),Country of originRussia,,,,1.95 metres (6 ft 5 in),,LOX / LH2
1020,,,RD-191,,,4 m (160 in),Country of originRussia,"Dry 2,290 kg (5,050 lb)",,,1.45 m (57 in),,LOX / RP-1
1019,"250 kg/s",,RD-180,"",,"3.56 m (140 in)","Country of originRussia","Dry 5,480 kg (12,080 lb)",,,"3.15 m (124 in)",,"LOX / RP-1"
1004,,,RD-8,,,"1,500 mm (59 in)",Country of originSoviet Union,Dry 380 kg (840 lb),,,"4,000 mm (160 in)",,LOX / RG-1
1015,,,RD-0120,,,"4,550 mm (179 in)",Country of originSoviet Union,"Dry 3,450 kg (7,610 lb)",,,"2,420 mm (95 in)",,LOX / LH2
1018,,,RD-170,,,4.0 m (160 in),Country of originSoviet Union/Russian Federation,"Dry 9,750 kg (21,500 lb)",,,3.8 m (150 in),,LOX / RP-1
143,,,Blue Streak (missile),,Launch platform,,Country of originUK,,,,,Guidance system failed,liquid oxygen/kerosene
246,"105,140 kg (231,790 lb)",,HGM-25A Titan I,,Launch sitesCape Canaveral,,Country of originUnited States,,,,3.05 m (10.0 ft),,RP-1/LOX
1013,,Engine,RD-58,,First Launch,,Country of originUSSR,Dry 300 kilograms (660 lb),,,,,
962,,2E1 (2E2),Kasta 2E,,,,Country of origin Russia,,,,,,
944,,Early Warning Ground Control,P-3 radar,,,,Country of origin Soviet Union,,,,,,
945,,Early Warning Ground Control,P-8 radar,,,,Country of origin Soviet Union,,,,,,
946,,Early Warning Ground Control,P-10 radar,,,,Country of origin Soviet Union,,,,,,
947,,Early Warning Ground Control,P-12 radar,,,,Country of origin Soviet Union,,,,,,
948,,Early warning,P-14 radar,,,,Country of origin Soviet Union,,,,33 m (108 ft),,
949,,Surveillance/Target Acquisition,P-15 radar,,,,Country of origin Soviet Union,,,,11 meters,,
950,,Early warning radar,P-18 radar,,,,Country of origin Soviet Union,,,,,,
951,,Surveillance/Target Acquisition,P-19 radar,,,,Country of origin Soviet Union,,,,,,
952,,Early warning ground control.,P-20 radar,,,,Country of origin Soviet Union,,,,,,
953,,Early warningGround control,P-30 radar,,,,Country of origin Soviet Union,,,,,,
954,,Early-warning radar ground control.,P-35 radar,,,,Country of origin Soviet Union,,,,,,
956,,Early Warning/Target Acquisition,P-40 radar,,,,Country of origin Soviet Union,,,,,,
958,,Early Warning,P-70 radar,,,,Country of origin Soviet Union,,,,,,
964,,Fire control & tracking,SNR-75,,,,Country of origin Soviet Union,,,,,,
973,,Twist cassegrainPESA antenna (N001VEP+Pero),Mech radar,,,,Country of origin Soviet Union/ Russia,,,,1.075m,,
971,,,Voronezh radar,,,,Country of originRussia,,,,,,
972,,Over-the-horizon radar,Container radar,,,,Country of originRussia,,,,,,
976,,PESA,Zaslon,,,,Country of originRussia,,,,1.4 meters,,
977,,Slotted Planar/PESA/AESA,Zhuk (radar),,,,Country of originRussia,,,,,,
978,,Slotted Planar array/PESA,Bars radar,,,,Country of originRussia,,,,,,
968,,,Dunay radar,,,,Country of originSoviet Union,,,,,,
966,,,Dnestr radar,,,,"Country of originSoviet Union, Russia",,,,"Each array is 244 metres (801 ft) long, 20 metres (66 ft) high and 12 metres (39 ft) wide[1]",,
967,,,Daryal radar,,,,"Country of originSoviet Union, Russia",,,,Transmitter 30×40 mReceiver 80×80 mseparated by 0.5–1.5 km,,
970,,"Early warning radar, missile defence, space surveillance",Don-2N radar,,,,"Country of originSoviet Union, Russia",,,,18 m (59 ft) [2],,
525,,,GLONASS,,Launch vehicles,,Country/ies of origin Soviet Union(now  Russia),,,,,,
524,,"Military, civilian",Global Positioning System,,Launch period,,Country/ies of originUnited States,,,,GBU-53/B Small  Bomb II,,
266,190 kg (419 lb)[2],Beyond visual range air-to-air missile,Meteor (missile),Throttleable ducted rocket (ramjet),Dassault RafaleEurofighter TyphoonSaab JAS 39 Gripen[6]KAI KF-21 BoramaeLockheed Martin F-35 Lightning II (pending)HAL Tejas Mk2 ( In Future ),3.65 m (12 ft 0 in)[3],Europe (multinational),,High explosive blast-fragmentation,,17.8 cm (7.0 in),"Inertial guidance, mid-course update via datalink, terminal active radar homing",
96,"860 kg (1,900 lb)[2]",Medium-range supersonic stand-off nuclear missile,Air-sol moyenne portée,liquid-fuel ramjet,Dassault RafaleDassault Mirage IV (retired)Dassault Mirage 2000N (retired)Dassault Super Étendard (retired),5.38 m (17.7 ft),France,,"TN 81 nuclear warhead, variable yield 100 to 300 kilotons of TNT (420 to 1,260 TJ)",,380 mm (15 in),,
106,,Anti-runway cruise missile,Apache (missile),Turbojet,"Mirage 2000, Rafale",,France,,10 Kriss anti-runway submunitions (50 kg warhead each),,,GPS-INS,
109,143 kg (315 lb),air-to-surface missile,AS-20,,,260 cm (8 ft 6 in),France, 33 kg (73 lb), 33 kg (73 lb),,25 cm (9.8 in),MCLOS via radio link,
20,340 kg (750 lb),Precision-guided munition,Armement Air-Sol Modulaire,Solid rocket motor,Mirage 2000DRafaleTejas,3.1 m (10 ft 2 in),France,,"250 kg (550 lb) bomb body (Mk82, BLU 111 or CBEMS/BANG)",,,Hybrid inertial/GPS in decametric all-weather versionHybrid inertial/GPS + infrared homing or SALH in metric day/night version,
34,30 kg (66 lb),Warhead 140AC anti-armour,SS.11,,,"1,190 mm (3 ft 11 in)",France, 6.8 kg (15 lb), 6.8 kg (15 lb),1953,165 mm (6.5 in),Manual command to line of sight,
174,12.2 kg,Anti-tank missile,ENTAC,combination olid booter and utainer,individual,820 mm,France,,4 kg Hollow-charge capable of piercing 650 mm of RHA,1950s,152 mm,MCLOS wire,
176,13.0 kg missile and container; firing post 4.5 kg,Anti-tank guided missile,Eryx (missile),,Man-portableVehicle-launched,0.905 m (2.97 ft),France,,"137 mm diameter 3.6 kg tandem HEAT (penetrating 900 mm RHA behind reactive armour,[1] or 2.5 m through concrete)",1985–1992,0.136 m (5.4 in),SACLOS wire,
179,"780 kg (1,720 lb)",Anti-ship missile,Exoce,Solid propellant engineTurbojet (MM40 Block 3 verion),multi-platform:,6 m (19 ft 8 in),France,,165 kg (364 lb),1967,34.8 cm (1 ft 1.7 in),"Inertial guidance, active radar homing, and GPS guidance",
282,112 kg (247 lb)[1],Beyond-visual-range air-to-air missile,MICA (missile),Solid-propellant rocket motor,,3.1 m (10 ft)[1],France,,12 kg (26 lb) warhead[1],,160 mm (6.3 in)[1],,
291,19.7 kg [1],SHORAD,Mistral (missile),"Solid Rocket Motor, 2-tage",,1.86 m,France, 2.95 kg, 2.95 kg,1974,90 mm,Infrared homing,
292,"15 kg (33 lb): round in launch tube  11 kg (24 lb): tripod, firing post and battery",Anti-tank guided missile,Akeron MP,"olid-fuel rocket, two phae thrut (oft launch)",,1.3 m (4.3 ft),France,,Tandem HEAT,From 2010,140 mm (5.5 in),"infrared homing, television guidance[4]",
211,"1,850 kg",Short-range ballistic missile (SRBM),Hadès,Single-tage olid,wheeled platforms composed of a tractor and a trailer with two missiles,7.50 m,France,,Single TN-90 80 kt of TNT nuclear warhead  High explosives conventional warhead,,0.53 m,Inertial guidance system Digital terminal guidance (GPS) DSMAC TV digital scene matching,
254,"20,005 kg (44,103 lb)",SLBM,M1 (missile),"Two-tage olid-fuel rocket440 kN (99,000 lbf)",Redoutable-class SNLEs (SSBNs),10.67 m (35.0 ft),France,,,,1.49 m (4 ft 11 in),Inertial,
258,"20,000 kg (44,000 lb)",SLBM,M20 (missile),,,10.4 m (34 ft 1 in),France,,,,1.5 m (4 ft 11 in),,
272,15 kg,Anti-tank missile,SS.10,olid-fuel rocket,"Individual, Vehicle",0.86 m,France,,5 kg HEAT,1948–1955,0.16 m,wire,
158,80 kg,Surface-to-air missile system,Crotale (missile),Len 3 olid-fuel boot-glide (R.440),"Mobile Launcher, Naval Launch",2.89 m,France, 15kg, 15kg,Late 1960s,15 cm,Automatic command to line of sight[1],
318,"2,423 kg (5,342 lb)",Tactical ballistic missile,Pluton (missile),Single-tage olid,TEL platform on an AMX-30 chassis,7.64 m (25 ft 1 in),France,,- Nuclear 15 kt of TNT  - Nuclear 25 kt of TNT  - Conventional High-Explosive,,0.65 m (2 ft 2 in),Inertial,
380,"31,900 kg (70,300 lb)",MRBM,S2 (missile),"Two-tage Solid-fuel rocket534 kN (120,000 lbf)","Silo, Plateau d'Albion",14.8 m (49 ft),France,,"1 × MR 31 nuclear warhead, 120 kilotonnes",,1.5 m (4 ft 11 in),Inertial,
381,"25,800 kg (56,900 lb)",IRBM,S3 (missile),"Two-tage Solid-fuel rocket534 kN (120,000 lbf)","Silo, Plateau d'Albion",13.8 m (45 ft),France,,"TN 61 warhead, 1.2 megatonnes",,1.5 m (4 ft 11 in),Inertial,"23,000 kg (51,000 lb) solid fuel"
867,1410 kg,Anti-surface ship torpedo,F17 torpedo,"Electric, ilver-zinc oxide batterie",SHIP,5.9m (19.4ft),France,,HE: 250kg (551 lbs),,550 mm (21.65 in),wire-guided and passive terminal homing,
875,192 kg [1],Short-range air-to-air missile,R.530,"Two-tage olid rocket,[1] Hotchki-Brandt/SNPE Antoinette rocket [2]83.3 kN for 2.7  + 6.5  cruie[2]",Dassault Mirage F1 Dassault Mirage III[1]F-8 Crusader,3.28 m [1],France, 27.2 kg [1], 27.2 kg [1],,263 mm [1],Semi active radar homing and infrared homing[3],
267,"1,300 kg (2,900 lb)",Air-launched cruise missile,Storm Shadow,"Microturbo TRI 60-30 turbojet5.4 kN (1,200 lbf)",,5.1 m (16 ft 9 in),France & United Kingdom, 450 kilograms (990 lb), 450 kilograms (990 lb),1994–2001,,"GPS, INS, IIR & TERPROM",
177,24.5 kg,Anti-tank missile,HOT (missile),Two-tage olid fuel rocket,Launch weight kg," m
",France / West Germany,Launch  kg," kg
",," mm
",SACLOS,
283,16.4 kg[6],Anti-tank missile,MILAN,olid-fuel rocket,"Individual, vehicle",1.2 m (3 ft 11 in),"France, West Germany",,Single or tandem HEAT,1970s,0.115 m (4.5 in),SACLOS wire,
117,Aster 15: 310 kg[1]Aster 30: 450 kg[1],Surface-to-air/anti-ballistic missile,Aster (missile family),"Solid propellant, two-tage motor[1]",,Aster 15: 4.2 m[1]Aster 30: 4.9 m[1],France/Italy,,15 kg focused fragmented warhead with 2 m lethal radius,,Aster 15 & 30: 180 mm (7.1 in)[1],,
111,600 kg/630 kg,"Medium-range, active radar homing air-to-surface missile",AS.34 Kormoran,olid-propellant rocket motor,Aircraft:,4.40 m,Germany,,165 kg/220 kg,,344 mm,INS/active radar,
245,28 kg,Surface-to-air missile,LFK NG,,,1.8 m,Germany,,,,,Infrared homing,
309,49 kilograms (108 lb)[2],Air-to-surface missileAir-to-air missileSurface-to-surface missileAnti-tank guided missile,PARS 3 LR,olid fuel rocket,Helicopter,"1,600 millimetres (63 in)[2]",Germany,,"9 kg (19.84 lb) tandem HEAT 1,000+ mm RHA penetration after ERA from TDW",1988–2011[1],159 millimetres (6.3 in)[2],Target acquisition: passive IR and television CCD sensors in a mast mounted on launching helicopterMissile guidance: passive IR CCD sensors in the missile,
686,"1,419 kilograms (3,128 lb)",Torpedo,SUT torpedo,Electrical batterie,,,Germany, 259 kilograms (571 lb), 259 kilograms (571 lb),,533 mm,Wire-guided with autonomous active terminal homing sonar,
868,1530 kg[1],Torpedo,DM2A4,Electric; ilver-zinc oxide batterie or lithium ion batterie (for exercie)[1],submarine,6.6 m (22 ft),Germany, 260 kg, 260 kg,,533mm,"Wire-guided to autonomous (active and passive sonar, wake homing)[1]",
227,,Submarine-launched Surface-to-air missileAnti-ship missileLand-attack missile,IDAS (missile),olid-fuel rocket,,"2,936 mm (115.6 in)",Germany / Norway / Turkey[1],,HE/Fragmentation,,127 mm (5.0 in),fibre-optic guided,
448,"1,400 kg (3,100 lb)[2]","Air-launched cruise missile, Land-attack missile, Anti-ship missile",Taurus KEPD 350,William WJ38-15 turbofan,"Integrated: Tornado, F/A-18, F-15K(Tested: Gripen, Typhoon)[7]",5.1 m (16 ft 9 in),Germany and Sweden,,"481 kg (1,060 lb)[3] MEPHISTO (multi-effect penetrator highly sophisticated and target optimised)[4]",1998–2005,1.080 m (42.5 in),"IBN (image-based navigation), INS (inertial navigation system), TRN (terrain-referenced navigation) and MIL-GPS (Global Positioning System)",
361,"5,777 kg (12,736 lb) (launcher)73.5 kilograms (162 lb 1 oz) (missile)",Close-in weapon system,RIM-116 Rolling Airframe Missile,Hercule/Bermite Mk. 36 Solid-fuel rocket,XM501 Non-Line-of-Sight Launch System,2.79 m (9 ft 2 in) (missile),Germany and United States,Mark 54 Light Torpedo, 11.3 kg (24 lb 15 oz),1976,,Three modes:,Solid
338,"209,600 kg (462,100 lb)",Intercontinental ballistic missile,R-36 (missile),,Launch weight:,:,In service1966–1979 (original variant)1988–present (R-36M2 Voevoda variant),Launch :," yield:
",From 1962,:,"Inertial, autonomous",N2O4/UDMH
75,"12,000 kg[4][5][6]"," 53
",Agni-I,,8 x 8 Tatra transporter erector launcher/rail mobile[10],15 m[4][5][6],India," 1,000 kg (2,200 lb) - 2,500 kg (5,500 lb)[7]"," 1,000 kg (2,200 lb) - 2,500 kg (5,500 lb)[7]",,1.0 m[5][6],Mid-course: Ring laser gyro inertial navigation system. Optionally augmented by GPS/NavIC satellite guidance Terminal: Radar scene correlation,Solid fuel
76,"16,000 kg (35,000 lb)"," 53
",Agni-II,,Ashok Leyland/Tata transporter erector launcher,21 m[4],India," 1,000 kg (2,200 lb)[5]"," 1,000 kg (2,200 lb)[5]",,1.3 m,Mid-course: Ring laser gyro inertial navigation system. Optionally augmented by GPS/NavIC satellite guidance Terminal: Radar scene correlation. Upgraded to active radar homing.,Solid fuel
77,"50,000 kg[3]"," 53
",Agni-III,,8 × 8 transporter erector launcherRail mobile launcher,17 m[4],India,,"Conventional, thermobaric, nuclear",,2.0 m[4],"Mid-course: Ring laser gyroscope inertial navigation system, optionally augmented by GPS/NavIC satellite guidanceTerminal: Imaging infrared homing, radar scene correlation, active radar homing[9]",Hydroxyl-terminated polybutadiene[5]
78,"17,000 kilograms (37,000 lb)[2]"," 53
",Agni-IV,,8 × 8 transporter erector launcher/Rail Mobile Launcher,20 metres (66 ft)[2],India,,"Conventional, thermobaric, strategic nuclear weapon",,,Ring laser gyro inertial navigation system with redundant micro inertial navigation and digital control system[6],Solid fuel
79,50000–56000 kg[6]," 53
",Agni-V,,8 × 8 Tatra TEL and rail mobile launcher (canisterised missile package) [18],17.5 m[7],India," 2,500–3,000 kilograms (5,500–6,600 lb)[8]"," 2,500–3,000 kilograms (5,500–6,600 lb)[8]",,2 metres (6 ft 7 in),Ring laser gyroscope inertial navigation system. Optionally augmented by GPS/NavIC satellite guidance.,Solid fuel
80,"55,000[1] - 70,000 kg[2][3]"," 53
",Agni-VI,,,20[2][3] - 40.00 m[1],India, 3 tonnes[4], 3 tonnes[4],,2 m[2],,
81,"11,000 kg (24,000 lb)"," 53
",Agni-P,,Mobile rail-launcherTransporter erector launcher[3],10.5 m (34 ft 5 in),India," 1,500 kg (3,300 lb) – 3,000 kg (6,600 lb)"," 1,500 kg (3,300 lb) – 3,000 kg (6,600 lb)",,1.15 m (3 ft 9 in),Ring laser gyro inertial navigation system with redundant micro inertial navigation and digital control system. Optionally augmented by GPS/NavIC satellite guidance.[4],Solid fuel
97,"720 kg (1,590 lb)"," 53
",Akash (missile),,T-72 or BMP-2 chassis or Tata Motors Heavy Mobility Trucks[5],578 cm (228 in),India, 60 kg (130 lb), 60 kg (130 lb),,30 cm (12 in) - 35 cm (14 in),Mid-course: Command guidance with datalink Terminal: Active radar homing,Solid fuel
98,," 53
",Akash-NG,,,,India,,Fragmentation,2021,,Mid-course: Inertial navigation system with two way datalink Terminal: Active radar homing,Solid fuel
297,43 kg (95 lb)," 53
",Nag (missile),,NAMICAHAL RudraHAL PrachandMil Mi-24,1.85 m (6 ft 1 in),India, 8 kg, 8 kg,,0.20 m (7.9 in),Mid-course: Charge-coupled device with area correlation and two-way datalinkTerminal:,Nitramine smokeless extruded double base
298,"1,500 kilograms (3,300 lb)[3]"," 53
",Nirbhay,,Land-based mobile launcher,6 m (20 ft),India, 200-300 kg, 200-300 kg,,0.52 m (1.7 ft),"Mid-course: Ring laser gyro inertial navigation system and MEMS gyroscope. Augmented by GPS/NavIC satellite guidance Terminal: Active radar homing, electro-optical, imaging infrared[12][4]",First stage: Solid fuel Second stage: Liquid fuel
235,17 t (19 short tons)[2]," 53
",K-4 (missile),Two tage olid rocket motor[4],Arihant class submarines,12 m (39 ft)[2],India," 2,500 kg (5,500 lb)[3]"," 2,500 kg (5,500 lb)[3]",,1.3 m (4.3 ft)[2],"Mid-course: Inertial navigation system with GPS/NavIC satellite guidance, Terminal: Terrain contour matching[7]",Solid rocket propellant[4]
118,154 kg (340 lb)," 53
",Astra (missile),,,3.84 m (12.6 ft),India, 15 kg (33 lb), 15 kg (33 lb),,178 mm (7.0 in),Mid-course: Fibre-optic gyro based inertial navigation system with mid-course update via datalink. Terminal: Active radar homing,Solid fuel
454,130 kg (290 lb)," 53
",Trishul (missile),,,3 m (9.8 ft),India, 15 kg (33 lb)[1], 15 kg (33 lb)[1],,200 cm (79 in),Command to line-of-sight,Solid fuel
466,170 kg (370 lb)," 53
",VL-SRSAM,,Surface Ship,3.93 m (12.9 ft),India,,High-explosive pre-fragmented HMX/PU[1],,178 mm (7.0 in),Mid-course: Fibre-optic gyro based inertial navigation system with mid-course update via datalink. Terminal: Active radar homing,Solid fuel
308,18.87 t," 53
",Indian Ballistic Missile Defence Programme,,Launch market competition,13.2 metres (43 ft),India, 80 kg (180 lb)[39], 80 kg (180 lb)[39],,1.4 metres (4.6 ft),"Mid-course: Ring laser gyro based inertial navigation system and redundant micro navigation system, Terminal: Imaging infrared homing",Solid fuel
319,"1,280 kg (2,820 lb)"," 53
",Prahaar (missile),,Tatra-BEML/Tata TEL[7],7.32 m (24 ft 0 in),India, 250 kg[2], 250 kg[2],,0.42 m (1 ft 5 in),Mid-course: Fibre-optic gyro inertial navigation system. Augmented by GPS/NavIC satellite guidance Terminal: Active radar homing[5],Solid fuel
325,270 kg (600 lb)," 53
",QRSAM,,6 tube launcher mounted on 8 x 8 Ashok Leyland or Tata Motors heavy mobility vehicles[4],4.33 m (14.2 ft),India, 32 kg (71 lb)[1], 32 kg (71 lb)[1],,0.22 m (0.72 ft),Mid-course: Inertial navigation system with two way datalink Terminal: Active radar homing,Solid fuel
376,"Rudram-1 : 600 kg (1,300 lb)[3]"," 53
",Rudram (missile),,MiG-29UPGDassault Mirage 2000SEPECAT JaguarSu-30MKITejas Mk.1/1AHAL Tejas Mk2 (Planned)AMCA (Planned)TEDBF (Planned),5.5 m (18 ft),India, , ,2012–present,,,Solid fuel
422,6.2 t (6.8 short tons)[1]," 53
",Shaurya (missile),,Canisterised transporter erector launcher or underground silo[1],10 m (33 ft)[1][2],India," 200–1,000 kilograms (440–2,200 lb)"," 200–1,000 kilograms (440–2,200 lb)",,0.74 m (2.4 ft)[1],Ring laser gyro inertial navigation system and accelerometer,Solid fuel
671,5 tonnes (4.9 long tons; 5.5 short tons)[1]," 53
",Pralay (missile),,8 x 8 BEML-Tatra transporter erector launcher,"> 7,5 - 11 m",India," 500 kg (1,100 lb) - 1,000 kg (2,200 lb)"," 500 kg (1,100 lb) - 1,000 kg (2,200 lb)",,"> 420 mm , within 750 mm",Inertial navigation system[1],Solid
672,," 53
",K-5 (ballistic missile),,"Arihant-class submarines , S5-class submarines[1][2]",,India,,"2,000 kg (4,400 lb) nuclear war-head[2]",,,,
673,," 53
",K-6 (missile),,S5-class submarine,>12 m (39 ft),India,,"3,000 kg (6,600 lb) MIRVed nuclear war-head",,>2 m (6.6 ft),,
677,," 53
",Amogha missile,,,,India,,,,,,
683,Missile: 14.50 kg (32.0 lb)CLU: 14.25 kg (31.4 lb)[1]," 53
",MPATGM,,"Launch tube, tripod-mount","1,300 mm (4 ft 3 in)[1]",India,,Tandem-charge HEAT,2015,120 mm (4.7 in)[1],Imaging infrared homing,Solid fuel
685,220 kg (490 lb)," 53
",Torpedo Advanced Light Shyena,,"Ships, submarines, helicopters",2.75 m (9.0 ft),India, 50 kg (110 lb), 50 kg (110 lb),,324 mm (12.8 in),Acoustic homing (active/passive),
696,450 kg (990 lb)," 53
",Sudarshan laser-guided bomb,,,,India,,,2006,,Beam riding,
700,125 kg (276 lb),Precision-guided Anti-Airfield glide bomb,DRDO Smart Anti-Airfield Weapon,,,,India, 80 kg[3], 80 kg[3],,,Mid-course: Inertial navigation system with GPS/NavIC satellite guidance Terminal: Imaging infrared homing,
132,275 kg (606 lb)[4] (w/out booster),Medium to long-range surface-to-air missile,Barak 8,,,4.5 m (180 in)[4] (w/out booster),India  Israel,,60 kg[4],,,Infrared Homing Guidance[citation needed],
145,"BrahMos: 3,000 kg (6,600 lb)BrahMos-A: 2,500 kg (5,500 lb)BrahMos-NG: 1,200–1,500 kg (2,600–3,300 lb)"," 53
",BrahMos,,ER Version of BrahMos Air Launched missile against a Ship Target,BrahMos: 8.4 m (28 ft)BrahMos-NG: 6 m (20 ft),India Russia,,200–300 kg (440–660 lb) nuclear conventional semi-armour-piercing warhead[2],,BrahMos: 0.6 m (2.0 ft)BrahMos-NG: 0.5 m (1.6 ft),Mid-course: INS + SatNavTerminal: Active radar homing[10][11],1st Stage: Solid fuel 2nd Stage: Liquid fuel
674,," 53
",BrahMos-II,,"Ship, submarine, aircraft and land-based mobile launchers.",,IndiaRussia,,,,,,
784,,Cruise missile,Hoveyzeh (cruise missile),,Multiple Launch Rocket System,,Iran,,,,,Inertial navigation system,Turbo-jet engine
785,," 69 RPG
",Soumar (missile),,,,Iran,,,,,,
786,," 69 RPG
",Ya-Ali (missile),turbojet,Aircraft,,Iran,,,,,,
789,," 69 RPG
",Valfajr (torpedo),,Submarine[1],,Iran, 220/300 kg, 220/300 kg,2011,533 mm,,
796,," 69 RPG
",Fatter,,Aircraft,,Iran,,,,127 mm,Infrared homing,solid rocket fuel
712,,Rocket artillery,Arash (rocket),,,,Iran,,,,,,
715,"15,000 kg (launcher) 45 kg (HE content) 90 kg (warhead) 407 kg (rocket)",Rocket artillery,Fajr-3,"280 hp, V-8 liquid-cooled, dieel engine[4]",,"10 m (launcher)[2] 5,200 mm (rocket)",Iran,,,,240mm,,
718,"15,000 kg (launcher, empty)[2] 90 kg (HE content) 175 kg (warhead) 915 kg (rocket)[3]",Rocket artillery,Fajr-5,,,10.00 m (launcher)[a]6.485 m (rocket)[2],Iran,,,,,,
722,Shahin-1:384 kg[3]Shahin-2:530 kg[3],Rocket artillery[1][2][3],Shahin (rocket),,unarmored rail launcher[3],Shahin-1:2.9 m[3]Shahin-2:3.9 m[3],Iran,,,,333 mm[1],"Unguided, ballistic flight[3]",solid propelled[3]
724,,Artillery rocket,Zelzal-1,Solid,Transporter erector launcher,,Iran,,One,,,,
729,,Surface-to-surface missile,Badr-3,,,,Iran, 250-400 kg, 250-400 kg,,,,
731,1750 kg," 69 RPG
",Raad-500 (missile),Zohair,,,Iran,,,,,,
732,," 69 RPG
",Zolfaghar (missile),,,10.3 m[1],Iran,,,,,"INS, GPS[2]",Single-stage Solid-propelled[1]
733,," 69 RPG
",Fateh Mobin,,,9 m[3],Iran,,,,,"Terminal guidance, Infrared homing[1]",Single-stage solid-propelled[1]
735,," 69 RPG
",Hormuz-2 (missile),,TEL[1],,Iran,,,,,Terminal guidance(Active or Passive)[1],Solid fuel
736,," 69 RPG
",Samen (missile),,,9.0 m[1],Iran,,,2008-09-21,1.0-1.25 m[1],,solid propellant[1]
738,19/5 tons," 69 RPG
",Khorramshahr (missile),liquid fuel rocket,mobile,13 m,Iran,,,,1.5 m,,
741,"7 tonnes (15,000 lb)"," 69 RPG
",Haj Qasem (missile),,,11 metres (36 ft),Iran," 500 kilograms (1,100 lb)"," 500 kilograms (1,100 lb)",,,,
746,,SAM system,Khordad 15 (air defense system),,,,Iran,,,,,,
747,16.9 kg,MANPADS,Misagh-1,olid rocket motor,Man portable,1.477 m,Iran,,1.42 kg,,0.71 m,Passive infrared homing,
748,12.74 kg,MANPADS,Misagh-2,olid rocket motor,Man portable,~1.5 m,Iran,,1.42 kg HE,,Unknown,IR Fire and Forget,
749,17 kg (37 lb),MANPADS,Misagh-3,olid rocket motor,Man portable,~1.5 m (4 ft),Iran,,1.5 kg (3.3 lb) FRAG-HE,,,Infrared homing,
750,,Long-range Surface-to-air missile system,Talaash air defense system,,,,Iran,,,2013,,,
751,," 69 RPG
",Sayyad (missile),,,,Iran,,Frag-HE,2011 or earlier[1],,,Solid fuel
752,85 kg," 69 RPG
",Herz-9,olid rocket,,2.93 m,Iran,,,2013,,,
753,," 69 RPG
",Taer 2,,Ra'ad,,Iran,,Frag-HE,21 September 2012,,Active radar homing[1],Solid propellant
754,," 69 RPG
",Mehrab (missile),,ships,,Iran,,Frag-HE,,,,Solid fuel
755,Shalamche: 636 kg,Air defense system,Mersad,Solid propellant rocket engine,,,Iran,,,,Shalamche: 356 mm,Semi-active radar homing,
757,,Surface-to-air missile,Shalamcheh (missile),olid fuel rocket,,,Iran,,blast fragmentation warhead,4 September 2011,,,
758,,Mobile long range surface-to-air missile/anti-ballistic missile system,Bavar-373,,,,Iran,,,2010–2019[1][failed verification],,,
759,,Air defense system,Raad (air defense system),Solid Fuel Rocket,Zolfaghar Wheeled TEL,,Iran,,,2012,,,
760,,"Light, mobile air defense system",Ya Zahra air defense system,,,,Iran,,,,,,Solid
761,," 69 RPG
",Tabas (air defense system),IVECO dieel[1],,,Iran,,,,,,
762,," 69 RPG
",Sevom Khordad,IVECO dieel[1],,,Iran,,,,,,
763,," 69 RPG
",Kamin-2,,,,Iran,,,,,,
765,10.9 kg (RAAD/I-RAAD) 23 kg (guidance System),Anti-tank missile,RAAD (anti-tank guided missile),,,83 cm (RAAD/I-RAAD)98 cm (RAAD-T/I-RAAD-T),Iran,,HEAT,,,MCLOS or SACLOS,
766,Anti-helicopter variant with laser guidance and secondary flight motor.[citation needed]  production began in 2010.[61],Anti-tank missile,Toophan,,,,Iran, 3.6 kg, 3.6 kg,Early to mid 1980s,0.152 m,Wire-guidance. Laser guidance for some variants,
767,5.25 kg," 69 RPG
",Tosan (missile),,,130 cm,Iran,,,1991,135 mm,,
768,,Anti-tank missile,Dehlavieh (missile),,,,Iran,,,"July 7, 2012",,Laser,
771,,Anti-ship cruise missile,Zafar (anti-ship missile),turbojet,,,Iran,,HE,,,Active radar,
772,,Anti-ship Cruise missile[1],Ghadir (missile),,"Multiple naval vessels, helicopters[1]",,Iran,,,,,,
773,,Anti-ship cruise missile,Ghader (missile),turbojet,,,Iran,,200 kilograms (440 lb) HE,,,,
775,," 69 RPG
",Nasr-e Basir,,,,Iran,,,,,Fire and forget[citation needed],
777,350 kg,Anti ship missile,Nasr-1,Solid rocket engine,,3.5 m,Iran,,150 kg time-delayed semi-armour-piercing high-explosive,,0.28 m,"TV-homing, millimetre radar",
778,3000 kg," 69 RPG
",Ra'ad (anti-ship missile),Solid-propellant booter,Mobile Ground and Sea Launch-able,7.36 metres,Iran, 450-550 kg, 450-550 kg,,0.76 metres,,Turbo-jet engine
779,,SLCM[1][2][3][4][5][6][7],Jask-2,,"Ghadir-class submarine,[2] Fateh-class submarine",>10 ft (3.0 m)[2],Iran,,,2012-2019,,,
717,," 69 RPG
",Fajr-4,,Sukhoi Su-22[1][2],,Iran[1][2],,,May 2014[2],333 mm[1][2],Onboard guidance[1],
728,,Artillery rocket,Haseb (rocket),,12-tube MLRS[1],,Iran[1][2],,,,107 mm[1][2],,
769,,Anti-tank missile,Tondar (missile),,,,Iran[1][2][3],,,,,,
756,,surface-to-air missile,Shahin (surface-to-air missile),,Mersad[3],,Iran[1][2][3][4],,,,,,solid fuel
734,," 69 RPG
",Hormuz-1 (missile),,TEL[1],,Iran[2][3][4],,,,,Terminal guidance (Active or Passive)[1],
780,"1,650 kg (3,640 lb) with booster"," 69 RPG
",Abu Mahdi (missile),Toloue turbojet,"fixed and mobile ground launchers, ships, aircraft[9]",6 m (20 ft),Iran[2][3][4][5], 410 kg (900 lb), 410 kg (900 lb),,0.55 m (1.8 ft),"Satnav/INS, active and passive radar",
66,"1,360 kg (3,000 lb)",Air-to-surface missileSLCM,Popeye (missile),Single-tage Solid-fuel rocket,"Fixed-wing aircraft, Dolphin class submarine (Popeye Turbo SLCM)",4.82 m (15 ft 10 in),Israel,,340 kg (750 lb) blast fragmentation or 360 kg (790 lb) I-800 penetrating,,533 mm (20 in),Inertial plus IIR or TV,
178,Spike-ER from helicopter:,Anti-tank guided missile,Spike (missile),Solid-propellant rocket,Launcher + 4 missiles: 187 kg (412 lb 4 oz),,Israel,,Tandem-charge HEAT warhead,Late 1970s (Spike NLOS),,"Infrared homing – Electro-optical (CCD, imaging infrared (IIR), or dual CCD/IIR), passive CCD, or dual CCD/IIR seeker",
190,"Mark I: 430 kg (950 lb)Mark II: 522 kg (1,151 lb)Mark III: 560 kg (1,230 lb)Mark III A/S: 590 kg (1,300 lb)Mark IV: 960 kg (2,120 lb)Mark V: 1,250 kg (2,760 lb)",Anti-ship missile,Gabriel (missile),,,Mark I: 3.35 m (11.0 ft)Mark II: 3.36 m (11.0 ft)Mark III: 3.75 m (12.3 ft)Mark III A/S: 3.78 m (12.4 ft)Mark IV: 4.7 m (15 ft)Mark V: 5.5 m (18 ft),Israel,,Mark II: 100 kg (220 lb)Mark III / IIIA/S: 150 kg (330 lb)Mark IV: 240 kg (530 lb),,Mark I/ II /III / IIIA/S: 330 mm (13 in)Mark IV: 440 mm (17 in),Mark I / II:Semi-Active Radar Mark III / IIIA/S / IV: Active Radar,
123,98 kg (216 lb)[1],Short range surface-to-air missile,Barak 1,,Surface Ship,2.1 m (6.9 ft)[1],Israel,,22 kg (49 lb)[1] blast fragmentation warhead,,170 mm (6.7 in)[1],Radar CLOS guidance,
322,103.6 kilograms (228 pounds 6 ounces),Short-range air-to-air missile,Python (missile),olid fuel rocket motor,Aircraft:,3.1 metres (10 feet),Israel,,11 kg (24 lb 4 oz),,160 millimetres (6.3 inches),"infrared homing + 320×240 pixel dual waveband electro-optical imaging seeker, lock on after launch, with infrared counter-counter-measures (IRCCM)",
681,13 kg (28.7 lb)[2],ATGM,LAHAT,,105–120 mm smoothborerotary-wing aircraft,975 mm (38.4 in),Israel, 4.5 kg (9.9 lb), 4.5 kg (9.9 lb),,105 mm (4.1 in)[2],Semi-active laser homing[2],
703,105 kg (231 lb) (Python-5)118 kg (260 lb) (Derby),Short and medium range air defence system,SPYDER,,Tatra 817 truckMercedes-Benz Actros truck RMMV HX truckMAN TGS truckScania P-series truckDongfeng truckTELAR,3.1 m (10 ft 2 in) (Python-5)3.62 m (11 ft 11 in) (Derby),Israel,,11 kg (24 lb) (Python-5)23 kg (51 lb) (Derby),,160 mm (6.3 in) (both),Infrared homing and electro-optical imaging (Python-5)Active radar homing (Derby),
107,,Anti-ballistic missile,Arrow (missile family),Two-tage[7][8],Six canisters per trailer-mounted erector–launcher[7][8],6.8 m (22 ft)[6] – 7 m (23 ft)[7][4],Israel[1], 150 kg (330 lb)[9], 150 kg (330 lb)[9],1994–present,By stage:,Dual mode: passive infrared seeker and active radar seeker[7][8],Solid propellant[7][8]
115,220 kg,Medium range  Surface to air missile/ Air to air missile,Aspide,,,3.72 m,Italy,,35 kg warhead,,234 mm,,
687,254 kg (560 lb),Lightweight torpedo,A244-S,contra-rotating direct-drive bruhle electric motor,Vessel / aircraft / helicopter,2.75 m (9.0 ft),Italy, 45 kg (99 lb), 45 kg (99 lb),,324 mm (12.8 in),active / passive acoustic homing,AgCl-Mg battery
229,87.4 kg (193 lb),Short-range air-to-air missile,IRIS-T,Solid-fuel rocket,"Typhoon, Tornado, F-4 AUP, F-5 Super Tigris, F-16V, EF-18, NASAMS, Gripen, M-346.",2.94 m (9.6 ft)[5],"Italy, Germany, Sweden, Greece, Norway, Spain",,HE/fragmentation,,127 mm (5.0 in),Infrared homing / radar homing (IRIS-T SLX),
304,"800 kg (1,764 lb)[13]",Anti-submarine missile,Otoma,Turbojet engine,Container launcher,6.0 m (19.7 ft)[13],Italy/France,,MU90 torpedo,,460 mm (18.1 in)[13],"Inertial guidance, GPS and active radar homing",
112,"600 kg (1,323 lb)"," 07
",Type 80 Air-to-Ship Missile,olid rocket,Air,4.0 m (13.1 ft),Japan, 150 kg (331 lb), 150 kg (331 lb),,335 mm (13.2 in),Inertial guidance and terminal active radar homing,Single stage solid propellent Rocket motor
18,95 kg (209 lb)," 07
",AAM-5 (Japanese missile),,,3.105 m (10.19 ft),Japan,,blast-frag,,130 mm (5.1 in),(Infrared homing (IIR) INS+COLOS) (B version (IRCCM) INS+COLOS),solid fuel rocket
113,530kg," 07
",Type 93 Air-to-Ship Missile,Turbojet engine,Aircraft:,4m,Japan,,,,0.35m,"Inertial guidance and IR Imaging, GPS (ASM2b)",
121,15.7 kg," 07
",Type 64 MAT,"Two-tage olid rocket motor - firt tage rated at 130 kg tatic thrut, econd tage rated at 15 kg tatic thrut.",,1.02 m,Japan,,Hollow charge,1957,0.12 m,MCLOS system,
122,33 kg missile," 07
",Type 79 Jyu-MAT,,,1.5 m,Japan, 4.2 kg, 4.2 kg,,153 mm,Wire guided SACLOS,
124,Missile 12 kg System 140 kg[2]," 07
",Type 87 Chu-MAT,,,1 m,Japan,,,Late 1970s,,Laser guidance,
125,60 kg," 07
",Type 96 Multi-Purpose Missile System,Solid Fuel Rocket,,about 2.0 m,Japan,,,,about 16 cm,infrared homing based on Optical fiber Imaging infrared (IIR),
126,11.4 kg missile[3] 17.5 kg system[3]," 07
",Type 01 LMAT,Solid Fuel Rocket,"Unit cost$260,000 (reusable Command Launch Unit) (2001)",970 mm,Japan,,Tandem-charged HEAT warhead,1993,140 mm,"infrared homing, CCD[2]",
597,,Hypersonic glide vehicle of aircraft,DF-ZF,,,,National origin,,,,,,
1021,,,Klimov RD-500,,,,National origin,,,,,,
1045,,Target drone of aircraft,Radioplane BTT,,,,National origin,,,,,,
1046,,Target drone of aircraft,Northrop AQM-35,,,,National origin,,,,,,
1049,,Target drone of aircraft,Beechcraft MQM-61 Cardinal,,,,National origin,,,,,,
1050,,Target drone of aircraft,Globe KD6G Firefly,,,,National origin,,,,,,
1051,,Target drone of aircraft,North American MQM-42,,Launch of a MQM-42,,National origin,,,,,,
1053,,Target drone of aircraft,Nord CT41,,,,National origin,,,,,,
1054,,Reconnassiance drone of aircraft,Aerojet SD-2 Overseer,,,,National origin,,,,,,
1055,,Target drone of aircraft,Lockheed AQM-60 Kingfisher,,,,National origin,,,,,,
1058,,Aerial reconnaissance unmanned aerial vehicle of aircraft,Ryan AQM-91 Firefly,,,,National origin,,,,,,
1059,,Communications relay drone of aircraft,LTV XQM-93,,,,National origin,,,,,,
975,,Interceptor and reconnaissance aircraft of aircraft,Mikoyan-Gurevich MiG-25,,,,National origin,,,,,,
981,," numbers(1947–1955)
",Mikoyan MiG-29,,,,National origin,,,,,,
983,,X band Hybrid Passive electronically scanned array of aircraft,Irbis-E,,,,National origin,,,,,,
984,,"X-Band, L-Band active electronically scanned array of aircraft",Byelka (radar),,,,National origin,,,,,,
1006,,,Tumansky R-11,,,,National origin,,,,,,
1011,,,Klimov RD-33,,,,National origin,,,,,,
1064,,Target-designator drone of aircraft,Lockheed MQM-105 Aquila,,,,National origin,,,,,,
1066,,Unmanned target drone of aircraft,Beechcraft MQM-107 Streaker,,,,National origin,,,,,,
1067,,Unmanned aerial vehicle of aircraft,NSRDC BQM-108,,,,National origin,,,,,,
1072,,Anti-radar drone of aircraft,Boeing CQM-121 Pave Tiger,,,,National origin,,,,,,
1075,,Target drone of aircraft,AQM-128,,,,National origin,,,,,,
1078,,Reconnaissance UAV of aircraft,BQM-145 Peregrine,,,,National origin,,,,,,
1079,,Reconnaissance drone of aircraft,BQM-147 Dragon,,,,National origin,,,,,,
1082,,Miniature UAV of aircraft,AeroVironment FQM-151 Pointer,,,,National origin,,,,,,
1083,,Unmanned surveillance and reconnaissance aerial vehicle of aircraft,IAI RQ-5 Hunter,,,,National origin,,,,,,
1086,,Unmanned target drone of aircraft,Composite Engineering BQM-167 Skeeter,Compoite ering Inc.  Krato Defene & Security Solution,,,National origin,,,,,,
1097,,Reconnaissance drone of aircraft,Lockheed Aequare,,,,National origin,,,,,,
1114,,Experimental stealth cruise missile of aircraft,Lockheed Senior Prom,,,,National origin,,,,,,
2,"12,500 kg (27,600 lb)",Single-stage ballistic missile,V-2 rocke,,White Sands V-2 Launching Site,14 m (45 ft 11 in),Nazi Germany,"1,000 kg (2,200 lb); Amatol (explosive : 910 kg)","1,000 kg (2,200 lb); Amatol (explosive : 910 kg)",,1.65 m (5 ft 5 in),,
186,"2,150 kg (4,740 lb)",Cruise missile,V-1 flying bomb,Argu A 109-014 Pulejet,White Sands V-2 Launching Site,8.32 m (27.3 ft),Nazi Germany," 850 kg (1,870 lb)"," 850 kg (1,870 lb)",,,Gyrocompass based autopilot,
467,"3,700 kilograms (8,200 lb)",Surface-to-air missile,Wasserfall,Liquid-propellant rocket motor,White Sands V-2 Launching Site,7.85 metres (25.8 ft),Nazi Germany,,235 kilograms (518 lb),,.864 metres (2 ft 10.0 in),Manual command to line of sight (MCLOS); operator used a radio command link to steer the missile along the optical line of sight from launch point to target,
301,," 63
",Hwasong-7,Liquid,,15.6 m[4],North Korea," 650–1,200 kg (est.)[2][5]"," 650–1,200 kg (est.)[2][5]",,1.25 m[4],Inertial,UDMH/AK27[6]
241,," 63
",Hwasong-13,"Liquid, like the Hwaong-10[1]",MAZ-based vehicle,"16 m PVB 18 m longer (12 to ± 20 m, improvements can be longer (RS-24\RT2PM2 dimensions))",North Korea,,nuclear,,"1.8 m (1.60–1.87 m) (if enlarged, like Hwasong-7 and other missiles)",,Liquid propellant[2][1]
816,"3,415 kg (7,529 lb)"," 63
",KN-23,olid compoite propellant,8×8 wheeled TEL10×10 wheeled TELRailway car,8.7 m (29 ft) (early)   9.8 m (32 ft) (late),North Korea,,"500 kg (1,100 lb), nuclear and conventional[1]",2018,0.9 to 1.1 m (3 ft 7 in),"Inertial navigation system (INS), possible satellite navigation",
821,," 63
",Pukguksong-2,Solid fuel rocket,Tracked TEL,8.85 m,North Korea,,"nuclear, conventional[1]",,~1.4 m,,Solid
822,24.7 tons (est.)," 63
",Hwasong-12,"Liquid-propellant rocket, ingle chamber variant of Paektuan[2][3][4]464.1 kN total",MAZ-based vehicle,,North Korea, 500-650 kg (est.), 500-650 kg (est.),,1.5 m (est),Inertial,"Hypergolic combination of unsymmetrical dimethylhydrazine (UDMH) as fuel, and either Dinitrogen tetroxide (N2O4)"
823,," 63
",Hwasong-8,"Paektuan ingle chamber four vernier engine440.0 kN (main, baed on Hwaong-14)78.4 kN (vernier, baed on Hwaong-14)[5]",Launch of the Hwasong-8,18.5 m (61 ft)[3],North Korea,,'nuclear'[4],,1.8 m (5.9 ft)[3],guided with vehicle[8],UDMH/N2O4 (based on Hwasong-14)
826,33.8 tons," 63
",Hwasong-14,"Two-tage Liquid-fuel rocket[3]453kN, 46–48 tonne-force.[4]",Road-mobile TEL[11],19.5 m (63 ft)[1],North Korea, 500kg[2], 500kg[2],,1.7 m (5.5 ft),,UDMH/N204
827,"≈72,000 kilograms (159,000 lb) [1]"," 63
",Hwasong-15,"1 Paektuan (potentially RD-250) [1]788 kilonewton (177,000 lbf)[1][2]",9 axle Transporter Erector vehicle,≈22.5 metres (74 ft)[1],North Korea," 1,000 kg[2]"," 1,000 kg[2]",,≈2.4 metres (7.9 ft)[1],,N2O4/UDMH
829,55-60 tons (estimated)[3]," 63
",Hwasong-18,three tage olid fuel rocket motor140 t,9-axle Transporter erector launcher,25 m (estimated)[4],North Korea, 1.25 - 1.5 t (estimated)[3], 1.25 - 1.5 t (estimated)[3],,2 m (estimated)[4],,solid fuel
830,," 63
",Pukguksong-3,,"submersible barge, Sinpo-C",9.15 m (30.0 ft) (with warhead),North Korea,,"conventional, possibly nuclear",,,,solid fuel
831,," 63
",Hwasal-2,turbofan (or tj),"TELAR, submarine[2]",6 m (20 ft)[1],North Korea,,"TNW, HE",,0.54-0.60 m[1],,
835,1300 to 1700 kg," 63
",KN-06,olid propellant rocket engine,"TEL, 6x6 KamAZ-55111 truck (Taebaeksan 96)",6.8-7.25 m,North Korea, 120 to 200 Kg, 120 to 200 Kg,,0.45-0.50 m,"Radar, data link","solid , composite"
836,," 63
",Pongae-6,,2-axle four canister trailer TEL,,North Korea,,possibly direct hit weapon[1],,,unknown,solid fuel[1]
844,," 63
",KN-09 (multiple rocket launcher),dieel,,,North Korea,,,2014,,,
811,"2,010 kg (4,430 lb)"," 63
",KN-02 Toksa,Solid-fuel rocket,TEL,6.4 m (21 ft),North KoreaUSSR," 250 or 485 kg (551 or 1,069 lb)"," 250 or 485 kg (551 or 1,069 lb)",,0.65 m (2.1 ft),"Inertial, optical correlation system",solid
56,"385 kg (849 lb) (MK2), 370 kg (820 lb) (MK3)",littoral anti-ship missile,Penguin (missile),Solid propellant utainer,"naval ships, helicopters (MK2), fixed-wing aircraft (MK3)","3.0 m (MK2), 3.2 m (MK3)",Norway,,"120 kg (MK2), 130 kg (MK3)",,28 cm,"pulse-laser, passive IR (MK2), passive IR, radar altimeter (MK3)",
299,400 kg (880 lb) with booster350 kg (770 lb) without booster,Anti-ship or land attack cruise missile,Naval Strike Missile,Microturbo TRI-40 turbojet with olid rocket booter,"Naval ships, land-based vehicles",3.96 m (13 ft) with booster3.48 m (11 ft 5 in) bare missile,Norway, 120 kg (260 lb), 120 kg (260 lb),,,"GPS-aided INS (GAINS), laser altimeter, TERCOM, Imaging Infra-Red (IIR)",
1105,416 kg (917 lb),Air-launched anti-ship or land attack cruise missile,Joint Strike Missile,William International F‐415 mall turbofan,"F-35, F-16, F/A-18E/F, and F-15E",4 m (13 ft 1 in),Norway & United States, 120 kg (260 lb), 120 kg (260 lb),,,"GPS, INS, TERCOM",
139,102 kilograms (225 lb)[2],,Black Arrow,,Launch market competition,,original,,,,2 metres (6 ft 7 in)[2],,Solid
366,350–800 kg [1],,Shavit 2,,LauncherOne,,original,,,,1.35 m,,Hydrazine[2]
415,,,Shahab-4,,LauncherOne,,original,,,,,,
471," to ... (kg)
",,Comparison of orbital launch systems,,Launches by spaceport,,original,,,,,,
483,,,Expendable launch system,,Launch pad,,original,,,,,,
1044,227 kg (500 lb)," of passengers/cargoGemini (crewed)Clementine
",LGM-25C Titan II,,Cape Canaveral Air Force Station Launch Complex 19 / Launch Complex 14,31.394 m (103.00 ft),original,Stage II  (full),W-53 9 Mt thermonuclear warhead,,3.05 m (10.0 ft),Gemini Guidance Computer,N2O4 / Aerozine 50
824,33.4 tons," 63
",Taepodong-1,liquid-fueled,LauncherOne,25.8 m,original,,,,1.8 m,inertial,
578,"","L95 (LZ104)  W Zeppelin",Flight endurance record,,,,"originally destined for the Makonde Plateau, mission aborted at 16° 30′ N, 30° 0′ E, near Khartoum, Sudan after areas fit for landing were captured by British forces",,,,,,
105,16.5 kg [5],Man-portable air-defence system (MANPADS),Anza (missile),Rocket motor,"Human, vehicle."," (missile and booster)
",Pakistan,Missile,,,7.2 cm,Guidance,Solid propellant
861,,MIRV surface-to-surface missile ballistic missile,Ababeel (missile),olid-fuel[1],TEL,,Pakistan,,3-8 MIRVs3 RVs of 500kg each (standard)5 RVs of 300kg each8 RVs of 185kg each,,1.7m (top)1.4m (body),,
870,45 kg,Laser-guided air-to-surface missile/Anti-tank guided missile,Barq,Single-tage rocket motor,"UCAV, manned Observation/Attack aircraft/ Attack helicopter",,Pakistan,,HE,,,,
872,,Precision-guided glide bomb,H-2 SOW,,Combat aircraft,,Pakistan,,High explosives,,,Electro-optical (TV or infra-red imaging),
873,,Precision-guided glide bomb,H-4 SOW,Solid propellant booter (rocketry),,,Pakistan,,High explosives,,,Electro-optical (infrared homing),
163,"82,000 kg",ICBM,DF-4,Liquid fueled,,28.05 m,People's Republic of China,,"One,[1] or three (DF-4A)[3][4]",,2.25 m,Astro-inertial guidance,
164,"312.5 tonnes (312,500 kg)",ICBM,DF-5,Two-tage Liquid-propellant rocket (UDMH/NTO)[5],Silo,38.5 m (126 ft 4 in),People's Republic of China,,One (DF-5 & DF-5A)MIRV (12 warheads) (DF-5B)[2][3]MIRV (DF-5C)[4],,4.08 m (13 ft 5 in),Inertial + on-board computers [6],
169,"54 t (54,000 kg; 60 short tons)",Intercontinental ballistic missile,DF-31,Solid-fuel rocket,"Silo, 8 axle TEL",21.6 m (70 ft 10 in),People's Republic of China,,1 x 1 Mt or 5 x 90-400 kt[1],,2.37 m (7 ft 9 in),Astro-inertial guidance with BeiDou Navigation Satellite System,
216,84.5 kg (186 lb),Surface-to-air missile,HQ-7,olid fuel rocket,,3 m (9.8 ft),People's Republic of China,,,,0.156 m (6.1 in),,
220,,air-to-air missile,PL-11 (missile),Solid fuel rocket,aerial,3.7 m (12 ft 2 in)[1],People's Republic of China,,High explosive blast-fragmentation,,,Semi-active radar homing[1],
234,"42,000 kilograms (93,000 lb)[2]",Launchplatform 094 submarine[7],JL-2,,Type 094 submarine[7],13 metres (43 ft)[2],People's Republic of China,,single[3] or 1-3 MIRV[4] or 3-8 MIRV nuclear warhead[2],,,Astro-inertial[5] with Beidou[2],Solid-fuel rocket[3]
148,," 052C destroyer
",YJ-62,,,,People's Republic of China,,210 kg (YJ-62)300 kg (C-602)480 kg (CM-602G),,,Inertial/active terminal guidance,
149,117 kg.[1],anti-ship missile,YJ-7,Rocket engine[2],"Ground, ship, air",,People's Republic of China,,30.5 kg semi armour-piercing high explosive[1],,,Active radar or electro-optical,
311,123kg (PL-9)115kg (PL-9C),Short-range air-to-air missile,PL-9,,"Aircraft, helicopter gunships, ground-launched",2.9m (PL-9/C),People's Republic of China,,"11.8kg blast-frag, or expanding rod (RF-fuse)",,0.157m (PL-9C),multi-element infrared,
312,105kg,Short-range air-to-air missile,PL-10,,Aircraft,3.0m[1],People's Republic of China,,"Blast-frag, or expanding rod (RF-fuse)",,,Multi-element imaging infrared,
404,180 kilograms (400 lb)[2],"Medium-range, active radar homing air-to-air BVR missile",PL-12,,,,People's Republic of China,,,,,Active radar[6],
614,,Anti-ship cruise missile,YJ-82,,Submarine,,People's Republic of China,,165 kg high-explosive fragmenting warhead,,,Inertial navigation/active radar homing terminal guidance,
619,,"Non-line-of-sight anti-tank, anti-helicopter, air-to-surface and surface-to-surface missile",HJ-10,,,,People's Republic of China,,HEAT and others,,,fiber-optic wire-guided missile (AFT-10)Infrared homing,
623,≈10 kg,anti-tank guided missile,J-201,rocket motor,ground based,≈1 meter,People's Republic of China,,,,≈100 mm,MCLOS,solid
638,,Surface-to-air missile,HQ-16,rocket motor,,,People's Republic of China,,,,,,solid fuel
649,250 kg,Beyond-visual-range air-to-air missile,PL-21,,,,People's Republic of China,,,,250–300 millimetres (9.8–11.8 in) (estimated)[1],Active radar with AESA[1],
651,200–230 kg (PL-15)[3]≤210 kg (PL-15E),Beyond-visual-range air-to-air missile,PL-15,Dual puled olid-propellant rocket[2],"J-20, J-10C, J-15, J-16, J-11B, JF-17 Block-3",399.6 cm (PL-15E),People's Republic of China,,,,20.3 cm (PL-15E),Active radar homing,
716,"602 kg (1,327 lb)"," 98
",Type 63 multiple rocket launcher,,,2.90 m (9 ft 6 in),People's Republic of China,,,1961,,,
593,,Launchplatform 094 submarine,JL-3,,Type 094 submarine,,People's Republic of China,,3 nuclear warheads,,,Astro-inertial with Beidou,Solid-fuel rocket
601,,Anti-ship cruise missile  Land attack cruise missile  Submarine-launched cruise missile[1],YJ-18,,,,People's Republic of China,,140–300 kg (310–660 lb) warhead[2],,,BeiDou Navigation Satellite Systemonboard radar seeker[3],
608,"2,200 kg launch weight[1]",Anti-ship/land-attack cruise missile,HD-1,integrated ramjet with olid rocket booter,"Aircraft, ships [7]",8.3 m (27 ft)[2],People's Republic of China,"Mass2,200 kg launch [1]",240–400 kg (530–880 lb) Unitary or cluster,,0.375 m (1.23 ft) missile body[3],Inertial navigation system (INS)/Satellite guidanceTerminal radar/infrared guidance,
610,,Anti-radiation or anti-ship cruise missile,YJ-91,,Air launched[1],,People's Republic of China,,87–90 kg HE blast/fragmentation[1],,,Passive/anti-radiation[2],
864,235 kg (518 lb)[1]," 65
",Yu-7 torpedo,,Surface ships,2.7 m (8.9 ft)[1],People's Republic of China, 45 kg (99 lb) shaped charge[1], 45 kg (99 lb) shaped charge[1],1980s[1],324 mm (12.8 in),active / passive acoustic homing,Otto fuel II[1]
210,"16.5 kilograms (36 lb), and for missile only 10.5 kilograms (23 lb)",Man-portable air-defense system,Grom (missile),olid fuel rocket,MANPADS,,Poland, 1.27 kilograms (2.8 lb), 1.27 kilograms (2.8 lb),,72 millimetres (2.8 in),infrared,
110,"520 kg (1,146 lb)",short-to-medium range air-to-ground missile,AS-30,"Two-tage olid propellant rocket motor, compoite booter, double-baed utainer","Mirage 2000D, Mirage 2000-5, F-16, Jaguar, Mirage F1, upgraded Super Etendard, Rafale",3.84 m (12 ft 7.57 in) for AS-30 3.65m (11 ft 11.7 in) for AS-30L,Radio MCLOS (original AS-30),,240 kg (529 lb) impact-fuzed SAPHE (Semi-Armor-Piercing High-Explosive),,340mm (13 in),semi-active laser homing (AS-30L),
152,7 tonnes,Self-propelled anti-aircraft weapon,CA-95,gaoline140 hp (104 kW),,"5,75 m",Romania,Power/20 hp/tonne,,,,,
15,"510 kilograms (1,120 lb)","Long range, hypersonic air-to-air BVR missile",R-37 (missile),,,4.06 metres (13 ft 4 in),Russia, 60 kg (135 lb), 60 kg (135 lb),1980s,38 centimetres (15 in),"Inertial with mid-course update, semi-active and active radar homing",Boost-Sustain Solid Rocket
364,"49,600 kg[2]",Intercontinental Ballistic Missile,RS-24 Yars,,"Silo, road-mobile TEL MZKT-79221[6]","22,500 mm",Russia,,"At least 3-6 MIRVs with 300—500 kiloton warheads,or 6-10 150 kiloton warheads[3]",,"2,000 mm",Inertial with Glonass[6],
372,"47,200 kg (104,000 lb)",Intercontinental ballistic missile,RT-2PM2 Topol-M,,"Silo, road-mobile TEL",22.7 m (74 ft),Russia,,1 x 1.0 Mt [1],,1.93 m (6 ft 4 in),Inertial with GLONASS[3],
392,,Mobile long-range surface-to-air/anti-ballistic missile system,S-400 missile system,YaMZ-8424.10 dieel V12400 hp (300 kW),,,Russia,,,,,Guidance,
442,"Varies on variant, from 1,300 kg-1,780 kg-2,300 kg",Cruise missileAnti-ship missile Anti-submarine missileSubmarine-launched cruise missileAir-launched cruise missile Land-attack missileSurface-to-surface missile,Kalibr (missile family),"Multi-tage olid-fuel rocket, turbojet engine for 3M-54/E/TE/E1/TE1, -14/E/TE, olid fuel rocket for 91RE1/RTE2","naval ships, submarines, containers, airplanes, TEL","Varies on variant, from 6.2 m to 8.9 m",Russia,,400–500 kg HE or thermonuclear[2][3][4],,0.533 m,"Inertial guidance plus terminal active radar homing, by satellites[citation needed], DSMAC",
680,27 kg (29 kg with launch tube) / 63.7 kg (weight with tripod/firing unit)[2],Anti-tank missile,9M133 Korne,,160 mm Launcher body / 152 mm Missile Calibre / 460 mm wingspan,,Russia, 4.6 kg (10 lb) HEAT[4],Thermobaric,1988–1998,,laser beam riding,Solid-fuel rocket
694,"525 kg (1,157 lb) (another 25 kg for accessory for aircraft deployment)",Lightweight torpedo,APR-3E torpedo,Rocket-powered turbo-waterjet,,3.685 m (12.09 ft),Russia, 74 kg (163 lb), 74 kg (163 lb),,350 mm (14 in),Acoustic homing,Solid fuel
470,,Anti-ship missileHypersonic cruise missileSubmarine-launched cruise missileLand-attack missile,3M22 Zircon,Scramjet,"Submarine, Surface ship,Land-based (in development)[13]",9 m (30 ft),Russia, 300–400 kg (660–880 lb)[4][5], 300–400 kg (660–880 lb)[4][5],,60 cm (24 in),,"Liquid - ""Decilin-M"" (Russian: Децилин-М)[6]"
892,"6,380 kg (6.4 ton)"," numbers(1947–1955)
",Kh-80,"liquid RD-0242, KR-23 KR-93 olid booter or ramjet ПВРД НПВО Пламя ОКБ-670 М.Бондарюк","Fixed-wing jet fighter , coastal TEL vehicle, ship, submarine",12.8 m 3M25A (12.5 m 3M25),Russia," ± ~ 1,000 kg (1 ton)"," ± ~ 1,000 kg (1 ton)",,0.9 m,"INS, TERCOM, Active radar homing with mid-course datalink","solid booster, liquid"
893,15 metric tons[1],Supersonic Air-launched Hypersonic weapon,Kh-90,booter + Ramjet  Raduga TMKB Soyuz (or Scramjet ?) TAGI,"Aircraft, can be loaded on ship ground TEL, maybe submarine",11 m [2][3],Russia," 200 kg to < 1.6 ton HE , 200 kg < 1.82 ton TNW"," 200 kg to < 1.6 ton HE , 200 kg < 1.82 ton TNW",,0.8 - 0.9m,"inertial, TERCOM , GLONASS , Radar , IR IIR , TV camera , Opto-Electronic , CCD","solid propellant booster, liquid ramjet (or scramjet), kerosene"
894,"520 kg (1,150 lb)",ASM,Kh-38,,"Kh-38: Su-34, Su-57, Ka-52KKh-36: Su-57, MiG-35",4.2 m (13 ft 9 in)[3],Russia, up to 250 kg (551 lb)[3], up to 250 kg (551 lb)[3],2007 (Kh-38ME) - 2015 (Kh-36),0.31 m (12.2 in)[3],"Laser, active radar, IR, satellite, depending on variant",
897,"110 kg (missile + container, 170 mm booster stage)[2]  130 kg (missile + container, 210 mm booster stage)[2]",Air-to-surfaceSurface-to-surfaceLand-attackAnti-tank guided missileSurface-to-air,Hermes (missile),Solid-fuel rocket,"Rotary and fixed-wing platforms, ships, and ground vehicles",3500 mm (container)[2],Russia,,,,"booster stage, 170/210 mm;[2]  sustainer stage, 130 mm[2]","target area: radio-command guidance, terminal path: semi-active laser guidance",
899,105 kg (231 lb),,LMUR,Solid rocket motor,Mil Mi-8MNP-2Mil Mi-28NMKamov Ka-52M,1.945 m (6.38 ft)[1],Russia,,,2011,200 mm (7.9 in)[1],,
901,"4,300 kg (9,500 lb)",Air-launched ballistic missile,Kh-47M2 Kinzhal,Solid-propellant rocket motor,MiG-31BM/KTu-22M3MSu-34 (reportedly)Su‐57 (planned),7.2 m (23 ft 7 in) (estimated),Russia,,Low yield nuclear warheadbetween 5 and 50 ktorConventional HE,,"1,200 mm (47 in) (estimated)","INS, mid-course update",
904,"Missile in launch tube: 13.8 kg   Launcher: 10.2 kg (Metis-M),[4] 9.5 kg (Metis-M1)[5]  Thermal sight: 6.5 kg(Metis-M1)[5]",Anti-tank guided missile,9K115-2 Metis-M,Solid-fuel rocket,"MassMissile in launch tube: 13.8 kg   Launcher: 10.2 kg (Metis-M),[4] 9.5 kg (Metis-M1)[5]  Thermal sight: 6.5 kg(Metis-M1)[5]",980 mm,Russia,,"HEAT tandem warhead, Armor penetration behind ERA:800 mm (Metis-M)[6]900-980 mm (Metis-M1)[5][6][7]thermobaric anti-personnel/anti-material warhead is also available",,130 mm,SACLOS wire-guided missile,
905,46 kg (101 lb) (54 kg (119 lb) with launch tube),Anti-tank guided missile,9M123 Khrizantema,,"9P157-2 tank destroyer (based on BMP-3 chassis), Mil Mi-28","2,057 mm (6.749 ft)",Russia, 8 kg (18 lb) (9M123)6 kg (13 lb) (9M123F), 8 kg (18 lb) (9M123)6 kg (13 lb) (9M123F),1996; 28 years ago (1996),150 mm (5.9 in),"ACLOS radar beam riding, SACLOS laser beam riding",Solid-fuel rocket
907,94 kg (207 lb) w/ sealed container  76 kg (168 lb) launch weight[citation needed],": Detection, automatic acquisition and tracking of air and ground targets",Pantsir missile system,,,"3,160 mm (10.37 ft)",Russia, 20 kg (44 lb) containing 5 kg (11 lb) of explosive, 20 kg (44 lb) containing 5 kg (11 lb) of explosive,1994,90 mm (3.5 in) booster  76 mm (3.0 in) sustainer[citation needed],radio/optical command guidance,Solid-fuel rocket
908,,Surface-to-air missile,S-300VM missile system,,,,Russia,,,2000s,,,
909,17.25 kg (38.0 lb),Man-portable air-defense systems (MANPADS),9K333 Verba,Solid fuel rocket motor,,,Russia,,1.5 kg (3.3 lb),,72 mm,"Three-channel optical seeker (ultraviolet, near-infrared, mid-infrared)",
910,,Surface-to-air missile,42S6 Morfey,olid propellant rocket,,,Russia,,HE,2007,,,Solid-fuel rocket
911,,medium-range SAM system,S-350 missile system,,,,Russia,," 
",,,,
920,"3,800 kg (8,400 lb)[4]"," numbers(1947–1955)
",9K720 Iskander,,Mobile TEL,7.3 m (24 ft),Russia,,"480–700 kg (1,060–1,540 lb) thermonuclear weapon, high-explosive fragmentation, submunition, penetration, fuel–air explosive, EMP[5][6]",From 1988,0.92 m (3 ft 0 in),"Inertial guidance, optical DSMAC (Iskander-M), TERCOM (Iskander-K), use of GPS / GLONASS in addition to the inertial guidance system[10]  Inertial, use of GPS / GLONASS and optical DSMAC terminal homing",
921,208.1 tonnes[1],Superheavy Intercontinental ballistic missile,RS-28 Sarma,,Silo,35.5 m[2],Russia,,"Thermonuclear, 10 MIRV, 16 combined with  HGV, or 24 HGVs",,3 m[2],"Inertial guidance, GLONASS, Astro-inertial",Liquid
922,"36,000 kilograms (80,000 lb)",Intercontinental ballistic missile,RS-26 Rubezh,,Road-mobile TEL,,Russia,,4x   each 150/300 Kt MIRV,,,Inertial with GLONASS,"solid, third or fourth stage (warhead block) can be liquid"
923,45–50 ton per missile,Intercontinental ballistic missile,BZhRK Barguzin,,Railway train TEL,20–30 m,Russia,,"≤ 10 to 16, var. TNW (MIRV MaRV HGV other, 6x ≤ 15x yield ≤ 960 kt to 100 kt, 1 - 4 to 8 yield 200 kt to ≤ 1 - 3 Mt each or single RV ≤ 5 - 16 Mt)",,,"Inertial with GLONASS, astrocelestial","Solid, third or fourth stage – warhead block can be liquid like other ICBM SLBM active or project test other"
924,"~2 tonnes (4,400 lb)[3]",Hypersonic glide vehicle,Avangard (hypersonic glide vehicle),,"ICBM Topol M, YARS, R-36 M2, RS-28 and Bulava",5.4 m[4],Russia,,,,,,
925,,Nuclear-powered cruise missile,9M730 Burevestnik,,,,Russia,,Thermonuclear,,,,
931,40.3 tonnes,SLBM,R-29RMU Sineva,,,14.8 m,Russia,,4 MIRV with a yield of 500 kiloton each or 10 MIRV with 100 kiloton yield[1][2],,1.9 m,"Astroinertial, GLONASS",
932,40 tons,SLBM,R-29RMU2 Layner,,,15 m,Russia,,4 × 500kt or 12 × 100kt multiple thermonuclear warheads[1],,1.9 m,Astroinertial with GLONASS,
935,36.8 t (36.2 long tons; 40.6 short tons),SLBM,RSM-56 Bulava,,"Launch weight, tonnes"," of assembled missile without front section, m
",Russia,"Throw , kg",,,2 m (6 ft 7 in) (missile)2.1 m (6 ft 11 in) (launch container),"Inertial guidance, possibly with Astro-inertial guidance and/or GLONASS update",Solid propellant and liquid fuel
937,"2,600 kg (5,730 lb.) ship, submarine and coastal variants; 1,600 kg. (3,527 lb.) air-launched variant[2]",Cruise missileAir-launched cruise missileAnti-ship missileSubmarine-launched cruise missile Land-attack missileSurface-to-surface missile,3M-51 Alfa,,Standard transport launching container (TLC) for all non-air launched variants[1],8.0 m[2],Russia,,300 kg (661 lb)[2],1993-[1],,Active Radar[2],"Liquid, solid"
938,Up to 100 metric tons,"Nuclear-powered, nuclear-armed UUV",Status-6 Oceanic Multipurpose System,Liquid metal reactorAt leat 15 MW,Submarine,Up to 20 m (65.6 ft),Russia,,,2015,Up to 2 m,"GLONASS satellite guidance, also AI guidance",
939,,Mobile anti-ship and surface to surface missile system,K-300P Bastion-P,,,,Russia,,,,,,
990,31 kg (with launch tube),Anti-tank missile,9M133M Kornet-M,,"Kornet-D, T-15 Armata, Raptor-class patrol boat","1,210 mm",Russia, Thermobaric: 7–10 kg equivalent of TNT[1], Thermobaric: 7–10 kg equivalent of TNT[1],2011,,,
991,,Anti-tank missile carrier,Kornet-D,GAZ-562 or Cummin В180 or Cummin В215197–215 hp,,4.61 meters,Russia,,,,,,
881,"748 kg (1,650 lb) (KS–172)[1]",Long range air-to-air missile,Novator KS-172,,"Su-27, Su-30, Su-35,[3] Su-30MKI,[1] (purposed)",6.01 m (19.7 ft) + 1.4 m (4.6 ft) (KS–172)[1],Russia/India, 50 kg (110 lb), 50 kg (110 lb),,40 cm (16 in) (KS–172)[1],Mid-course: Inertial navigation with mid-course guidanceTerminal: Active radar homing (KS–172)[1],Solid fuel
912,,Surface to air missile,9M337 Sosna-R,,Sosna vehiclePtitselov vehiclePalma CIWSPalash CIWS,,Russian Federation,,1× Fragmented-rod warhead1× AP-Frag warhead,2017,,Laser guidanceRadio guidance,
914,,Ship-based CIWS/Missile launcher,Pantsir-M,,Ship,,Russian Federation,,,,,,
1109,"1,300 pounds (590 kg)",Target drone,MA-31,"Solid fuel rocket in initial tage, ramjet for ret of trajectory",QF-4 Phantom II,15 ft (4.7 m),RussiaUnited States,,,,14.2 inches (360 mm),,
293,49.8 kg (110 lb)[2],Air-to-surface,Mokopa,Solid-fuel rocket,"Fixed wing aircraft, helicopter, ground vehicles, boats, ships",1.995 m (6.55 ft),South Africa,,Tandem-charge high-explosive anti-tank (HEAT) able to penetrate > 1550 mm RHA;Blast Fragmentation,,17.8 cm (7.0 in),Semi-active laser homingmillimetre wave radar seeker,
228,28.5 kilograms (63 lb),Anti-tank guided missile,ZT3 Ingwe,,,"1,750 millimetres (69 in)",South Africa,,"Tandem-charge HEAT warhead, multi-purpose penetrator (MPP) warhead",1980s,127 millimetres (5.0 in),Laser beam riding,
460,130 kg (290 lb)[1],Short to medium range surface-to-air missile,Umkhonto (missile),,"Naval Vertical launch system, Ground-based Launcher System",3.32 m (10.9 ft)[1],South Africa,,23 kg (51 lb)[1],,180 mm (7.1 in)[1],"All-aspect infra-red, command update fire and forget",
28,89 kilograms (196 lb),Air-to-air missile,A-Darter,Solid fuel rocket,Combat aircraft,2.98 metres (117 in),South Africa & Brazil,,,,0.166 metres (6.5 in),dual-colour Infra-red homing,
226,,,Hyunmoo,Booter:,mobile launchers,,South Korea,," conventional
",,,command guidance,solid fuel
820,," 63
",Hwasong-10,Liquid-propellant rocket  (ame or derived from R-27 R-29),MAZ-based vehicle,12m,"South Korea, US and Japan eventually confirmed that the missile reached an apogee of about 1,000 km and landed in Sea of Japan (East Sea of Korea) at about 400 km away from the launch site. South Korea originally skeptical of the test as success because the missile did not reach a minimum of 500 km to be considered as an IRBM."," 650–1,250 kg (est.)[2][3]"," 650–1,250 kg (est.)[2][3]",,1.5m,Inertial guidance,"Hypergolic combination of unsymmetrical dimethylhydrazine (UDMH) as fuel, and nitrogen tetroxide (NTO) as oxidizer[4]"
3,82.7 kg (182 lb),Short-range air-to-air missile,K-5 (missile),Rocket,"MiG-17, MiG-19, MiG-21, Su-9",2.49 m (8 ft 2 in),Soviet Union, 13 kg (29 lb), 13 kg (29 lb),,200 mm (7.9 in),beam riding,
4,90 kg (200 lb) (R-13M),Short-range infrared homing air-to-air missile,K-13 (missile),,,2.830 m (9 ft 3.4 in) (R-13M)3.48 m (11 ft 5 in) (R-3R),Soviet Union,,7.4 kg (16 lb),,127 mm (5.0 in),infrared homing,
5,292 kg (644 lb),Medium-range air-to-air missile,K-8 (missile),,"Su-11, Su-15, Yak-28P",4.3 m (14 ft),Soviet Union, 40 kg (88 lb), 40 kg (88 lb),,280 mm (11 in),Semi-active radar homing (R-98MR)Infrared homing (R-98MT),
6,245 kg (540 lb),short-range air-to-air missile,K-9 (missile),two-tage olid-fuel rocket engine,Mikoyan-Gurevich Ye-152A,4.5 m (14 ft 9 in),Soviet Union,,27 kg (60 lb),,250 mm (9.8 in),SARH,
7,"492.5 kg (1,086 lb)",Heavy air-to-air missile,R-4 (missile),,Tu-128,5.44 m (17 ft 10 in),Soviet Union, 53 kg (117 lb), 53 kg (117 lb),,310 mm (12 in),Semi-active radar homing (R-4R)Infrared homing (R-4T),
8,"475 kg (1,047 lb)",Long-range air-to-air missile,R-40 (missile),,"MiG-25, MiG-31",6.29 m (20 ft 8 in)(radar guided) - 5.91 m (19 ft 5 in) (IR guided)[1],Soviet Union, 38–100 kg (84–220 lb), 38–100 kg (84–220 lb),1959,0.31 m (12 in),Inverse monopulse Semi-active radar homing (R-40RD)Infrared homing (R-40TD),
9,222 kg (489 lb),Medium air-to-air missile,R-23 (missile),,MiG-23,4.50 m (14 ft 9 in),Soviet Union, 25 kg (55 lb), 25 kg (55 lb),,223 mm (8.8 in),semi-active radar homing (R-23R/R-24R)infrared homing (R-23T/R-24T),1.04 m (3 ft 5 in)
10,44 kg (97 lb),Short-range lightweight infrared homing air-to-air missile,R-60 (missile),,"MiG-21, MiG-23, MiG-25, MiG-27, MiG-29, MiG-31, Su-15, Su-17, Su-20, Su-22, Su-24, Su-25, Yak-28, Yak-38, Yak-141, Mi-24, BAE Systems Hawk, L39ZA, J-22 Orao","2,090 mm (6 ft 10 in)",Soviet Union,TypeShort-range light infrared homing air-to-air missile,3 kg (6.6 lb),,120 mm (4.7 in),Infrared homing[1],
12,253 kg (558 lb),"Medium-range, air-to-air BVR missile; anti-radiation missile",R-27 (air-to-air missile),,"Su-27, Su-30, Su-33, Su-34, Su-35, Su-37, F-14 (done by Iran), MiG-23, MiG-29, Yak-141, local conversion as a surface-to-air missile in Yemen[8]",4.08 m (13.4 ft),Soviet Union, 39 kg (86 lb), 39 kg (86 lb),,230 mm (9.1 in),"semi-active radar homing (R-27R/ER), active-radar-homing (R-27EA), infrared homing (R-27T/ET), passive radiation homing (R-27P/EP)",
13,105 kilograms (231 lb),Short-range air-to-air missile,R-73 (missile),,,2.93 metres (9 ft 7 in),Soviet Union,,7.4 kilograms (16 lb),,165 millimetres (6.5 in),All-aspect infrared homing,
23,"32,700 kg"," numbers(1947–1955)
",ABM-1 Galosh,olid fuel rocket motor (3)w/ RD-O15T ramjetFirt tage: 4 x olid rocket booter RDTT 5S47[1]Second tage: 5D22 liquid rocket[2],A-35 Aldan[3],"19,800 mm",Soviet Union,,2–3 MegatonA-350 thermonuclear weapon,,"2,570 mm",Radar Command guidance,
27,"10,000  kg (22,000 lbs)"," numbers(1947–1955)
",53T6,2-tage olid fuel,silo[8][9],12 m,Soviet Union,,nuclear 10 kt,1978[1],1.8 m[2][3][4],,
172,"4,400 kg (9,700 lb) Scud A  5,900 kg (13,000 lb) Scud B  6,400 kg (14,100 lb) Scud C  6,500 kg (14,300 lb) Scud D"," numbers(1947–1955)
",Scud missile,,Launch weight,,Soviet Union,Launch,"Conventional high-explosive, Fragmentation, Chemical VX warhead",From 1950,0.88 m (2 ft 11 in),"Inertial guidance, Scud-D adds DSMAC terminal guidance",
303,"4,360 kg (9,610 lb)",Theatre ballistic missileShort-range ballistic missile,OTR-23 Oka,,Mobile TEL,7.53 m (24.7 ft),Soviet Union,,"Nuclear 50-100 kt, HE fragmentation, submunition, or chemical",From 1973,0.89 m (2 ft 11 in),Inertial with terminal topographic DSMAC active radar,
189,2.5 t (390 st)[1],Artillery rocket,9K52 Luna-M,,8 x 8 ZIL-135 missile launcher,"8,950–9,400 mm (352–370 in)[1]",Soviet Union, 420 - 457kg[1], 420 - 457kg[1],,544 mm (21.4 in)[1],,
214,"2,300 kg (5,100 lb)",Strategic SAM system,S-75 Dvina,,"Single rail, ground mounted (not mobile)","Firing range 6–56 km / 6–60 km / 6–66 km; Firing altitude 100–30,000 m / 100–35,000 m; Weight 2,406 kg;  10,806 mm; Warhead weight 197–201 kg",Soviet Union,"Firing range 6–56 km / 6–60 km / 6–66 km; Firing altitude 100–30,000 m / 100–35,000 m; Weight 2,406 kg; Length 10,806 mm;  197–201 kg","Firing range 6–56 km / 6–60 km / 6–66 km; Firing altitude 100–30,000 m / 100–35,000 m; Weight 2,406 kg; Length 10,806 mm;   197–201 kg",1953–1957,"Firing range 7–29 km; Firing altitude 3,000–25,000 m; Weight 2,163 kg; Length 10,726 mm; Warhead weight 190 kg;  500 mm / 654 mm",Radio control command guidance,Solid-fuel booster and a storable liquid-fuel upper stage
218," of a rocket, kg
",Long-range surface-to-air and anti-ballistic missile system,S-300 missile system,,,,Soviet Union,", kg"," , kg
",1967–2005[1],,Guidance,
219,"690 kg, (1500 lb), 715 kg (1589 lb)",Surface-to-air missile,Buk missile system,,§ System composition,"5,550 mm (18' 3"")",Soviet Union,Missile, 70 kg (150 lb),1972,"400 mm (15 3/4""); wingspan 860 mm (2' 10"")",Semi-active radar homing,Solid propellant rocket
151,"9.8 kg (21.6 lb) (Strela-2M missile)[2]  15 kg (33.1 lb) (system, ready to fire)[2]",,9K32 Strela-2,,,1.44 m (4 ft 9 in)[2],Soviet Union," 1.15 kg directed-energy blast fragmentation warhead (Strela-2M),[2] 370 g HE content"," 1.15 kg directed-energy blast fragmentation warhead (Strela-2M),[2] 370 g HE content",c. 1964,72 mm (2.8 in)[2],"Infra-red passive homing (AM-modulated reticle seeker head with uncooled PbS detector element), proportional navigation logic",
317,"51,900 kg (114,400 lb)",Intermediate-range ballistic missile,RSD-10 Pioneer,,Road-mobile TEL,21.5 m (71 ft),Soviet Union,,1 x 1.65 Mt or 3 x 550 kt,,2.18 m (7 ft 2 in),Inertial,
329,280 metric tons (280 long tons; 310 short tons),Ballistic missile,R-7 Semyorka,,Launches,,Soviet Union,,"A single KB-11-derived, 5,300–5,500 kg (11,700–12,100 lb), 7.27 m (23.9 ft) diameter, 3 to 5 Mt, thermonuclear warhead",From 1953,10.3 m (34 ft),,LOX/T-1
335,16.5 t (16.2 long tons; 18.2 short tons)[1],submarine-launched ballistic missile,R-21 (missile),,"Golf II-class, Hotel II-class submarines",13.0 m (42 ft 8 in)[1],Soviet Union,,single nuclear,,1.2 m (47 in)[1],inertial[1],
339,"84 tonnes (185,000 lb)"," numbers(1947–1955)
",R-39 Rif,,,16.1 metres (53 ft)[1] (8.4 metres (28 ft) without warhead),Soviet Union,,10[1],,2.4 metres (7.9 ft)[1],Astro-inertial guidance[2],
370,"45,100 kg (99,400 lb)",Intercontinental ballistic missile,RT-2,,RT-2 Test Launches,21.5 m (71 ft),Soviet Union,,,,1.7 m (5 ft 7 in),autonomous inertial guidance,
371,"50,100 kg (110,500 lb)"," numbers(1947–1955)
",RT-2PM Topol,,Road-mobile TEL,23.5 m (77 ft),Soviet Union,,1 x 800 kt or 1 x 1 Mt,,2.17 m (7 ft 1 in),"Inertial, autonomous",
382,"2,453 kg (5,408 lb)",Surface-to-air missile,2K11 Krug,V59 V-12 water-cooled dieel520 hp,,"8,784 mm (28 ft 10 in)",Soviet Union, 150 kg (330 lb), 150 kg (330 lb),1957,860 mm (2 ft 10 in),Radio command,kerosene fuelled ramjet
383,"7,100 kg (15,700 lb)",Surface-to-air missile,S-200 missile system,,,"10,800 mm (35.4 ft)",Soviet Union, 217 kg (478 lb), 217 kg (478 lb),1964,,semi-active radar homing seeker head,dual-thrust liquid-fueled rocket motor
385,170 kg,Surface-to-air missile,9K33 Osa,D20K300 dieel,9P35M2,3158 mm,Soviet Union, 16 kg[7], 16 kg[7],1960–1972,209.6 mm,RF CLOS,Solid propellant rocket motor
386,32 kg,Surface-to-air missile,9K31 Strela-1,"GAZ 41 V-8 water-cooled petrol140 hp at 3,400 rpm",,1803 mm,Soviet Union, 2.6 kg, 2.6 kg,,120 mm,photocontrast Lead(II) sulfide infrared homing seeker.[4] (sometimes reported also as IR seeker of 1–3 μm and/or 1–5 μm wavelength);,single-stage Solid-fuel rocket motor
387,41 kg,Surface-to-air missile,9K35 Strela-10,YaMZ-238 V dieel240 hp,,2190 mm,Soviet Union," [kg]
", 5 kg,1969–1976,120 mm,dual-mode passive 'photocontrast'/IR seeker,single-stage solid propellant rocket motor
388,", full system, ready to shoot",Man-portable air-defense systems (MANPADS),9K34 Strela-3,,,,Soviet Union,Missile : 10.3 kilograms (23 lb),,,,,
389,167 kilograms (368 lb),Surface-to-air missile,Tor missile system,V-12 dieel618 kilowatt (829 hp),9A331 combat vehicle,"2,900 millimetres (110 in)",Soviet Union, 15 kilograms (33 lb), 15 kilograms (33 lb),1975,235 millimetres (9.3 in),Radio command,Solid-fuel rocket
390,Missile weight: 10.8 kg (24 lb)  Full system: 17.9 kg (39 lb),Man-portable air-defense systems (MANPADS),9K38 Igla,Solid fuel rocket motor,,1.574 m (5.16 ft),Soviet Union,MassMissile : 10.8 kg (24 lb)  Full system: 17.9 kg (39 lb)," type
",,72 mm,Dual waveband infra-red (S-version)[4],
393,"1,844 kg (4,065 lb)",Naval Medium Range SAM system,M-11 Shtorm,,"Twin rail, Naval Mount with below deck magazine.",610 cm (240 in),Soviet Union, 80 kg (180 lb), 80 kg (180 lb),1959–1966,,,
403,"135,710 kg (299,190 lb)",Intercontinental ballistic missile,UR-200,,Launches,,Soviet Union,,Nuclear warhead,1962,3 m (9.8 ft),Inertial,N2O4 / UDMH
421,"2,700 kg (6,000 lb)",Supercavitating torpedo,VA-111 Shkval,Solid-fuel rocket,533 mm (21 in) torpedo tubes,"8,200 mm (26 ft 11 in)",Soviet Union, 210 kg (460 lb), 210 kg (460 lb),1960s–70s,533 mm (21 in),GOLIS autonomous inertial guidance,Solid-fuel
434,"2,000 kg (4,400 lb) Scarab A  2,010 kg (4,430 lb) Scarab B"," numbers(1947–1955)
",OTR-21 Tochka,,BAZ-5921 [ru] Mobile TEL,"6,400 mm (250 in)",Soviet Union,,"Chemical, 100 kt nuclear warhead, EMP, or fragmentation filling",,650 mm (26 in),"Inertial guidance, Tochka-R added passive radar against radar installations",
437,"2,580 kg (5,690 lb)",Anti-ship missile,P-15 Termi,"Liquid-propellant rocket, olid-propellant rocket booter","naval ships, ground launch",5.8 m (19 ft),Soviet Union,,"454 kg (1,001 lb) hollow charge high explosive",,0.76 m (2 ft 6 in),"INS, active radar homing, supplemented in some with infrared homing",
438,"4,800 kg (10,600 lb)",Cruise missile  Surface-to-surface missileSubmarine-launched cruise missile,P-500 Bazal,turbojet,Echo II & Juliett-class submarinesKiev-class aircraft carrier & Slava-class cruiser,11.7 meters,Soviet Union," 1,000 kg (2,205 lb) (P-500)"," 1,000 kg (2,205 lb) (P-500)",1963-1974,0.88 meters,"Semi-active radar homing, terminal active radar homing",
439,,Warhead≥5 kt thermonuclear warhead or a  40 torpedo,RPK-2 Vyuga,,"Akula, Oscar, Typhoon, Alfa, Delta, Kilo, Borei",,Soviet Union, 2445 kg, 2445 kg,1960s,,Inertial guidance,solid fuel rocket
440,,Submarine-launched ballistic missile,R-31 (missile),,,,Soviet Union,,,,,,
612,"4,500 kg (9,900 lb)",Anti-ship missile,P-270 Moski,Four ramjet (olid fuel rocket on air-to-urface verion),"naval ships, fixed-wing aircraft, coastal and road mobile transporter erector launcher",9.745 m (31 ft 11.7 in),Soviet Union,,300 kg (660 lb) overall 150 kg (330 lb) explosive or 120 kt TNT fission-fusion thermonuclear weapon[citation needed],,0.8 m (31 in),inertial guidance plus terminal active radar homing,
621,10.9 kg (9M14M) 11.4 kg (9M14P1) 12.5 kg (Malyutka-2) ~12 kg (Malyutka-2F) 30.5 kg (Launcher and guidance)[4][5],Anti-tank missile,9M14 Malyutka,,Mass10.9 kg (9M14M) 11.4 kg (9M14P1) 12.5 kg (Malyutka-2) ~12 kg (Malyutka-2F) 30.5 kg (Launcher and guidance)[4][5],"860 mm 1,005 mm combat ready (Malyutka-2)",Soviet Union," 2.6 kg (9M14M, 9M14P1) 3.5 kg (Malyutka-2, Malyutka-2F)"," 2.6 kg (9M14M, 9M14P1) 3.5 kg (Malyutka-2, Malyutka-2F)",1961–1962,125 mm,"MCLOS, SACLOS (Later variants)",
626,"Kh-29L :660 kg (1,460 lb) [3]Kh-29T :685 kg (1,510 lb) [3]Kh-29TE :690 kg (1,520 lb) [3]",air-to-surface missile,Kh-29,,"Kh-29L&T: MiG-27K,[3] MiG-29,[3]Su-22[3],Su-27UB,[3] Su-30MK,[3] Su-39[3],",Kh-29L/T :390 cm (12 ft 10 in)[3]Kh-29TE :387.5 cm (12 ft 9 in)[3],Soviet Union, 320 kg (705 lb)[1], 320 kg (705 lb)[1],1975,38.0 cm (15.0 in) [3],Kh-29L: semi-active laser guidanceKh-29T/TE : passive homing TV guidanceKh-29D : infrared homing guidance (IIR)[6][7]Kh-29MP : active radar homing[8],
629,"Kh-31A :610 kg (1,340 lb)[2]Kh-31P :600 kg (1,320 lb)[2]",Medium-range air-to-surface missile,Kh-31,"Solid fuel rocket in initial tage, ramjet for ret of trajectory","Both : Su-27SM, Su-30MKI, Su-25, Su-34, Su-35, MiG-29M, HAL Tejas, MiG-29K, Su-24M[6]  Kh-31A only : Su-33",Mod 1 : 4.700 m (15 ft 5.0 in)[3]Mod 2 (AD/PD) : 5.3 m (17 ft 5 in)[4],Soviet Union, Kh-31A :94 kg (207 lb)[2]Kh-31P :87 kg (192 lb) [2], Kh-31A :94 kg (207 lb)[2]Kh-31P :87 kg (192 lb) [2],,360 mm (14 in)[2],Kh-31A: inertial guidance with active radar homing[2]Kh-31P: inertial with passive radar,Kerosene
782,"1,650 kg (3,640 lb) (Kh-65SE)[3]2,400 kg (5,300 lb) (Kh-101)[4]",Air-launched cruise missile,Kh-55,,"Tu-95MS, Tu-160, Su-34[6]",604 cm (19 ft 10 in) (Kh-65SE)[3]745 cm (24 ft 5 in) (Kh-101)[4],Soviet Union,,Thermonuclear weapon or Conventional warhead,1971–1981,51.4 cm (20.2 in) (Kh-55/Kh-55SM),"inertial guidance with Doppler radar/terrain map updates; Kh-SD had a TC/IIR terminal guidance system, and an alternative active radar homing seeker was proposed",jet fuel
675,"7,700 lb (3,500 kg)",Anti-shipping missile,P-70 Ametis,,Charlie-I & Papa class SSGNs,23 ft (7 m),Soviet Union," 1,170 lb (530 kg)"," 1,170 lb (530 kg)",,,"Inertial guidance, terminal active radar homing",Solid fuel
676,"520 kg (1,150 lb)[2] (air version)610 kg (1,340 lb)[2] (surface & heli version)",Air-to-surfaceSurface-to-surface missileCruise missileAnti-ship missile,Kh-35,R95TP-300 Turbofan[3][4]360 kgf,"Tupolev Tu-142, Su-24, MiG-29M/K, Sukhoi Su-35, Su-27SM, Su-30MKI//Su-30SM, Su-34, HAL Tejas, Ka-27, Ka-28,[2][7] Ka-52, Su-57,[citation needed] also ships and boats, coastal, ALCM, TEL variants.",,Soviet Union, 145 kg (320 lb)[2],,1983-2003,,Guidance,kerosene
678,14.6 kg (32 lb) (Missile weight) 22.5 kg (50 lbs) (9P135 launching post)[4],Anti-tank missile,9M113 Konkurs,Solid-fuel rocket,"Individual, vehicle","1,150 mm (45 in)875 mm (34.4 in) without gas generator",Soviet Union,Mass14.6 kg (32 lb) (Missile ) 22.5 kg (50 lbs) (9P135 launching post)[4],2.7 kg (6.0 lb) 9N131 HEAT,1970,135 mm (5.3 in),Wire-guided SACLOS,
679,12.5 kg (28 lb) (missile weight)22.5 kg (50 lb) (9P135 launching post)[6],Anti-tank weapon,9K111 Fago,,Launch tube weight,"1,100 mm (3 ft 7 in)",Soviet Union,Launch tube,,1962,120 mm (4.7 in),SACLOS wire-guided missile,
682,,ATGM-vehicle,9K114 Shturm,,,,Soviet Union,,,,,,
691,27 kilograms (60 lb),Anti-tank missile,9M17 Fleyta,Solid fuel rocket,"Mi-4, Mi-8, Mi-24, Mi-25, BRDM-1, BRDM-2","1,160 mm (46 in)",Soviet Union, 5.4 kg (12 lb), 5.4 kg (12 lb),,148 mm (5.8 in),Radio command,
692,49.5 kg (109 lb),Anti-tank guided missile,9M120 Ataka,,Launch weight,,Soviet Union,Launch,,1980,,Radio command link SACLOS,
693,45 kg,Air-launched anti-tank missile,9K121 Vikhr,Solid-fuel rocket,Helicopters,2.80 m,Soviet Union,,"8–12 kg tandem HEAT charge, armor penetration behind ERA, 1,000 mm[3]",,130 mm,Laser beam riding,Solid fuel
702,Kh-25ML :299 kg (659 lb)[1]Kh-25MP :315 kg (694 lb)[2],tactical air-to-surface missile,Kh-25,,"MiG-21,[4] MiG-23/27,[4] MiG-29,[4] Ka-52, Su-17/20/22,[4] Su-24,[4] Su-25,[4] Su-27,[4] Yakovlev Yak-130 Kh-25MP : MiG-23/27,[5] Su-17/22,[5] Su-24,[5] Su-25[5] Ka-50[4]",Kh-25ML :370.5 cm (12 ft 2 in)[1]Kh-25MP 1VP :425.5 cm (167.5 in)[2]Kh-25MP 2VP :435.5 cm (171.5 in)[2],Soviet Union," Kh-25MP :89.6 kg (198 lb),[2] Kh-25MR :140 kg (309 lb)[3]"," Kh-25MP :89.6 kg (198 lb),[2] Kh-25MR :140 kg (309 lb)[3]",1971–75,27.5 cm (10.8 in)[1],"Laser guidance, passive radar, TV guidance, IIR, Satellite guidance, active radar homing depending on variant",
834,"720 kg (1,590 lb)[2]",air-launched anti-radiation missile,Kh-28,,"Su-17M/Su-20/Su-22M, Su-24M, Tu-16, MiG-25BM, MiG-27, Tu-22M[4]",597 cm (19 ft 7 in)[2],Soviet Union, 160 kg (353 lb)[2], 160 kg (353 lb)[2],,43 cm (16.9 in)[2],Inertial guidance with passive radar seeker[1],
837,,Strategic SAM system,S-25 Berku,,,,Soviet Union,,,1950,,,
840,5.5 kg (12 lb);6.3 kg (14 lb) (w/ container)  10.2 kg (launching post)[1],Anti-tank missile,9K115 Metis,,,740 mm (29 in),Soviet Union, 2.5 kg (5.5 lb), 2.5 kg (5.5 lb),,94 mm (4 in),Wire-guided SACLOS,
841,A921 :287 kg (633 lb)[3],ASM,Kh-23 Grom,,"Yak-38,MiG-21PFM, MiG-23, MiG-27,Su-17M3/20/22/22M3/M4,[3]",A921 :3.525 m (11 ft 7 in)[3],Soviet Union, 111 kg (245 lb)[3], 111 kg (245 lb)[3],,27.5 cm (10.8 in)[3],Kh-66 :Line-Of-Sight Beam ridingKh-23 :Radio command guidanceGrom-B :TV guidance,
846,8.7 t (9.6 short tons),Rocket artillery,BMD-20,92 hp (69 kW),,7.2 m (24 ft),Soviet Union,Power/10.6 hp/t,,1947–1951,,,
847,"13.71 tonnes (30,225 lb)"," 90A
",BM-21 Grad,V8 gaoline ZiL-375180 hp (130 kW),,,Soviet Union,," 
",1963,,,
884,"3,000 kg (6,614 lb)"," numbers(1947–1955)
",KS-1 Kome,RD-500K turbojet,Tupolev Tu-16 'Badger'  Tupolev Tu-4 (K variant only),8.29 m (27 ft 2 in),Soviet Union,,600 kg (1300 lb) High Explosive,,1.20 m (3 ft 11 in),"initial - inertial guidance, terminal -  active radar homing",
885,"4,533 kg (9,994 lb)",anti-ship missile,K-10S,"Lyulka AL-5 RD-9FK,[2] Mikulin M-9FK[1]",Tu-16K-10 Badger C,9.75 m (384 in),Soviet Union," 1,000 kg (2,200 lb)"," 1,000 kg (2,200 lb)",1955,1 m (39 in),inertial with terminal active radar homing,
886,"12,000 kg (26,000 lb) at launch",Nuclear cruise missile,Kh-20,"Lyulka AL-7FK turbojet67.1 kN (15,100 lbf)",Tu-95,14.95 m (49.0 ft),Soviet Union,,Thermonuclear warhead,,1.81 m (5 ft 11 in),Inertial guidance/radio command guidance,jet fuel
887,"5,820 kg (12,800 lb)",Anti-ship missile,Kh-22,R-201 liquid-fuel rocket,"Tu-22M, Тu-22К, Тu-95К22",11.65 m (38.2 ft),Soviet Union,,"1,000 kg (2,205 lb) RDX or 350–1,000 kt (1.5–4.2 PJ) thermonuclear weapon",,92 cm (36 in),Inertial guidance followed by terminal active radar homing,Tonka-250 and IRFNA
888,"4,077 kg",Cruise missile,KSR-2,"S2.721V two mode rocket motor1,200 kgp / 700 gbp",,8.647 m,Soviet Union, 1000 kg, 1000 kg,1958,1.0 m,Inertial guidance followed by terminal active radar homing,
891,"1,200 kg (2,650 lb)"," numbers(1947–1955)
",Kh-15,olid-fuel RDTT-160,"Tu-22M3, [1]",478 cm (15 ft 8 in),Soviet Union, 150 kg (331 lb), 150 kg (331 lb),1974–1980,45.5 cm (17.9 in),"inertial guidance, active radar homing, or anti-radiation missile",
895,,Air-to-surface missileAnti-ship missile,Kh-45,,,,Soviet Union,,,,,,
903,23.2 kg,Anti-tank missile,9K112 Kobra,"A 125 mm calibre 9K112 ""Kobra"" anti-tank round. From the collection of the Military Hitorical Mueum of Artillery, er & Signal Corp - St. Peterburg, Ruia.",,,Soviet Union, 4.5 kg, 4.5 kg,1970s,,SACLOS radio,
915,"33,000–45,000 kg (73,000–100,000 lb)"," numbers(1947–1955)
",A-135 anti-ballistic missile system,"2-tage, olid-fuel","silo, launcher(?)[2][3]",19.8 m[1],Soviet Union,,,1978,2.57 m[1][2],,
927,"3,180 kg (7,010 lb)",Anti-ship missile,P-120 Malakhi,,"Nanuchka and Sarancha, Charlie-II",8.84 m (29.0 ft),Soviet Union," total 840 kg (1,850 lb) HE 500 kg/1102 lb"," total 840 kg (1,850 lb) HE 500 kg/1102 lb",,76.2 cm (30.0 in),,"Turbojet, solid fuel"
928,"3,930 kg (8,660 lb)",Anti-submarine/ship missile,Metel Anti-Ship Comple,,"Kresta II, Kara, Krivak 1 & 2, Udaloy I, Kirov",7.2 m (24 ft) (85R missile),Soviet Union,,Various ASW torpedoes or nuclear depth charge.  Later multi purpose torpedoes and 185 kg shaped charge warhead against ships.,1960s,,Radio command via helicopter or other external guidance plus an IR seeker.,solid fuel rocket
929,"1,700 kg (3,750 lb)",surface/sub-launched nuclear cruise missile,RK-55,,"Akula, Sierra II, Victor III, Yankee Notch, and Yasen-class submarines, TEL",809 cm (26 ft 7 in),Soviet Union,,Conventional   Nuclear,1975,51 cm (20.1 in),Sprut inertial guidance plus TERCOM,
985,,Artillery rocket system,2K1 Mars,,,,Soviet Union,,,,,ballistic,
999,"5,323 kg (11,735 lb)",Multiple rocket launcher,BM-14,GAZ-51 70 HP6-cylinder petrol,,CaliberDiameter: 140 mm (5.5 in): 1 m (3 ft 3 in)Weight: 39.6 kg (87 lb),Soviet Union,,,1950,Caliber: 140 mm (5.5 in)Length: 1 m (3 ft 3 in)Weight: 39.6 kg (87 lb),,
1001,"20 tonnes (44,092 lbs)",Multiple rocket launcher,BM-27 Uragan,"Two engine, with eparate gearboxe and drive haft, that are longitudinally mounted, one on each ide of vehicle immediately behind cab",,,Soviet Union,,,1970s,,,
1003,"45.3 t (100,000 lb)",Multiple rocket launcher,TOS-1,V-84 Dieel840 hp (630 kW),,9.5 m (31 ft 2 in),Soviet Union,,,1988,,,
896,"3,000 kg (6,614 lb)",Cruise missileAir-launched cruise missileSubmarine-launched cruise missileAnti-ship missileSurface-to-surface missileLand-attack missile,P-800 Oniks,Ramjet4 ton of thrut,"coastal installations, naval ships, Fixed-wing aircraft",8.9 m (29.2 ft),Soviet Union / Russia,,"national ver. 300 kg semi-armour piercing HE, thermonuclear; for export 200 kg semi-armour piercing HE[4]",,0.7 m (2.3 ft),"midcourse inertial guidance, active radar homing-passive radar seeker head",jet fuel
988,"15,500 kg (34,200 lb) (Kashtan)[1]12,500 kg (27,600 lb) (Kashtan-M)[1]",Close-in weapon system,Kashtan CIWS,,,,"Soviet Union, Russia","Shell 0.39 kg (0.86 lb) (HEIF, FT)[6]0.30 kg (0.66 lb) (APDS-T)[6]",Continuous-rod w/ frag layer[1][2][4],Late 1970s–?,,,
384,600 kg,Surface-to-air missile training target imitator system,2K12 Kub,,2P25 TEL,"5,841 mm",Soviet Union/ Russia, 59 kg,no,1958–1967,335 mm,semi-active radar homing,integral rocket motor/ramjet booster and sustainer motor
306,"7,000 kg (15,400 lb)",Long-range anti-ship cruise missileSurface or submarine launched,P-700 Grani,turbojet and ramjet probable,Oscar-class submarinesKirov-class battlecruiser & Kuznetsov-class aircraft carrier,10 m (33 ft),Soviet Union/Russia," 750 kg (1,653 lb)"," 750 kg (1,653 lb)",1970s,0.85 m (33 in),"Inertial guidance, active radar homing with home-on-jam, and Legenda satellite targeting system (believed to be nonfunctional after the fall of the USSR)",
625,"930 kg (2,050 lb)[1]",Cruise missileAir-launched cruise missileAir-to-surface missileAnti-ship missileLand-attack missile,Kh-59,Kh-59: two-tage rocketKh-59ME: rocket then R95TP-300[3] turbojet/turbofan,"Kh-59ME: Su-30MK[1]Kh-59: Su-24M, MiG-27, Su-17M3/22M4, HAL Tejas, Su-30 MKI Su-25 and Su-30[5]Kh-59MK2: Su-57[6]",570 cm (220 in)[1],Soviet Union/Russia, 320 kg (705 lb)[2], 320 kg (705 lb)[2],,38.0 cm (15.0 in)[1],"Inertial guidance (then TV guidance), millimeter wave active radar homing (Kh-59MK, Kh-59MK2 land attack version)[4]",
890,"650 kg (1,430 lb)[4]","air-launched anti-radiation missile, surface-to-surface missile",Kh-58,,"Su-24M,[1] Mig-25BM,[1] Su-22M4,[4] Su-25TK,[4] Su-30MK[5]",480 cm (15 ft 9 in)[4],Soviet Union/Russia, 149 kg (328 lb)[4], 149 kg (328 lb)[4],1970s,38 cm (15.0 in)[4],Inertial with passive radar seeker[1],
926,"32,800 kg (72,300 lb)",SLBM,R-29 Vysota,,,13.2 m (43 ft),Soviet Union/Russia,,,,1.8m,astro-inertial,liquid[1]
622,,Anti-tank guided missile,9M117 Bastion,,,,Soviet UnionRussia,,,,,,
342,820–810 kg (with boosters),Surface to surface missileAir to surface missileAnti-ship missileLand-attack missile,RBS 15,turbojet,"naval ships, aircraft and land-based missile launchers",4.35 m,Sweden,,200 kg HE blast and pre-fragmented warhead.,,50 cm,"inertial, GPS, terminal active radar homing (J band)",
344,87 kg (stand + sight + missile),Short-range Air Defense (SHORAD)Man-portable air-defence system (MANPADS),RBS 70,Booter and utainer with mokele olid propellant,"tripod, weapon platform (ASRAD-R) and warship",1.32 m,Sweden,,"1.1 kg combined with 3,000 tungsten spheres and shaped charge",,106 mm,Laser beam riding missile,
1035,12.5 kg (28 lb)[15],Anti-tank guided missile,NLAW,,Man-portable launcher[4],102 cm (3 ft 4 in)[4],Sweden / United Kingdom[1][2][3][4], 1.8 kg (4.0 lb)[18], 1.8 kg (4.0 lb)[18],1999–2008[4][7],150 mm (5.9 in)[4],PLOS (Predicted Line Of Sight)[15],
365,"Missile: 400 kg, Carrier wagon without Missile: 4000 kg",Surface-to-air missile,RSA (missile),nitric acid and keroene,vehicle or trailer,,Switzerland,,40 kg warhead,1946 - 1958,40 cm,Beam-riding,
367,"missile: 400 kg, Carrier wagon: 4700 kg, Communication/steering wagon: 5500 kg",Surface-to-air missile,RSD 58,nitric acid / keroene mixture,vehicle or trailer,6 m (19 ft 8 in),Switzerland,,40 kg warhead,1958,400 mm (15.7 in),Beam-riding,
368,missile: 800 kg (empty 360 kg),Surface-to-air missile,RSE Kriens,Solid fuel rocket motor,vehicle or trailer,5.4 m (17 ft 9 in),Switzerland,,70 kg warhead,1959,42 cm (1 ft 5 in),Beam-riding,
29,15.8 tonnes,Self-propelled anti-aircraft and anti-tank missile system,Air defense anti-tank system,6-cylinder two-troke dieel General Motor/Detroit Dieel 6V53212 hp (158 kW),,4.86 m,Switzerland / United States,Power/13 hp/tonne,,,,,
295,14.1 kg,Anti-tank missile,Mosquito (missile),,,1110 mm,SwitzerlandWest Germany, 4 kg, 4 kg,1959-1964,,MCLOS,
157,10 kg (Cobra) 10.3 kg (Cobra 2000) 11.2 kg (Mamba),Anti-tank missile,Cobra (missile),,,950 mm (Cobra) 952 mm (Cobra 2000) 995 mm (Mamba),SwitzerlandWest Germany,,,1954,"100 mm (Cobra, Cobra 2000) 120 mm (Mamba)",MCLOS system,
223,"685 kg (1,510 lb)"," 64 tank
",Hsiung Feng II,,Box launcher or aircraft,"4,800 mm (190 in)",Taiwan, 180 kg (400 lb), 180 kg (400 lb),,400 mm (16 in),"Inertial guidance midflight, terminal with dual active radar homing and infrared homing seekers",
225,"3,000–3,300 lb (1,400–1,500 kg)[2]"," 64 tank
",Hsiung Feng III,,"surface ships, transporter erector launcher, and hardened bunkers",Approx. 6.1 m (20 ft)[2],Taiwan,,225 kg (500 lb) self-forging fragments,,0.46 m (18 in)[2] missile body only,"Inertial guidance with (X band), active radar homing for terminal guidance[2]","Liquid fuel ramjet engine, solid fuel main booster and two side boosters"
425,"1,150 kg"," 64 tank
",Sky Spear,,Transporter erector launcher or silo,8.0 m,Taiwan,,,,,,Two-stage solid propellant
426,," 64 tank
",Sky Sword I,,,,Taiwan,,,Early 1980s,,,
427,184 kg," 64 tank
",Sky Sword II,,Air Force: AIDC F-CK-1 Ching-Kuo  Navy: Tuo Chiang-class corvette & Kang Ding-class (in future)  Army: Transporter erector launchers,3.694 m / 4.6 m (TC-2N),Taiwan,,,1990s,19 cm,Transis guiding phase : Inertial navigation system,
74,,,Main Page,,,,"The château fort de Lourdes is a historic castle located in Lourdes in the department of Hautes-Pyrénées, France. It is strategically placed at the entrance to the seven valleys of the Lavedan. The castle's origins go back to Roman times, but today the oldest remains date from the 11th and 12th centuries and consist of the foundations of the present fortifications. The castle was reinforced in the 13th and 14th centuries (the construction of the keep), and again in the 17th and 19th centuries. From 1590, under the reign of King Henry IV, the castle became a prison, and was then later used as a barracks, before becoming a museum around the turn of the 20th century. Since 1933, it has been listed as a monument historique by the Ministry of Culture. This panoramic photograph shows the castle in 2018, with parts of the surrounding town and the peaks of the Pyrenees in the background.",,,,,,
916,,Mobile surface-to-air missile,S-500 missile system,,Launch vehicle of the S-500 air defense system,,The Russian Federation,,,,,,
797,500 kg,Air-to-air missile[1],Sedjil (air-to-air missile),,,5 m,"This article may be a rough translation from Persian.  It may have been generated, in whole or in part, by a computer or by a translator without dual proficiency. Please help to enhance the translation. The original article is under ""فارسی"" in the ""languages"" menu in the upper right corner.",,,,40 cm,guided semiconductor radar,Solid fuel
84,188 pounds (85.3 kg)[1],,AIM-9 Sidewinder,Hercule/Bermite Mk. 36 olid-fuel rocket,Launching,,This article possibly contains original research. Please improve it by verifying the claims made and adding inline citations. Statements consisting only of original research should be removed. (January 2023) (Learn how and when to remove this template message),Mark 54 Light Torpedo,,,5 in (127.0 mm)[1],Infrared homing (most models)Semi-active radar homing (AIM-9C),
351,"SM-2 – 1,558 lb (707 kg)",Medium-range surface-to-air missile with anti-ship capability,RIM-66 Standard,"Dual thrut, olid-fuel rocket",XM501 Non-Line-of-Sight Launch System,15 ft 6 in (4.72 m),This article possibly contains original research. Please improve it by verifying the claims made and adding inline citations. Statements consisting only of original research should be removed. (June 2021) (Learn how and when to remove this template message),Mark 54 Light Torpedo,Blast fragmentation warhead,,13.5 in (34.3 cm),SM-2MR Block IIIA Command and Inertial midcourse guidance with monopulse semi-active radar homing in the terminal phase of the interception.SM-2MR Block IIIB missiles have dual infrared homing/semi-active terminal homing.SM-1MR Block VI missiles have monopulse semi-active radar homing without command and inertial mid-course guidance.[3],
184,"22.3 kg (49 lb), ready to fire6.4 kg (14 lb), detachable CLU[9][10]15.9 kg (35 lb), missile in launch tube",Anti-tank missile,FGM-148 Javelin,,United Launch Alliance,1.1 m (43 in) (missile),This section is missing information about gap between original CLU and Block I; recommend making a CLU history section merging in the 2006 GPS mention. Please expand the section to include this information. Further details may exist on the talk page. (January 2023),Mark 54 Light Torpedo, 8.4 kg (19 lb)[14],June 1989,127 mm (5.0 in),Infrared homing,Solid-fuel
230,2100 kg,Theater ballistic missileShort-range ballistic missile,J-600T Yıldırım,Single-tage olid propellant,F-600T (based on MAN 26.372 6x6),6.10 m,Turkey,,480 kg TNT+RDX conventional warhead,,600 mm,Inertial and Optical guidance systems,HTPB (composite)
120,"15.3 t (33,731 lb)",Self-propelled anti-aircraft weaponMobile air defense missile systemSurface to air missile,ATILGAN PMSS,"Detroit Dieel 6V53T, 6-cylinder dieel engine205 kW (275 hp)",,4.863 m (16.0 ft),Turkey,,,,,,
156,15 kg,"Air-to-surface, anti-armor and anti-personnel missile",Roketsan Ciri,Solid-fuel rocket,Launch and Warhead test,1.9 m,Turkey, 3 kg insensitive explosive,Tri-Mode,2004 – 2009,"2.75"" (70 mm)",Terminal Guidance: Semi-Active Laser Seeker,
461,37.5 kg (83 lb) missile62 kg (137 lb) launcher,"Air-to-surface, anti-tank guided missile",UMTAS,HTPB‐baed olid-fuel rocket motor,Launch and Warhead test,1.8 m (5 ft 11 in),Turkey,,Dual-Stage antitank,2005-2017,160 mm (6.3 in),RF data linkImaging infrared (UMTAS)Semi-active laser (L-UMTAS),
63,"900 kg (2,000 lb)",Nuclear air-to-surface missile,AGM-131 SRAM II,,Air,318 cm (125 in),U.S.,,,1986,39cm,,Solid-fueled rocket
207,"3,800 lb (1,700 kg)",Guided missile,Green Cheese (missile),,Fairey Gannet (proposed),,UK,,,,,,
409,"Mk.1: 2,080 kg  Mk.2: 2,384 kg",Surface-to-air missile,Seaslug (missile),4 olid-fuel jettioned booterSolid-fuel utainer,Ship,Mk.1: 6.0 m  Mk.2: 6.1 m,UK,,Mk.1: 200 lb (91 kg) blast  Mk.2: continuous-rod warhead,Mark 1: 1961 Mark 2: 1965,Mk.1: 0.42 m  Mk.2: 0.41 m,Beam riding,
1029,"5,000 lb (2,300 kg)–10,000 lb (4,500 kg)[1]",Guided glider bomb,Blue Boar (bomb),,Aircraft,,UK,,,,,"Television, with remote manual operator",
300,"870 kg (1,920 lb)[1]",Anti-ship missileCruise missile,R-360 Neptune,Motor Sich MS400 turbofan,,5.05 m (16.6 ft),Ukraine, 150 kg (330 lb), 150 kg (330 lb),,38 cm (15 in),,
221,,Tactical ballistic missile,Hrim-2,Single-tage olid propellant,,,Ukraine,,"500 kg (1,100 lb)",,,,
160,,Surface-to-air missile,Dnipro (surface-to-air missile),,,,Ukraine,,,2014,,,
464,33 tons,Multiple rocket launcher,Vilkha,YaMZ-7511.10 turbocharged dieel engine,,,Ukraine,,,,,,
93,88 kg (194 lb),Short-range air-to-air missile,ASRAAM,"dual-burn, high-impule olid rocket motor[2]",,2.90 m (9 ft 6 in),United Kingdom,,10 kg (22 lb) blast/fragmentation,,166 mm (6.5 in) (motor diameter)[1],"infrared homing, 128×128 element focal plane array, with lock-on after launch (LOAL) and strapdown inertial guidance[6]",
181,150 kilograms (330 lb),Air-to-air missile,Fireflash,Two olid fuel rocket motor,Aircraft,"111.75 inches (2,838 mm)",United Kingdom,,,1949,,beam rider,
182,136 kg (300 lb),Air-to-air missile,de Havilland Firestreak,Magpie olid fuel motor,fixed-wing aircraft,3.19 metres (10 ft 6 in),United Kingdom,,22.7 kg (50 lb) annular blast fragmentation,1951,0.223 m (8.8 in),Rear-aspect infrared,
231,11.1 kilograms (24 lb) (missile)  24.3 kilograms (54 lb) (system),Manportable surface-to-air missile,Javelin (surface-to-air missile),Solid fuel rocket,,1.39 metres (4 ft 7 in),United Kingdom,M777 light 155mm howitzer, 2.74 kilograms (6.0 lb) (containing 0.6 kilograms (1.3 lb) of HE) with contact and proximity fuzes,,76 millimetres (3 in),SACLOS system,
130,31 lb (14 kg),Wire-guided anti-tank missile,Vickers Vigilan,I.C.I. dual-thrut olid fuel rocket,infantry or vehicle,3.5 ft (1.07 m),United Kingdom,,"HEAT, 6 kg",1956,0.12 m,MCLOS wire-guided,
140,"Overall: 2,270 kg (5,000 lb)",Surface-to-air missile,Bloodhound (missile),"2× Ramjet, 4× olid fuel booter",Fixed installation,Overall: 8.46 m (27 ft 9 in),United Kingdom,,Continuous-rod warhead,1950s,Main body 54.6 cm (1 ft 9.5 in),Semi-active radar homing,
141,14.5 kg (32 lb) (missile in launch tube)  22 kg (49 lb) (complete system)  6.2 kg (14 lb) (launcher),Man-portable air-defense systems,Blowpipe (missile),Solid rocket motor,,1.35 m (4 ft 5 in),United Kingdom, 2.2 kg (4.9 lb), 2.2 kg (4.9 lb),1975,76 mm (3.0 in),MCLOS system,
142,"17,000 lb (7,700 kg)[1]",Nuclear stand-off air-launched ballistic missile,Blue Steel (missile),"Armtrong Siddeley Stentor20,000 lbf (88.9 kN)",Aircraft,34 ft 11 in (10.64 m)[2],United Kingdom,,Red Snow thermonuclear weapon,,1.22 m (48 in) minimum,Inertial navigation system,hydrogen peroxide with kerosene
147,50 kg (110 lb)[3][4],Air-to-surface missile Surface-to-surface missile,Brimstone (missile),Solid-fuel rocket,Tornado GR4TyphoonHydra drone (UK)Protector (planned)[8],1.8 m (71 in)[3][4],United Kingdom,,6.3 kg (14 lb) HEAT tandem shaped warhead[5],1996,180 mm (7.1 in)[3][4],"94-GHz millimetric-wave active radar homing and INS autopilot; dual-mode, II, and III adds laser guidance[7]",
451,,Surface-to-air missile,Thunderbird (missile),liquid fuel rocket4 x Goling olid fuel rocket,"Single rail, ground mounted (not mobile)",20 ft 10 in (6.35 m),United Kingdom,,Continuous-rod HE warhead,,1 ft 8.7 in (0.527 m),semi-active radar homing,
341,45 kg (99 lb),Surface-to-air missile,Rapier (missile),olid-fuel rocket,vehicle or trailer,2.235 m (88.0 in),United Kingdom,,Blast fragmentation explosive close proximity warhead,1963,0.133 m (5.2 in),Semi-automatic command to line of sight[2],
347,154 kilograms (340 lb),Air-to-air missile,Red Top (missile),Linnet olid fuel motor,,3.32 metres (10.9 ft),United Kingdom,,31 kg (68.3 lb) annular blast fragmentation,,0.23 metres (9.1 in),"infrared homing, limited all-aspect",
405,68 kg (150 lb),Surface-to-air missile,Seacat (missile),2 tage motor,Ship,1.48 m (58 in),United Kingdom,,40 lb (18 kg) continuous-rod warhead,,0.22 m (8.7 in),CLOS and radio link,
406,"550 kg (1,210 lb)",GuidancesystemSemi-active radar illuminated by radar  909 (J-band),Sea Dar,Chow olid-fuel booter motor Britol Siddeley Odin ramjet cruie motor,Ship,4.4 m (14 ft),United Kingdom,,11 kg (24 lb) HE blast-fragmentation,1963,0.42 m (17 in),Semi-active radar illuminated by radar Type 909 (J-band),
407,580 kg,Anti-ship missile,Sea Eagle (missile),Turbojet,Fixed and rotary wing aircraft,4.14 m,United Kingdom, 230 kg, 230 kg,1976,0.4 m,"Inertial, with active radar homing",
408,145 kg,"Air-to-surface missile, anti-ship missile",Sea Skua,Solid fuel booter / olid fuel utainer,"Westland Lynx, Combattante BR-42 FAC",2.5 m,United Kingdom,,"30 kg semi armour piercing, 9 kg RDX",1972,0.25 m,Semi-active radar homing,
410,82 kg (180.8 lb),Surface-to-air,Sea Wolf (missile),Blackcap olid fuel utainer,Ship,1.9 m (6 ft 2.8 in),United Kingdom,,14 kg (30.9 lb) HE blast-fragmentation,1967,180 mm (7.1 in),Automatic Command to Line-Of-Sight (ACLOS),
444,14 kg (31 lb)[1],Man-portable/vehicle mounted surface-to-air missile,Starstreak,Firt tage: Royal Ordnance 'Brambling' cat double-baed propellant blip rocket motor. Second tage: Royal Ordnance 'Titu' cat double-baed propellant,,1.397 m (4 ft 7 in),United Kingdom," 3×0.9 kg (2.0 lb) tungsten alloy darts, 450 g (16 oz) PBX-98 per dart"," 3×0.9 kg (2.0 lb) tungsten alloy darts, 450 g (16 oz) PBX-98 per dart",1980s,13 cm (5.1 in),"SACLOS, Laser-beam guidance",
446,27 kg (60 lb),Anti-tank missile,Swingfire,Solid rocket motor,Vehicle,1.07 m (3 ft 6 in),United Kingdom,,7 kg HEAT,,0.17 m (6.7 in),"Wire, MCLOS/SACLOS",
1025,"1,330 lb (603 kg)",Air-to-air missile,Red Dean,"Britol Aerojet Buzzard6,750 lb (30 kN)[1]",,16 ft (4.9 m),United Kingdom,,100 lb (45 kg) high explosive,,,active radar homing,
1027,ca. 70 kg (150 lb),Short-range air-to-air missile,SRAAM,,aircraft,2.75 m (9 ft 0 in),United Kingdom,,,,165 mm (6.5 in),Infra-red,
1028,193 kg (425 lb),Medium-range air-to-air missile,Skyflash,Rocketdyne olid propellant rocket motor,,3.68 m (12 ft 1 in),United Kingdom,,39.5 kg (87 lb),,203 mm,Marconi inverse monopulse semi-active radar homing,
1030,13 kg (29 lb),"Laser‐guided battlefield missile (ASM, AAM, SAM and SSM)",Martlet (missile),,AgustaWestland AW159Schiebel Camcopter S-100BAE FuryThales Watchkeeper WK450 Jackal Drone,1.3 m (4 ft 3 in),United Kingdom, 3 kg (6.6 lb), 3 kg (6.6 lb),,76 mm (3.0 in),"SAL, LBR (mode A)IR terminal homing (mode B)IIR terminal homing (mode C)INS, GPS (mode D)","2-stage, solid propellant"
1031,220 lb (100 kg)[1][2],Air-to-surface missileElectronic warfare systemAnti-ship missile,SPEAR 3,Turbojet engine[3],Typhoon (in progress)F-35B (contracted)JAS39 Gripen (in progress),"71 in (1,800 mm)",United Kingdom,,,,7.1 in (180 mm),Millimeter wave Active radar homing / Semi-active laser guidance / Infrared homing (using an uncooled imaging infrared camera) / GPS coupled Inertial guidance / Data-link,
1032,,air-to-surface missile,Tychon (missile),,various aircraft,,United Kingdom,,various,early 1960s,,various,
1033,,Man-portable air-defense system,Starburst (missile),Solid rocket motor,,,United Kingdom, 2.74 kg, 2.74 kg,,,Laser guidance beam riding,
1034,,radio guided cruise missile,UB.109T,,launching ramp,,United Kingdom,,"various up to 5,000 pounds (2,300 kg)",1950,,radio,
701,"550 kg (1,210 lb)",Standoff anti-radar missile (AS 37) / air-to-surface (AJ.168),Martel (missile),two tage olid propellant rocket motor,fixed wing aircraft,4.18 m (13 ft 9 in),United Kingdom/France,,150 kg (330 lb) and fitted with a Misznay–Schardin plate,,0.4 m (16 in),"passive radar homing, video guided",
104,120 kg (260 lb),Anti-ship missile,Sea Venom (missile),Two‐tage olid‐propellant rocket motor,AgustaWestland AW159Eurocopter AS565 PantherNHIndustries NH90Airbus H160,2.5 m (8 ft 2 in),United KingdomFrance, 30 kg (66 lb), 30 kg (66 lb),,200 mm (7.9 in),"INS, IIR",
874,CAMM: 99 kg (218 lb)CAMM-ER: 166 kg (366 lb),CAMM: short range anti-aircraft and anti-missile missileCAMM-ER: short range anti-aircraft and anti-missile missileCAMM-MR: medium range anti-aircraft and anti-missile missile,CAMM (missile family),Solid-fuel rocket motor,,CAMM: 3.2 m (10 ft 6 in)CAMM-ER: 4.2 m (13 ft 9 in),United KingdomUnited Kingdom & Italy (CAMM-ER)United Kingdom & Poland (CAMM-MR), 10 kg (22 lb), 10 kg (22 lb),2004,CAMM: 166 mm (6.5 in)CAMM-ER: 190 mm (7.5 in),Inertial guidance system with mid-course update and active radar terminal homing,
73,"6,600 lb (3,000 kg)",Air-launched ballistic missile with hypersonic glide vehicle,AGM-183 ARRW,,B-1B/B-52/B-21/F-15E[4],22 ft (6.7 m),United States,,,,,,
82,,Air-to-air missile,AIM-4 Falcon,,Launch test,1.98 m (6 ft 6 in),United States,,3.4 kg (7.5 lb),,163 mm (6.4 in),semi-active radar homing and Tail-chase engagement infrared homing,solid fuel rocket
83,510 lb (230 kg),"Medium-range, semi-active radar homing air-to-air missile",AIM-7 Sparrow,AIM-7A/B/C – Aerojet 1.8KS7800 olid rocket AIM-7D/E – Rocketdyne MK 38/MK 52 olid rocket AIM-7F/M/P – Hercule MK-58 olid-propellant rocket motor[2],Launching,,United States,,,,,semi-active radar,
87,"AIM-54A/B - 976 lb (443 kg)AIM-54C – 1,015 lb (460 kg)",Long range BVR air-to-air missile,AIM-54 Phoeni,Solid propellant rocket motor,Launching,12 ft 9+1⁄2 in (3.9 m),United States,Mark 54 Light Torpedo, 133 lb (60.33 kg),1960–1966,15 in (380 mm),Semi-active radar homing and terminal phase active radar homing,
88,500 lb (230 kg),Air-to-air missile,AIM-68 Big Q,,"F-101 Voodoo, F-106 Delta Dart",9 ft 7 in (2.92 m),United States,,W30 nuclear,1965-1966,14 in (360 mm),Dual-mode radar guidance/infrared homing,Dual-thrust solid fuel
90,"1,300 pounds (590 kg)",Air-to-air missile,AIM-97 Seekba,Aerojet MK 27 dual-thrut olid-fuel rocket,Aircraft,15 feet (4.6 m),United States,,Blast-fragmentation,,13.5 inches (340 mm),Semi-active radar homing (SARH) with terminal infrared homing,
92,356 lb (161.5 kg),Beyond-visual-range air-to-air missile/surface-to-air missile,AIM-120 AMRAAM,Solid-fuel rocket motor,XM501 Non-Line-of-Sight Launch System,12 ft (3.65 m),United States,Mark 54 Light Torpedo, 44 lb (20 kg),,GBU-53/B Small  Bomb II,"Inertial guidance, terminal active radar homing, optional mid-course update datalink",
95,822 pounds (372.9 kg),Short-range air-to-air rocket,AIR-2 Genie,Thiokol SR49,,9 feet 8 inches (2.95 m),United States,,1.5 kT nuclear,,17.5 in (444.5 mm),,Solid fuel
19,"1,500 pounds (680 kg)",Air-to-air missile,AAM-N-4 Oriole,,Launching,11 feet 7 inches (3.53 m),United States, 25 pounds (11 kg), 25 pounds (11 kg),1947,11 inches (280 mm),Active radar homing,
30,"1,198 lb (543 kg)",Decoy cruise missile,ADM-20 Quail,"General Electric J85-GE-7 turbojet; 2,450 lbf (10.9 kN) thrut.",B-52 Stratofortress.,12 ft 9 in (3.88 m),United States,,None,,,Autopilot integrated with a Rate integrating gyroscope pre-programmed to turn the ADM-20.,
32,MALD: 279 lb (127 kg)MALD‐J: 286 lb (130 kg) (est),Family of air-launched active radar decoy/jammer and payload bus aerial vehicles,ADM-160 MALD,Pratt & Whitney TJ‐150 turbojet0.67 kN (150 lbf),XM501 Non-Line-of-Sight Launch System,9 ft 4+1⁄2 in (2.858 m),United States,Mark 54 Light Torpedo,,,,"GPS, INS",
33,"1,785 pounds (810 kg) (AGM-12C)",Air-to-ground command guided missile,AGM-12 Bullpup,"Rocket30,000 pound-force (130 kN)",Launching,13.6 feet (4.1 m),United States, 250 pounds (110 kg) (ASM-N-7A/AGM-12B), 250 pounds (110 kg) (ASM-N-7A/AGM-12B),,18 inches (460 mm),Line-of-sight radio command,"Storable, liquid-fuel"
35,"10,147 pounds (4,603 kg)",Cruise missile,AGM-28 Hound Dog,"Pratt & Whitney J52-P-3 turbojet; 7,500 lbf (33 kN).",B-52 Stratofortress,42 feet 6 inches (12.95 m),United States,,"1,742 pounds (790 kg) W28 Class D nuclear warhead",,28 inches (710 mm),Astro-inertial guidance,
36,390 pounds (177.06 kg),Air-to-surface anti-radiation missile,AGM-45 Shrike,,Launching,10 feet (3.05 m),United States,,"67.5 kg (149 lb) MK 5 MOD 1 (or MK 86 MOD 1) blast-fragmentation,",1963,8 inches (203 mm),Guidance Section,
38,"2,100 lb (950 kg)",Air-to-surface guided missile,AGM-53 Condor,Rocketdyne MK 70 olid-fuel rocket,Launching,13 feet 10 inches (4.22 m),United States,,630 pounds (290 kg) linear shaped charge warhead or W73 nuclear warhead,,17 inches (43 cm),,
39,,Glide bomb,AGM-62 Walleye,,,,United States, 250 lb (113 kg), 250 lb (113 kg),,,,
42,210–304 kg (462–670 lb)[2],Air-to-surface missile,AGM-65 Maverick,A/B: Thiokol SR109-TC-1D/E/F/G/H/J/K: SR114-TC-1 (or Aerojet SR115-AJ-1) olid propellant rocket motor via a WPU-4/B or WPU-8/B propulion ection[2],XM501 Non-Line-of-Sight Launch System,,United States,Mark 54 Light Torpedo,,,GBU-53/B Small  Bomb II,Guidance,Solid propellant[1]
43,"2,230 lb (1,010 kg)",Nuclear air-to-surface missile,AGM-69 SRAM,Lockheed SR75-LP-1two-pule olid-fueled rocket,,"15 ft 10 in (4.83 m) w/ tail fairing,14 ft 0 in (4.27 m) without",United States,,W69 nuclear warhead,1965,17.5 in (0.44 m),General Precision/Kearfott KT-76 Inertial measurement unit,
44,951 pounds (431 kg),Anti-radiation missile,AGM-76 Falcon,Lockheed XSR13-LP-1,"F-4D, A-6B, F-105F",13 feet 4 inches (4.06 m),United States, 250 pounds (110 kg), 250 pounds (110 kg),1966,13.5 inches (340 mm),Passive radar homing,Solid fuel
45,620 kg (1370 lb),Air-to-surface anti-radiation missile,AGM-78 Standard ARM,Aerojet MK 27 MOD 4 dual-thrut olid-fueled rocket,"A-6B/E Intruder, F-105G Thunderchief, F-4G Phantom II",4.57 m (15 ft),United States, 97 kg (215 lb) blast-fragmentation, 97 kg (215 lb) blast-fragmentation,1967,34.3 cm (13.5 in),Passive radar homing,
47,,Air-to-surface missile,AGM-80 Viper,,,,United States,,Bomblet,,,Inertial,
48,280 kg (620 lb),Air-to-ground missile,AGM-83 Bulldog,"Thiokol LR58-RM-4 torable liquid-fuel rocket; 53 kN (12,000 lbf)",,3.20 m (10 ft 6 in),United States,,113 kg (250 lb) MK 19 blast-fragmentation,,0.30 m (12 in),,
49,"1,523 lb (691 kg) including booster",Anti-ship missile,Harpoon (missile),"Teledyne CAE J402 turbojet/olid propellant booter for urface and ubmarine launch; greater than 600 lbf (2,700 N) of thrut",RGM-84A surface ship/TEL-launchedAGM-84A air-launchedUGM-84A submarine-launched,"12.6 ft (3.8 m), air-launched;15 ft (4.6 m), surface- and submarine-launched",United States,,488 pounds (221 kg),,13.5 in (34 cm),"Sea-skimming cruise monitored by radar altimeter, active radar terminal homing",
50,"627 kg (1,382 lb)",Air-launched cruise missile,AGM-84E Standoff Land Attack Missile,Teledyne CAE J402-CA-400 turbojet,Current:P-3 Orion Past:,4.50 m (14.8 ft),United States,,,,34.3 cm (13.5 in),Inertial navigation systemGlobal Positioning SystemInfrared homingDatalink to the controlling aircraft,
51,"3,150 pounds (1,430 kg)",Air-to-ground strategic cruise missile,AGM-86 ALCM,William InternationalF107-WR-101 turbofan engine600 lbf (2.7 kN) thrut,Boeing B-52H Stratofortress[1],20 ft. 9 in. (6.3 m),United States," 908kg (AGM-86C Block 0)   1362kg (AGM-86C Block 1)  1,200 lb (540 kg) class advanced unitary penetrating warhead (AGM-86D)[1]"," 908kg (AGM-86C Block 0)   1362kg (AGM-86C Block 1)  1,200 lb (540 kg) class advanced unitary penetrating warhead (AGM-86D)[1]",1974,GBU-53/B Small  Bomb II,AGM-86B: Litton inertial navigation system element with TERCOM updates  AGM 86C: Litton INS element integrated with multi-channel onboard GPS,
53,"796 lb (361 kg)AGM-88G – 1,030 lb (467 kg)",Air-to-surface anti-radiation missile,AGM-88 HARM,Thiokol SR113-TC-1 dual-thrut rocket engine,XM501 Non-Line-of-Sight Launch System,13 ft 8 in (4.17 m)AGM-88G – 13 ft 4 in (4.06 m),United States,Mark 54 Light Torpedo, 150 lb (68 kg),1983,GBU-53/B Small  Bomb II,"Passive radar homing with home-on-jam, additional GPS/INS and millimeter-wave active radar homing in the E and G variants","Two stage, solid propellant"
54,2450 lb (1111 kg)[1],Precision guided munition (PGM),GBU-15,,,154 in (3.90 m),United States," 2,000 lb (910 kg)"," 2,000 lb (910 kg)",1970s,GBU-53/B Small  Bomb II,Manual guidance by radio datalink with TV guidance or Infrared homing with Imaging Infra-red,
55,100–108 lb (45–49 kg)[3],Air-to-surface and surface-to-surface missile,AGM-114 Hellfire,Thiokol TX-657[4][5]Solid-fuel rocket,United Launch Alliance,64 in (1.6 m),United States,,,,GBU-53/B Small  Bomb II,Semi-active laser homingMillimeter-wave radar seeker,APC/HTPB
58,195 lb (88.5 kg)[1],Air-to-surfaceAnti-radar missile,AGM-122 Sidearm,Hercule Mk 36 Mod 11 olid fuel rocket,AV-8B HarrierAH-1 SuperCobraAH-64 ApacheOther aircraft,9 ft 5 in (2.870 m)[1],United States,,25 lb (11.3 kg) WDU-31/B blast-fragmentation[1],,5 in (127.0 mm)[1],Narrow-band passive radar seeker,
59,"582 kg (1,283 lb)","Rocket assisted, low-level, laser-guided bomb",AGM-123 Skipper II,Aerojet Mk 78 dual-thrut olid-fueled rocket,,4.3 m (14 ft 1.2 in),United States,,1000 lb (450 kg) Mk 83 bomb,,0.5 m (1 ft 7.6 in),laser-guidance,
61,"more than 3,700 lb (1,680 kg)",Air-launched cruise missile,AGM-129 ACM,William International F112-WR-100 turbofan2.67–3.25 kN (600–730 lbf),XM501 Non-Line-of-Sight Launch System,20 ft 10 in (6.35 m),United States,Mark 54 Light Torpedo,W80-1 nuclear warhead,,2 ft 5 in (705 mm),Inertial guidance system enhanced with Lidar and Terrain Contour Matching (TERCOM).,
62,"2,917 lb (1,323 kg)",Air-to-surface guided missile,AGM-130,,,"12 feet, 10.5 inches (3.90 meters)[1]",United States,,"2,000 lb (907 kg) BLU-109 or MK 84",,GBU-53/B Small  Bomb II,,
64,431 pounds (195 kg),Anti-radiation missile,AGM-136 Tacit Rainbow,,,,United States,,,1982 to 1991,,,
65,"2,000 lb (910 kg)",Stealthy stand-off precision weapon,AGM-137 TSSAM,William F122-WR-100 turbofan,Proposed,"168 in (4,300 mm)",United States,,,,,INS With GPS updates,
69,"2,600 lb (1,200 kg) (est)",Air-launched cruise missile,AGM-158 JASSM,William F107‐WR‐105 turbofan,United Launch Alliance,14 ft 1 in (4.287 m),United States," 1,000 lb (450 kg)"," 1,000 lb (450 kg)",1995–1998,GBU-53/B Small  Bomb II,"GPS, INS, IIR",
183,32.1 lb (14.57 kg) (w/ day sight)[7]46.9 lb (21.29 kg) (w/ night sight),Anti-tank missile,M47 Dragon,,,"1,154 mm (45.4 in)",United States, 3.5 lb (1.6 kg) Octol[8], 3.5 lb (1.6 kg) Octol[8],3 March 1966[citation needed],140 mm,SACLOS,
281,"5,820 lb (2,640 kg)",Nuclear-capable surface-to-surface rocket,MGR-1 Honest John,"Hercule M6 olid-fueled rocket99,000 lbf (441 kN)",,27 ft 3 in (8.30 m),United States,,,,30 inches (760 mm),,Double base solid propellant[1]
285,"1,290 pounds (590 kg)"," of Missile
",MIM-23 Hawk,olid-fuel rocket engine,XM501 Non-Line-of-Sight Launch System,16 feet 8 inches (5.08 m),United States,Mark 54 Light Torpedo,119 pounds (54 kg) blast fragmentation warhead,,14.5 inches (370 mm),Semi-active radar homing,
287,,Mobile SAM system,MIM-72 Chaparral,,"Unit costLauncher vehicle: US$1.5 MillionMissile round: US$80,000",,United States,,,1965,,,
288,,Surface-to-air missile,MIM-104 Patrio,,XM501 Non-Line-of-Sight Launch System,,United States,Mark 54 Light Torpedo,,1969,,Guidanceseeker,Solid-fuel rocket
187,8.3 kg (18.3 lb),Man-portable surface-to-air missile,FIM-43 Redeye,Firt tage – Booter (Ejector): 3.3 kN (750 lbf) for 0.048   Second tage – Sutainer: 1.1 kN (250 lbf) for 5.8,,,United States,," explosive content
",July 1959,70 mm (2.75 in),Infrared homing,
188,Missile – 22 lb (10.1 kg)System – 35 lb (15.7 kg),Man-portable surface-to-air missile,FIM-92 Stinger,Solid-fuel rocket motor,XM501 Non-Line-of-Sight Launch System,At launch – 5 ft (1.53 m)In flight – 4 ft 6 in (1.37 m),United States,Mark 54 Light Torpedo, 6.6 lb (3 kg),1967,2.8 in (70 mm),Infrared homing,
209,45 pounds (20 kg) (w/ launch tube),"Air-to-surface missile, Surface-to-surface missile",AGM-176 Griffin,,XM501 Non-Line-of-Sight Launch System,42 inches (110 cm),United States,Mark 54 Light Torpedo, 13 lb (5.9 kg),,GBU-53/B Small  Bomb II,"Laser, GPS or INS",Solid fuel rocket
237,"1,210 pounds (550 kg)",Surface-to-air missile,KAN Little Joe,"Booter, 4x 3 in (76 mm) rocket990 lbf (4.4 kN) eachSutainer, Aerojet 8AS1000990 lbf (4.4 kN)",,11 feet 4 inches (3.45 m),United States, 100 pounds (45 kg), 100 pounds (45 kg),1945,22.7 inches (57.7 cm),Radio command,
243,"3,150 lb (1.43 t; 1.58 short tons)",Self-contained missile launch system,XM501 Non-Line-of-Sight Launch System,,Non-Line-of-Sight Launch System,45 in (1.1 m),United States,Mark 54 Light Torpedo,,,,,
247,,Intercontinental ballistic missile,LGM-35 Sentinel,Three-tage olid-fuel rocket,Missile silo,,United States,,"W87 mod 0 thermonuclear warhead (300 kilotons of TNT (1,300 TJ)) W87 mod 1 thermonuclear warhead (unknown yield)[2]",,,astro-inertial + GPS,
250,"29,000 lb (13,100 kg)",Anti-ballistic missile,LIM-49 Spartan,1t Stage: Thiokol TX-500 (2200 kN);2nd Stage: Thiokol TX-454;3rd Stage: Thiokol TX-239,Silo,55 ft 2 in (16.8 m),United States,,W71 nuclear; 5 megatonnes of TNT (21 PJ),,3 ft 7 in (1.08 m),Radio command,Solid fuel
268,"12,000 lb (5,400 kg)",Surface-to-surface cruise missile,MGM-1 Matador,"4,600 lbf (20,000 N) thrut Allion J33-A-37 turbojet utainer engine; 55,000 lbf (240 kN) thrut Aerojet General olid fuel rocket, 2  burn",Launch test,39 ft 6 in (12.04 m),United States,,Nuclear W-5 (50 kt yield)[1][2],1949 (first flight),4 ft 6 in (1.37 m),"""A"" Radar directed radio command guidance system; ""C"" same plus Shanicle",
269,"11,000 lb (5,000 kg)",Variants II IIa IIb,MGM-5 Corporal,"89 kN (20,000 lbf)",,45 ft 4 in (13.82 m),United States," Approximately 1,000 lb (450 kg)[3]"," Approximately 1,000 lb (450 kg)[3]",1952; 72 years ago (1952),30 in (76 cm),,Liquid fuel
271,"2,300 pounds (1,000 kg)[2]",Tactical ballistic missile,MGM-18 Lacrosse,,Launching,19 feet 2.4 inches (5.852 m)[2],United States, 540 pounds (240 kg)[2], 540 pounds (240 kg)[2],1947–1956,20.5 inches (520 mm)[2],Radio Command guidance,Thiokol XM10 or XM10E1 solid-fuel rocket[2]
273,"10,100 lb (4,600 kg)",Tactical ballistic missile,MGM-29 Sergean,"Thiokol XM100200 kN (45,000 lbf)",Launch of a MGM-29,34 ft 6 in (10.52 m),United States,,W52 (M65) nuclear,1955,31 in (79 cm),Inertial,Solid fuel
274,"10,275 pounds (4,661 kg)[1]",Surface-to-surface guided missile,MGM-31 Pershing,"Firt tage: Thiokol TX-17425,900 pound-force (115 kN) 38.3 Second tage: Thiokol TX-17519,100 pound-force (85 kN) 39",M790 erector launcher,34.6 feet (10.5 m),United States,,,1965–1969,40 inches (1 m),Eclipse-Pioneer ST-120 inertial guidance,
275,MGM-51A: 59.1 lb (26.8 kg)MGM-51B/C:61.3 lb (27.8 kg),Surface-to-surface missile,MGM-51 Shillelagh,Amoco Chemical Hercule olid-fuel rocket,"Tank (M551 Sheridan, MBT/KPz-70, and M60A2)",MGM-51A: 3 feet 7.7 inches (1.110 m)MGM-51B/C: 3 feet 9.4 inches (1.153 m),United States,,15 pounds (6.8 kg) Shaped Charge  including 8 pounds (3.6 kg) of Octol Explosive,,6 inches (150 mm),Infra-red signal link,
276,"2,850–3,367 lb (1,293–1,527 kg) depending on warhead[3]",Tactical ballistic missile,MGM-52 Lance,Liquid-propellant rocket,MGM-52 Lance missile erected for launch from the tracked M752 Self-Propelled Launcher.,20 ft (6.1 m),United States,,1 W70 nuclear or M251 high explosive submunitions[3],,22 in (560 mm),inertial guidance,
277,,Rocket artilleryTactical ballistic missile,MGM-140 ATACMS,,"M270, HIMARS",,United States,,,1986,,Guidancetype,
278,"13,600 kg (30,000 lb)",Intercontinental ballistic missile,MGM-134 Midgetman,Solid-fuel rocket,TransportHard Mobile Launcher (HML),14 m (46 ft),United States,,,,1.17 m (3 ft 10 in),"Inertial, GPS",solid propellant
114,"2600 lb (1,180 kg)",Anti-satellite missile,ASM-135 ASAT,,LauncherOne,18 ft (5.48 m),United States,,Kinetic energy kill,,20 in (50.8 cm),Infrared homing seeker,
127,"3,800 lb (1,700 kg)",Anti-ship missile,AUM-N-2 Petrel,"Fairchild J44 turbojet1,000 lbf (4.4 kN)",Launching,24 ft (7.32 m),United States,,Mark 41 torpedo,,24 in (61 cm),,JP-4
134,,Anti-tank missile,BGM-71 TOW,,Launch weight,,United States,M777 light 155mm howitzer,,1963–1968,,"Optically tracked, wire-guided (wireless radio-guided in RF variants)",
135,,Intercontinental ballistic missile,BGM-75 AICBM,Solid fuel rocket,"Silos, railway",,United States,,10–20 MIRV,,,Inertial,
136,"2,900 lb (1,300 kg), 3,500 lb (1,600 kg) with booster",Cruise missileAnti-ship missile[1] (Block V & TASM variants)Submarine-launched cruise missileLand-attack missileSurface-to-surface missile[2],Tomahawk (missile),William International F107-WR-402 turbofan uing TH-dimer fuel and a olid-fuel rocket booter,XM501 Non-Line-of-Sight Launch System,18 ft 3 in (5.56 m) without booster;20 ft 6 in (6.25 m) with booster,United States,Mark 54 Light Torpedo,"Nuclear: W80 warhead (yield 5 to 150 kilotonnes of TNT (21 to 628 TJ)) (retired)[6]Conventional: 1,000 pounds (450 kg) high explosive or submunition dispenser with BLU-97/B Combined Effects Bomb or PBXN",,20.4 in (0.52 m),"GPS, INS, TERCOM, DSMAC, active radar homing (RGM/UGM-109B)",
153,"255,950 lb (116,100 kg) for Atlas D w/o payload, 260,000 lb (117,900 kg) for Atlas D with Mk 2/3 RV and W49 warhead, 268,000 lb (121,560 kg) for Atlas E&F with Mk 4 RV and W38 warhead",,SM-65 Atlas,,Cape Canaveral Air Force Station Launch Complex 14,"75 ft 1 in (22.89 m) with Mk 2 re-entry vehicle, 82 ft 6 in (25.15 m) with Mk 3",United States,,,1953 (XB-65),10 ft 0 in (3.05 m),,RP-1/LOX
155,"Stationed at: Otis Air Force Base BOMARC site, achusetts",Surface-to-air missile,CIM-10 Bomarc,,,,United States,,W40 nuclear warhead,,35 in (890 mm),"Initially ground-controlled, active radar homing terminal guidance",
449,"900 kg (2,000 lb)[1]",Mobile anti-ballistic missile system,Terminal High Altitude Area Defense,Single-tage rocket,United Launch Alliance,6.17 m (20 ft 3 in)[1],United States,,,1987,340 mm (13 in) (booster); 370 mm (15 in) (kill vehicle)[1],Indium-antimonide imaging infra-red seeker head,Pratt & Whitney solid-fueled rocket
455,"35,700 lb (16,200 kg)",Submarine-launched ballistic missile,UGM-27 Polaris,"Firt tage, Aerojet General Solid-fuel rocketSecond tage, Hercule rocket",Launch platform,,United States,,"1 x W47, 3 × W58 thermonuclear weapon",1956–1960,"4 ft 6 in (1,370 mm)",Inertial,Solid propellant
456,"64,400 pounds (29,200 kg)",Strategic SLBM,UGM-73 Poseidon,"Two-tage olid-fuel rocket, each ingle nozzle with thrut vectoring",,34.1 feet (10.4 m),United States,,10 or 14 W68 warheads in Mark 3 RVs; 40 kilotonnes of TNT (170 TJ)[1],,74 inches (1.9 m),Inertial,
457,"6,000 lb (2,700 kg)[2][5]",Standoff Anti-Submarine & Anti-ship,UGM-89 Perseus,Solid propellant rocket motor[5][6],Submarine[2][3][4][5],25 ft (7.6 m)[2][5],United States,Overall launch,,,30 in (760 mm)[2][5],,
458,"73,066 pounds (33,142 kg)",SLBM,UGM-96 Trident I,Solid-fuel rocket,Ballistic Missile Submarine,33 feet (10.2 m),United States,,Up to eight W76 warheads in Mark 4 RBs with a yield of 100 kilotonnes of TNT (420 TJ) each.,,71 inches (1.8 m),Astro-inertial guidance,
459,"130,000 lb (59,000 kg)[2]",SLBM,UGM-133 Trident II,Three olid-fuel rocket motor; firt & econd tage – Thiokol/Hercule olid-fueled rocket; third tage – United Technologie Corp. olid-fueled rocket[6],Ballistic missile submarine,44 ft 6.6 in (13.579 m),United States,Throw- (kg),1–12 Mk-5 RV/W88 (475 kt) or  1–14 Mk-4 RV/W76-0 (100 kt) or  1–14 Mk-4A RV/W-76-1 or(90 kt) or  unknown Mk-7 RV/W93 (unknown  kt)[3]  Single or multiple W76-2 (5–7 kt)[4][5],,6 ft 11 in (2.11 m) (1st stage)[2],MK 6 astro-inertial guidance which is able to receive Global Positioning System updates[2][11],"NEPE-75:[7] Nitrate ester, plasticized polyethylene glycol-bound HMX, Aluminum, ammonium perchlorate"
462,"4,000 lb (1,800 kg)",Standoff anti-submarine weapon,UUM-44 SUBROC,Solid rocket booter,Submarine,22 ft (6.7 m),United States,,250 kt W55 nuclear depth bomb,,21 in (53 cm),Inertial guidance ballistic trajectory,
463,"1,400 kg (3,086 pounds)",Standoff Anti-Submarine,UUM-125 Sea Lance,Hercule EX 116 MOD 0 olid-fuel rocket,Submarines• Los Angeles class• Seawolf classSurface Warships• Ticonderoga class• Spruance class• Arleigh Burke class,6.25 m (20 ft 6 in),United States,,,,53.3 cm (21.0 in) (capsule diameter),Mk 117 digital fire-control system,
310,"16,451 pounds (7,462 kg)[1]",Medium-range ballistic missile,Pershing II,"Hercule, two-tage, olid propellant",Ground Integrated Electronics Unit (GIEU): Consists of Launch Control Assembly (LCA) and Power Control Assembly (PCA) with the protective door.,,United States,," section support structure. Conical aluminum alloy assembly covered with ablative material.
",1973–1981," min
",Guidance and control section with adapter,
314,"61,207 pounds (27,763 kg) at ignition",Tactical ballistic missileshort-range ballistic missile,PGM-11 Redstone,"Rocketdyne North American Aviation 75–110 A-778,000 pound-force (350 kN) thrut at ea level for 121 econd",Cape Canaveral Air Force Station Launch Complex 14,69.3 feet (21.1 m),United States,,,1950–1952,5.83 feet (1.8 m),Ford Instrument Company ST-80 inertial guidance,ethyl alcoholliquid oxygen
315,"49,590 kilograms (109,330 lb) at start.",Intermediate-range ballistic missile,PGM-17 Thor,,Launches,19.76 metres (64 ft 10 in).,United States,,,1957,2.4 metres (8 ft).,,"liquid propellant, monometilgydrasine (LD=1g)"
316,"49,800 kg (110,000 lb)",Medium-range ballistic missile (MRBM),PGM-19 Jupiter,:,Cape Canaveral Air Force Station Launch Complex 14,,United States,,W38 warhead 3.75 Mt or W49 1.44 Mt,1954,,," slosh led to control failure and missile breakup T+93 seconds.
"
348,"13,685 pounds (6,207 kg)",Cruise missile,SSM-N-8 Regulus,"Allion J33-A-14 turbojet 4,600 lbf (20 kN)2 × booter rocket  33,000 lbf (150 kN)",Launching,32 feet 2 inches (9.80 m),United States,,"3,000 pounds (1,400 kg) such as the W5 warhead or the W27 warhead",,4 feet 8.5 inches (1.435 m),,
350,,Surface-to-surface missile,RGM-59 Taurus,,,,United States," 1,000 pounds (450 kg)"," 1,000 pounds (450 kg)",1961-1965,,Midcourse: InertialTerminal: Passive homing,
352,"3,000 lb (1,400 kg)missile: 1,180 lb (540 kg),booster: 1,820 lb (830 kg)",Medium Range Surface-to-air missile,RIM-2 Terrier,olid fuel rocket,Launching,27 ft (8.2 m),United States,,218 lb (99 kg) controlled-fragmentation or 1kT W45 nuclear warhead,,13.5 in (34 cm),Guidance,solid rocket fuel
353,510 lb (230 kg),Surface-to-air missile,RIM-7 Sea Sparrow,Hercule MK-58 olid-propellant rocket motor,Ship,12 ft (3.7 m),United States,,"Annular blast fragmentation warhead, 90 lb (41 kg)",,8 in (20 cm),Semi-active radar homing,
354,"7,800 lb (3,500 kg) (missile: 3,400 lb (1,500 kg), booster: 4,400 lb (2,000 kg))",Surface-to-air missile,RIM-8 Talos,"Stage 1: Hercule MK 11 olid-fueled rocket booter, Stage 2: Bendix ramjet utainer20,053lbf, 89.20kN",Launching,32 ft (9.8 m),United States,,211 kg (465 lb) continuous-rod HE warhead or W30 nuclear warhead (2–5 kt),,28 in (71 cm),Radar beam riding and (non-nuclear variants) semi-active radar homing,
355,"1,200 lb (540 kg)[1]",Medium range surface-to-air missile,RIM-24 Tartar,"Dual thrut, Solid-fuel rocket",Surface ship,186 in (470 cm)[1],United States,,130 lb (59 kg) continuous-rod,,13.5 in (34 cm),SARH,Solid Rocket Fuel
356,"1,700 lb (770 kg) without booster3,620 lb (1,640 kg) with booster",Long range surface-to-air missile,RIM-50 Typhon,"Booter, olid-propellant rocketSutainer, Bendix ramjet",Launching,15 ft 6 in (4.72 m) without booster27 ft 7 in (8.41 m) with booster,United States,,150 lb (68 kg) high explosiveor W60 nuclear,,16 in (410 mm) missile18.5 in (470 mm) booster,Inertial cruise; SARH terminal,
357,"2,980 lb (1,350 kg)SM-2ER Block IV: 3,225 lb (1,463 kg)",Extended range surface-to-air missile with anti-ship capability,RIM-67 Standard,"Two-tage, olid-fuel rocket; utainer motor and booter motor",XM501 Non-Line-of-Sight Launch System,26.2 ft (8.0 m)SM-2ER Block IV: 21 ft 6 in (6.55 m) with booster,United States,Mark 54 Light Torpedo,"Radar proximity and contact fuse, high explosive 137 lb (62 kg) continuous rod, later blast fragmentation"," for modified Aegis VLS ships capable of tracking both TBM's and aircraft.
",SM-2ER Block IV:Main body: 13.5 in (34.3 cm)Booster: 21 in (53.3 cm),Guidance and control modifications for better performance in severe ECM environments,
358,,Surface-to-air missile,RIM-85,,,,United States,,,1968,,,
359,,Surface-to-air missile,RIM-101,,,,United States,,PBX-W107,1973,,Midcouse: semi-active radar homingTerminal: infrared homing,
360,,Surface-to-air missile,RIM-113,,,,United States,,,1976-1979,,,
363,620 lb (280 kg),Medium-range surface-to-air missile  Surface-to-surface missile[1],RIM-162 ESSM,Mk 134 Mod 0 olid fuel rocket,Launch controller(1 per 16 missiles),12 ft (3.66 m),United States,,86 lb (39 kg) blast-fragmentation,,10 in (254 mm),"Mid-course update datalinkTerminal semi-active radar homing for Block 1, dual semi-active/active radar homing for Block 2[6]",
377,"1,409 lb (639 kg)",Anti-submarine missile,RUM-139 VL-ASROC,Two-tage olid-fuel rocket,United Launch Alliance,16 ft 1 in (4.89 m),United States,,RUM-139A: Mark 46 Mod 5 torpedo,1983 – 1993,1 ft 2 in (358 mm),Inertial guidance and Mk 210 Mod 0 Digital Autopilot Control subsystem,
378,"1,073 pounds (487 kg)[2]",Standoff anti-submarine ballistic missile[1],RUR-5 ASROC,International Turbine  Company,Surface ships[1],14.75 ft (4.50 m)[2],United States,Mark 54 Light Torpedo,"Mark 46 torpedo, 96.8 pounds (43.9 kg)[2] of PBXN-103 high explosive; 10 kt (42 TJ) W44 nuclear warhead (retired)",,16.6 inches (420 mm),,
428,"48,150 pounds (21,840 kg) without boosters; 60,000 pounds (27,000 kg) with boosters",Surface-to-surface cruise missile,SM-62 Snark,"1 Pratt & Whitney J57 jet engine; and 2 Aerojet olid-propellant rocket booterJ57 turbojet: 10,500 pound-force (47,000 N) of thrut; booter rocket: 130,000 pound-force (580,000 N) of thrut",Launch test,67 feet 2 inches (20.47 m),United States,,W39 thermonuclear warhead (explosive yield: 3.8 megatons),,,"astro-inertial guidance with design CEP of 8,000 feet (2,400 m).",
432,"7,700 pounds (3,500 kg)",Anti-ballistic missile,Sprint (missile),"1t tage: Hercule X-265 650,000 pound-force (2,900 kN);2nd Stage: Hercule X-271",Silo,26.9 feet (8.20 m),United States,,W66 nuclear low kt,,53 inches (1.35 m),Radio command guidance,Solid fuel
436,"30,000 pounds (14,000 kg)",Cruise missile,SSM-N-2 Triton,"olid-fuel rocket booter,liquid-fuel ramjet utainer[1][2]",Launching,47 feet 0 inches (14.33 m),United States,,2MT W27 thermonuclear warhead[1][2],,4 feet 9 inches (1.45 m),Astro-inertial or inertial + magnetic; infrared or active radar homing terminal guidance,
443,100 lb (45 kg),Anti-tank missile,SSM-A-23 Dar,Dual-thrut olid-fuel rocket,,5 ft (150 cm),United States,,Shaped charge,,8 in (200 mm),Manual command to line of sight,Solid fuel
690,608 lb (276 kg)[2],Lightweight torpedo,Mark 54 Lightweight Torpedo,Reciprocating external combution,XM501 Non-Line-of-Sight Launch System,106.9 in (2.72 m)[2],United States,Mark 54 Light Torpedo, 96.8 lb (43.9 kg)[2],1999,12.75 in (324 mm)[2],Active or passive/active acoustic homing,Otto II (liquid)
1042,"2,460 lb (1.12 t) total1,000 lb (0.454 t) sustainer1,460 lb (0.7 t) booster",Surface-to-air missile,MIM-3 Nike Aja,"Solid rocket booterliquid fuel utainer55,000 lbf (240 kN) booter2,600 lbf (12 kN) utainer",fixed erector/launchers,32 ft 8 in (9.96 m) overall20 ft 11 in (6.38 m) sustainer13 ft 2 in (4.01 m) booster,United States,,3 warheads using Comp B,,14.6 in (0.37 m) sustainer16.2 in (0.41 m) booster,command guidance,JP-4/UDMH and RFNA (sustainer)
1048,300 pounds (140 kg),Target drone,Northrop AQM-38,Aerojet 530NS3536 lbf (160 N),F-89 Scorpion,9 feet 8 inches (2.95 m),United States,,,,12 inches (300 mm),,Solid fuel
1052,,Anti-ballistic missile,Nike Zeus,"450,000 lbf (2,000 kN)  booter",silo,,United States,,,,,command guidance,
865,508 lb (230 kg),Lightweight anti-submarine torpedo[1],Mark 46 torpedo,"Two-peed, reciprocating external combution","Mark 32 Surface Vessel Torpedo Tubes, ASW Aircraft, RUM-139 VL-ASROC",8 ft 6 in (2.59 m),United States,Mark 54 Light Torpedo, 96.8 lb (43.9 kg),1960[1],12.75 in (323.8 mm),Active or passive/active acoustic homing,Otto fuel II
1074,"2,400 pounds (1,100 kg)",Target drone,AQM-127 SLAT,Marquardt ramjet with integrated Thiokol olid rocket booter,,17.9 ft (5.47 m),United States,,,1984,21 in (54 cm),,
1084,"2,760 lb (1,250 kg) (est)",Anti-ship missile,AGM-158C LRASM,William F107‐WR‐105 turbofan,Air launched:– B-1 Lancer– F/A-18E/F Super Hornet– F-35 Lightning II (integrating)– P-8 Poseidon (integrating)Surface launched:– Mk 41 VLS– HIMARS (exploring),14 ft (4.26 m) (est),United States," 1,000 lb (453.6 kg)"," 1,000 lb (453.6 kg)",2009–2017,,"GPS, INS, IIR (EO),with AI guidance in on-board sensors (to detect high-value target)",
1090,"3,300 lb (1,500 kg)",Surface-to-air missile (Primary role)  Anti-ballistic missile (Terminal phase) Anti-ship missile (Secondary role),RIM-174 Standard ERAM,"Two Stage: Solid rocket booter, olid rocket booter/utainer",Surface ship,21.5 ft (6.6 m),United States,,140 lb (64 kg) blast fragmentation[7],,13.5 in (0.34 m) for Block IA21 in (0.53 m) for Block IB,"Inertial guidance, terminal active and semi-active radar homing",
1096,,Beyond-visual-range air-to-air missile,AIM-260 JATM,,United Launch Alliance,,United States,,High explosive blast-fragmentation,,,"inertial guidance, two way data link, active radar homing",
1098,"2,700 pounds (1,200 kg)",Air-to-surface missile,ASALM,Marquardt rocket/ramjet,,14 feet (4.3 m),United States,,W69 thermonuclear,,,Inertial + passive antiradiation and active radar homing for air-to-air mode[1],
1099,,Anti-radiation missile,Brazo,Rocketdyne Mk 38,,12.0 feet (3.66 m),United States, 65 pounds (29 kg), 65 pounds (29 kg),1972-1973,8 inches (200 mm),,Solid fuel
1101,"21,600 kilograms (47,600 lb)[1]",Anti-ballistic missile,Ground-Based Interceptor,"Solid-fuel booter, liquid-fuel vehicle[2]",Silo,16.61 metres (54.5 ft)[1],United States,,Exoatmospheric Kill Vehicle,,1.28 metres (4.2 ft)[1],Inertial + imaging infrared,
1102,,Hypersonic air-launched anti-ship missile,Hypersonic Air Launched Offensive Anti-Surface,,F/A-18E/F Super Hornet,,United States,,,,,,
1103,,Hypersonic air-launched cruise missile,Hypersonic Attack Cruise Missile,Scramjet,F-15E Strike Eagle[2],,United States,,,,,,
1104,400 pounds (180 kg),Air-to-air missile,Have Dash,Rocketdyne Mk 58 Mod 5,,12 feet (3.7 m),United States,,,1990–1992,,,Solid fuel
1106,,Mobile Ballistic Missile Defense System,Kinetic Energy Interceptor,olid fuel rocket,,466 in (11.8 m),United States,,,,40 in (1.0 m),,
1108,"16,300 lb (7,400 kg)[1]",,Long-Range Hypersonic Weapon,,,,United States,,,,34.5 in (0.88 m)(reportedly)[5],,
1112,,Hypersonic glide vehicle medium-range ballistic missile[1],OpFires,rocket motor,specialized MRP for Palletized Load System,,United States,,,,,,
1113,,Rocket artilleryShort-range ballistic missile,Precision Strike Missile,,"M270 MLRS, M142 HIMARS",13 feet (4.0 m),United States,Shell 91 kg,,,17 inches (430 mm),,
1115,,Air-to-surface missile,Wagtail (missile),International Turbine  Company,B-58 Hustler,5.6 feet (1.7 m),United States,,,1956–1961,12 inches (300 mm),,Solid fuel
290,5 lb (2.3 kg),"Short-range, Active radar homing, Passive radar homing surface-to-air missile",Miniature Hit-to-Kill Missile,Solid-fuel rocket motor,Multi-Mission Launcher,2.5 ft (0.76 m),United States of America,,,,1.6 in (41 mm),Active or Passive radar guidance,
1116,"24,040 kg","Multiple rocket launcher",M270 Multiple Launch Rocket System,"Cummin VTA-903 dieel engine[5]500 hp (373 kW) at 2600 rpm[5]600 hp (447 kW) (M270A1)[1]","United Launch Alliance","274.5 in (6.97 m)[5]","United States","Power/18.9 hp/ST (15.5 kW/t) (M270)[5]",,"1977",,,
185,9.7 kg (21 lb),Anti-Tank Missile Launcher,FGM-172 SRAW,,Man-portable launcher,70.5 cm (2.31 ft),"United States, Israel",,FGM-172A: explosively formed penetratorFGM-172B: multipurpose blast warhead,1990–2002,139 mm (5.5 in),PLOS (Predicted Line Of Sight),
294,"104,500 kg (230,400 lb)"," numbers(1947–1955)
",RT-23 Molodets,,Launch mass (t),"23,400 mm (920 in)",USSR,,'s,,"2,410 mm (95 in)","Inertial, autonomous",Solid fuel
205,"29,100 kg"," numbers(1947–1955)
",R-5 Pobeda,,,20.75 m,USSR,,"80 kt, 1 Mt thermonuclear warhead",,1.65 m,inertial guidance plus radio command guidance,Liquid (92% Ethanol/water solution & LOX)
327,"13,430 kg (29,610 lb)[2]",Tactical ballistic missile,R-1 (missile),,White Sands V-2 Launching Site,"14,650 mm (48 ft 1 in)",USSR,,,,"1,650 mm (5 ft 5 in)",,
328,"19,632 kg"," numbers(1947–1955)
",R-2 (missile),,White Sands V-2 Launching Site,17.65 m,USSR,,,,1.65 m,,LOX / Alcohol
332,86.3 t," numbers(1947–1955)
",R-14 Chusovaya,,"Silo, pad, or mobile launcher","24,400 mm",USSR,Blast yield1 Mt (light warhead)[1][2][3]2-2.3 Mt (heavy warhead)[1][4][3], 680 kg,1958-1960,"2,400 mm",inertial guidance,Hydrazine/Nitrogen tetroxide
337,"R-27/R27-U: 14,200 kg (31,300 lb)R-27K: 13,250 kg (29,210 lb)",,R-27 Zyb,,Launch Date,R-27/R27-U: 8.890 m (29.17 ft)R-27K: 9.000 m (29.528 ft),USSR,,"Payload capacityR-27: 650 kg (1,430 lb) Single [1]R-27U: 650 kg (1,430 lb) Single  or3x 0.2 MT s 170 kg (370 lb) each[1]",1962 - 1968,R-27/R27-U/R-27K: 1.500 m (4.92 ft),,N2O4/UDMH
369,"35,500 kg (78,300 lb)",Intercontinental ballistic missile,RT-1,,,18.3 m (60 ft),USSR,,600–1000 kt nuclear warhead,,2 m (6 ft 7 in),,
373,"16,000 kg (35,000 lb)"," numbers(1947–1955)
",RT-15,,,11.93 m (39.1 ft),USSR,,1 Mt nuclear warhead,,1.49 m (4 ft 11 in),,
374,"30,200 kg (66,600 lb)+545 kg (1,202 lb) (Light Warhead version)+1,410 kg (3,110 lb) (Heavy Warhead version)"," numbers(1947–1955)
",RT-20P,,TEL; platform based on T-10 tank,17.48 m (57.3 ft) 'Light' Warhead17.80 m (58.4 ft) 'Heavy' Warhead,USSR,,Single 0.4 MT 'Light'  orSingle 1 MT 'Heavy',1961-1964,1.8 m (5 ft 11 in),inertial,Solid AK-27P + UDMH
400,"9,700 kg (21,400 lb)"," numbers(1947–1955)
",TR-1 Temp,,Road-mobile TEL,"12,400 mm (490 in)",USSR,,Single 500 kt warhead,,"1,010 mm (40 in)",Inertial,
845,"15,240 kg (33,600 lb)",Multiple rocket launcher,BM-24,V-54-T 250HP12-cylinder dieel,,5.8 m (19 ft 0 in),USSR,,,,Caliber: 240 mm (9.4 in),,
883,,cruise missile,10Kh,Chelomey D-3ca 3.924 kN (882 lbf) thrut,Petlyakov Pe-8  Tupolev Tu-2LL,,USSR,,,1945,,,Gasoline
919,"5,800 kg (12,800 lb)"," numbers(1947–1955)
",R-17 Elbrus,,TEL,"11,200 mm (36.7 ft)",USSR,,,1956–1958,880 mm (2.89 ft),,UDMH/HNO3
1000,"18,145 kg (40,003 lb)",Multiple rocket launcher,BM-25 (multiple rocket launcher),YaMZ-206B 6-cylinder205 HP dieel,,"Shell: 5.8 m (19 ft 0 in)Weight: 455 kg (1,003 lb)",USSR,,,1953,,,
711,,Multiple rocket launcher,Katyusha rocket launcher,,,,"Voronezh, Russian SFSR, Soviet Union",,,,,,
70,,,AGM-159 JASSM,,,,,,,,,,
71,49 kg (108 lb),ASM,AGM-169 Joint Common Missile,Solid-fueled rocket motor,United Launch Alliance,1.775 m (5 ft 10 in),,,Multi-purpose shaped charge/blast fragmentation,,0.178 m (7 in),"Semi-active laser guidance, imaging infrared and millimeter-wave active radar homing",
72,108 lb (49 kg),Air-to-surface missile,AGM-179 JAGM,,United Launch Alliance,"70 in (1,800 mm)",,,,,7 in (180 mm),Semi-active laser and millimeter-wave radar,
85,,,AIM-26 Falcon,,,,,,,,,,
86,,,AIM-47 Falcon,,,,,,,,,,
89,,,AIM-82,,,,,,,,,,
91,,,AIM-95 Agile,,,,,,,,,,
94,,,AIM-152 AAAM,,,,,,,,,,
99,,,Argentina and weapons of mass destruction,601t er Grouping,,,,,,,,,
100,268 kg (591 lb),Air-to-surface anti-radar missile,ALARM,Bayern Chemie two tage olid-fuel rocket motor,"Tornado GR.4, Tornado F3, J22 Orao",4.24 m (13 ft 11 in),,,Proximity fused high-explosive,1982,230 mm (9 in),Pre-programmed/passive radar seeker,solid-propellant
102,"14,110 lb (6,400 kg)",Single-stage SRBM,al-Husayn (missile),,3 Mobile launchers:MAZ-Soviet modifiedAl-Whaleed-local productionAl-Nida-local productionConcrete silo,41.5 ft (12.46 m),,,,,3 ft (0.9 m),Inertial,liquid propelled
103,,Single-stage ballistic missile,Al-Samoud 2,,Mobile launcher,"7,14m",,,280kg,,760mm,Inertial,Liquid propellant(Al-Samoud)RFNA/UDMH[1]Solid propellant(Ababil-100)
1,"16,259 kg (35,845 pound)",IRBM second stage[citation needed],Aggrega,A9,White Sands V-2 Launching Site,"14.18 m (46' 6¼"")",,,1000 kg (2204 pound) payload[30],,"1.65 m (5' 5"") maximum",,
11,"490 kg (1,080 lb)",Long range air-to-air missile,R-33 (missile),,"Launch mass, kg",", mm",,," mass, kg
",,380 mm (15 in),inertial and semi-active radar homing; terminal active radar homing (R-33S)[5],
14,"175 kg (R-77), 190 kg (R-77-1)",Beyond visual range air-to-air missile,R-77,,"MiG-21UPG, MiG-29, Su-27, Sukhoi Su-30, Sukhoi Su-34, Sukhoi Su-35, Sukhoi Su-57","3.6 m (R-77), 3.71 m (R-77-1)",,,22.5 kg HE fragmenting (R-77),,200 mm,Transis guiding phase: Inertial guidance with mid-course SARH and datalink update.,
16,," 07
",AAM-3,,,,,,,,,,
17,," 3 Chū-SAM
",AAM-4,,,,,,,,,,
25,,Joint Stock Company,Vympel NPO,,,,,,,,,,
31,,,ADM-141 TALD,,,,,,,,,,
37,"11,000 pounds (5,000 kg)",Air-launched ballistic missile,GAM-87 Skybol,Aerojet General two-tage olid-fuel rocket,Aircraft,38 feet 3 inches (11.66 m),,,W59 thermonuclear weapon (1 megaton),,35 inches (890 mm),inertial guidance,
40,,,AGM-63,,,,,,,,,,
41,,,AGM-64 Horne,,,,,,,,,,
46,,Air-to-ground missile (AGM),AGM-79 Blue Eye,,,13 feet 7 inches (4.14 m),,,,,1 foot 6 inches (46 cm),Electro-optical,
52,,,AGM-87 Focus,,,,,,,,,,
57,,Business unit of Kongsberg Gruppen,Kongsberg Defence & Aerospace,,,,,,,,,,
60,,,AGM-124 Wasp,,,,,,,,,,
67,,,AGM-153,,,,,,,,,,
68,"483 to 497 kg (1,065 to 1,095 lb)",Glide bomb,AGM-154 Joint Standoff Weapon,,XM501 Non-Line-of-Sight Launch System,410 cm (160 in),,Mark 54 Light Torpedo,BLU-97/B - Combined Effects Bomblets (JSOW A)BLU-108 - Sensor fused weapon (JSOW B - now cancelled)BROACH multi-stage warhead (JSOW C),,GBU-53/B Small  Bomb II,"Inertial Navigation System coupled with Global Positioning System, terminal Infrared homing (AGM-154C Only)",
165,"3,800 kg[3]",SRBM,DF-11,ingle-tage olid-propellant rocket,Road-mobile TEL,,,,"500 kg: 2/10/20 kiloton nuclear warhead, fuel-air explosive (FAE), chemical, or submunition[3]",,,Astro-inertial guidance (including ring-laser gyroscope) + Beidou satellite guidance,
166,"6,200 kg",SRBM,DF-15,Single-tage olid-propellant rocket,Road-mobile TEL,9.1 m,,,"Nuclear 50-350 Kt, or conventionalManeuverable reentry vehicles [1]",,1.0 m,Astro-inertial guidance (including ring-laser gyroscope) + Beidou,
168,,IRBM,DF-25,two-tage olid-propellant rocket,road-mobile Transporter erector launcher[2],,,,1 or more (up to 3) nuclear or conventional warheads.,,,Inertial guidance/BeiDou Navigation Satellite System + terminal active radar homing guidance[2],
171,Fully loaded: 41.7 t Empty: 3.15 t," numbers(1947–1955)
",R-12 Dvina,,open-launch and silo-based,"22,100 mm",,,Thermonuclear,,"1,650 mm",autonomous inertial,liquid (AK-27I / TM-185)[4]
173,," 69 RPG
",Emad (missile),,,,,,1,,1.25 meters,,liquid fuel
175,,,Enzian,,,,,,,,,,
180,"3,500 kg"," 69 RPG
",Fateh-110,"Single tage, olid fuel rocket",mobile launcher,8.90 m,,[citation needed]," [citation needed]
",,0.60 m,Inertial & electro-optical terminal (according to Iranian media)[1]GNSS (according to Western analysts)[2],
279,,,MGM-157 EFOGM,,,,,,,,,,
280,,,MGM-166 LOSAT,,,,,,,,,,
284,,,Project Nike,,,,,," nuclear
",,,,
286,,,MIM-46 Mauler,,,,,,,,,,
289,67 kg,Surface-to-air missile,Roland (missile),Dual-thrut olid-fueled rocket:,,2.40 m,,,6.5 kg (14.3 lb) pre-fragmented high-explosive,1963,16 cm,tracking radar,
296,71.2 tonnes,ICBM,MR-UR-100 Sotka,,Launches,"22,510 mm",,,1 or 4,,"2,250 mm",inertial,
302,,,Nulka,,,,,,,,,,
305,,,KSShch,,,,,,,,,,
195,,,Global Rocket 1,,Launch Weight,Total,,," Yield
",,Missile,,
202,,,Peenemünde,,,,,,,,,,
204,,Federal state unitary enterprise,TsNIIMash,Reearch and Development Intitute of Mechanical ering,,,,,,,,,
222,," 64 tank
",Hsiung Feng I,,,,,,,,,,
232,,,Jericho (missile),,Launch location,,,,,,,,
233,"14,700 kilograms (32,400 lb)",SLBM,JL-1,,Xia class submarine,10.7 metres (35 ft),,,nuclear,1970s,,Inertial,Solid fuel
239,," 69 RPG
",Persian Gulf (missile),Solid (ingle tage),mobile launcher,8.86 m,,,650 kg,,0.61 m,,
255,"19,500 kg (43,000 lb)",SLBM,M2 (missile),"Two-tage olid-fuel rocket440 kN (99,000 lbf)",Redoutable-class SNLEs (SSBNs),10.67 m (35.0 ft),,,,,1.52 m (5 ft 0 in),Inertial,
256,"36,000 kg (79,000 lb)",SLBM,M4 (missile),Three tage Solid-fuel rocket,Redoutable-class submarines,11.5 m (38 ft),,,"6 × TN 71 MIRV, with penetration aids",,1.93 m (6 ft 4 in),Inertial,
257,"52,000 kg",SLBM,M51 (missile),three-tage olid-fuel rocket (ammonium perchlorate compoite propellant),Triomphant-class submarinesSNLE 3G (planned),12.0 m,,,"M51.1 = 6 to 10 TN 75 MIRV 110 kiloton (kt) (420 TJ), with penetration aids.M51.2 (2015) = using the new Tête nucléaire océanique 100 kt / CEP 150–200 m[1][2]M51.2 (2015) = using the new TNO BC 300 kt / CEP 150–200 m[3]",,2.3 m,Astro-inertial guidance. Galileo system is planned.,
259,35 t,SLBM,M45 (missile),3-tage Solid-fuel rocket,Triomphant-class submarines,11.05 m (36.3 ft),,,6 x 110 kt TN 75,,1.93 m (6.3 ft),Inertial plus computer payload control,
263,,,CITEFA MP-1000 Martin Pescador,,,,,,,,,,
270,,Cruise missile of aircraft,MGM-13 Mace,,,,,,,,,,
116,,,ASRAD-R,,,,,,,,,,
131,,,Bantam (missile),,,,,,,,,,
133,,Unmanned aerial vehicle / Aerial target of aircraft,Ryan Firebee,,,,,,,,,,
146,,,Brakemine,,,,,,,,,,
159,80.4 tonnes,ICBM,R-9 Desna,,,"24,190 mm",,,1,From 1959,"2,680 mm","inertial, Control system by NII-885 of N.A.Pilyugin and M.S.Ryazanski. Gyroscopes by NII-944 of V.I.Kuznetsov.",
161,,,Dongfeng (missile),,,,,,,,,,
450,135 kg,Anti-submarine weapon,Terne ASW,Solid-fueled Rocket; 52 kN (11700 lb),Land and Naval ships,1.95 m,,,50 kg,,0.21 m,Unguided rocket + depth charge,
453,,Multiple rocket launcher,TOROS artillery rocket system,,Launcher pods,,,,,,,,
465,,,Voivode,,,,,,,,,,
307,,,PAAMS,,,,,,,,,,
313,,,Polyphem,,,,,,,,,,
323,Qassam 1: 35 kg;Qassam 2: 40 kg;Qassam 3: 50 kg;Qassam 4: 40–50 kg[1],,Qassam rocke,,,Qassam 1: 180 cm;Qassam 2: 180 cm;Qassam 3: 220 cm;Qassam 4: 244 cm[1],, Qassam 1: 5 kg;Qassam 2: 10 kg;Qassam 3: 20 kg;Qassam 4:~10 kg, Qassam 1: 5 kg;Qassam 2: 10 kg;Qassam 3: 20 kg;Qassam 4:~10 kg,2001,Qassam 1: 11.5 cm;Qassam 2: 11.5 cm;Qassam 3: 11.5 cm;Qassam 4: 11.5 cm[1],,Solid fuel (sugar and potassium nitrate mix)
324,"6,155 kg (13,569 lb)[1]"," 69 RPG
",Qiam 1,Liquid fuel rocket,Multiple[3],11.5 m (38 ft)[1],,,"750 kg (1,650 lb) High explosive (HE) fragmentation, submunitions, nuclear possible[1]",,0.88 m (2.9 ft) (body),Inertial navigation system,
330,," numbers(1947–1955)
",R-11 Zemlya,,,,,,,,,,
331,,,R-13 (missile),,,,,,,,,,
333,,,R-15 (missile),,,,,,,,,,
334,"Between 140.6 tonnes (154,98 tons) and 141.2 tonnes (155,65 tons), depending on warhead[2]",,R-16 (missile),,,"Between 30,440 mm (99.86 ft) and 34,300 mm (112.53 ft), depending on warhead[2]",,,,,"3,000 mm (9.84 ft)",inertial guidance,AK27I + UDMH
340,,,R-46 (missile),,,,,,,,,,
343,,,RBS 23,,,,,,,,,,
349,"23,000 pounds (10,000 kg)[1]",Cruise missile,SSM-N-9 Regulus II,"1x General Electric J79-GE-3 turbojet  1x Rocketdyne olid-fueled rocket[1]15,600 lbf (69 kN) + 135,000 lbf (600 kN)[1]",Launching,57 feet 6 inches (17.53 m)[1],,,W27 Thermonuclear weapon[1],,50 inches (1.3 m)[1],Inertial[1],
375,"43,000 kg",Intercontinental ballistic missile,RT-21 Temp 2S,,Mobile launcher vehicle,"18,500 mm",,,Single 0.65-1.5 Mt warhead,,"1,790 mm",Inertial,
395,,,Saegheh,,,,,,,,,,
398,22.5 tonnes[1]," 69 RPG
",Sejjil,,Mobile launcher[5],18.2 m[1],," 500-1,500 kg[2]"," 500-1,500 kg[2]",,1.25 m[1],Inertial - GPS[citation needed],Solid fuel
401,,s of tools,Scalpel,,,,,,,,,,
402,,,Scapegoa,,,,,,,,,,
411,41.4-42.3 tonnes,ICBM,UR-100,,Launches,"16,930 mm",,,1,,"2,000 mm",inertial,
412,"5,860 kg",Tactical SRBM,Shahab-1,,,10.94 m,,,"1,000 kg",,0.885 m,Inertial,
413,"6,370–6,500 kg",Tactical SRBM,Shahab-2,Liquid,,11.37–12.29 m,,,770kg[2],,0.885 m,inertial,
414,,Strategic MRBM,Shahab-3,Liquid propellant rocket[2],Launch vehicles,,,,"One (1,200 kg or 2,600 lb) at 1,000-2,000 km[1]– five cluster munition warheads in new models (280 kg or 620 lb) each warhead, each warhead can target different destinations.",,1.2 m (3 ft 11 in),inertial navigation system,
416,,,Shahab-5,,,,,,,,,,
417,,,Shahab-6,,Launch vehicles,,,,,,,,
424,," 64 tank
",Sky Bow,,,,,,,,,,
429,"8,945 lb (4,057 kg) including booster",Cruise Missile,XSM-73 Goose,,Zero-length ground launcher.,33 ft 6 in (10.21 m),,,None,,,Autopilot integrated with a rate integrating gyroscope pre-programmed to turn the SM-73.,"Thiokol solid-propellant rocket; 50,000 lbf (222 kN) thrust for 3 seconds."
430,"5,000 lb (2,268 kg) to 7,500 lb (3,402 kg)",Decoy missile,XSM-74,,Zero-length ground launcher,29 ft 5 in (9 m),,,None,,,,
431,,,Spider,,,,,,,,,,
433,"126.3 t (278,000 lb)",ICBM,UR-100N,,Launches,27.5 m (90 ft 3 in),,,1 x 1 Mt or 6 x 400 kt[1],,2.48 m (8 ft 2 in),inertial,
441,,,SS-N-22,,,,,,,,,,
445,Super 530F: 245 kg (540 lb),,Super 530,Solid-fuel rocket motor,,Super 530F: 3.54 m (11 ft 7 in),,,30 kg (66 lb) high-explosive fragmentation,,263 mm (10.4 in),Semi-active radar homing (SARH)[1],
630,,,Precision-guided munition,,,,,,,,,,
783,," 69 RPG
",Paveh cruise missile,,,,,,,,,,
787,," 69 RPG
",Ghassed,,,,,,,,,,
788,,Supercavitation Torpedo,Hoot (torpedo),Solid-fuel rocket,,,,,High explosive,,,,
790,,,S-24 rocke,,,,,,,,,,
794,,,Bina (missile),,,,,,,,,,
795,560 kg,Air-to-surface missile,Zoobin,Solid rocket engine,,3.18 m,,,Tritonal or Minol,,408 mm,TV-homing,
800,,,Radar,,,,,,,,,,
801,,,Ghamar (3D radar),,,,,,,,,,
803,,,Sepehr (radar),,,,,,,,,,
810,," 63
",Korean People's Army Strategic Force,,,,,,,,,,
814,," 63
",KN-24,Solid fuel rocket,tracked or 8×8 wheeled TEL[2],7.2 metres,,,"400–500 kg (880–1,100 lb)",2019,1.1 metres,"Inertial navigation system (INS), possible satellite navigation",
815,"3,000 kg (6,600 lb)"," 63
",KN-25,,Wheeled or tracked vehicle,8.2 m (27 ft),,,,2019,600 mm KN24 450 mm KN25 MRL,Possibly inertial with satellite,
818,," 63
",Hwasong-5,,,,,,"Conventional high-explosive, Fragmentation, Chemical VX warhead",,,,
819,," 63
",Hwasong-6,Liquid,,12 m,,,"Conventional high-explosive, Fragmentation, Chemical VX warhead",,0.88 m,Inertial,
633,,,KAB-500KR,,,,,,,,,,
634,,,Dong Neng-3,,,,,,,,,,
635,,,Dong Neng-2,,,,,,,,,,
637,,,Project 640,,,,,,,,,,
640,,,Short range air defense,,,,,,,,,,
642,,,HQ-11,,,,,,,,,,
647,,,FB-10,,,,,,,,,,
648,,,Beyond-visual-range missile,,,,,,,,,,
650,,,PL-17,,,,,,,,,,
653,,,PL-7,,,,,,,,,,
656,,,Transporter erector launcher,,,,,,,,,,
663,,,Tractor uni,,,,,,,,,,
666,Nanking acre," 97 Service Dress
",People's Liberation Army,er [zh],,,,,,,,Central Guidance Commission on Building Spiritual Civilization,
684," destruction
",s,Torpedo,,,,,,,,,,
689,,,Defence Research and Development Organisation,Armament & Combat ering Sytem,,,,,,,,,
695,,,Laser-guided bomb,,,,,,,,,,
697,,,KAB-500L,,,,,,,,,,
698,,,Paveway,,XM501 Non-Line-of-Sight Launch System,,,Mark 54 Light Torpedo,,,,,
699,,,Griffin LGB,,,,,,,,,,
704,,,Air-to-Air Stinger,,,,,,,,,,
706,," 53
",Integrated Guided Missile Development Programme,,,,,,,,,,
710,,,Islamic Revolutionary Guard Corps Aerospace Force,,Launch market competition,,,,,,,,
713,,,Falaq-1,,,,,,,,,,
714,,,Falaq-2,,,,,,,,,,
719,360 kg,Rocket artillery,Oghab,Solid-fuel rocket,,4.82 m,,,Up to three,,23 cm,None,
720,,,Rocket artillery,,,,,,,,,,
721,"2,650 kg",Rocket artillery,Tondar-69,Two-tage olid-fuel and/or liquid fuel,,10.8 m,,,Single warhead,,"0.65 m (first stage), 0.5 m (second stage)",Inertial with command updates[1],
723,,Artillery rocket,Naze'a,Solid,Transporter erector launcher,,,,,,,,
725,"3,545 kg",Artillery rocket,Zelzal-2,Solid,Transporter erector launcher,16 m,,,one,,610 mm,None,
726,3.6–3.87 tonnes depending on model.," 69 RPG
",Zelzal-3,Solid,Transporter erector launcher,9–9.6 m depending on model,,,One,,610 mm,Inertial plus GPS[3],
730,"3,245 kg"," 69 RPG
",Fateh-313,ingle-tage olid rocket motor,mobile launcher,"8,756 mm",, 380 kg, 380 kg,,612 mm,Inertial & electro-optical terminal,
737,," 69 RPG
",Ghadr-110,"Firt tage liquid,Second tage olid",,,,,One,,,"Inertial guidance, Global Positioning System",
739,,Strategic MRBM,Fajr-3 (missile),Liquid,,,,,3 Conventional warheads,,,Inertial,
740,," 69 RPG
",Dezful (missile),,,,,,,,,,
742,,Strategic MRBM,Ashoura (missile),olid fuel rocket[1],,,,,One,,2.2 m,inertial,
745,,,Project Koussar,,,,,,,,,,
764,,,Qaem,,,,,,,,,,
770,,,Sadid-1,,,,,,,,,,
774,," 69 RPG
",Noor (missile),turbojet engine,Ships/Ground-launchers/Planes,,,,high-explosive fragmentation,,,Inertial navigation/active radar homing terminal guidance,
776,100 kg," 69 RPG
",Kowsar,Solid rocket engine,Ground-based vehicles and Zolfaghar class fast attack craft,2.507 m,,,29 kg time-delayed semi-armour-piercing high-explosive,,0.18 m,"TV-homing, Infra-red, millimetre radar",
781,," 69 RPG
",Meshkat (missile),,,,,,,,,,
468,,,Ruhrstahl X-4,,,,,,,,,,
472,,,Lists of weapons,er,,,,,,,,,
481,,,Model rocke,,,,,,,,,,Anatomy of a basic black-powder model rocket motor. A typical motor is about 7 cm (2.8 in) long. 1. Nozzle; 2. Case; 3. ; 4. Delay charge; 5. Ejection charge; 6. End cap
484,,,NATO reporting name,,,,,,,,,,
506,,,Man-portable air-defense system,,,,,,,,,,
508,,,Rocket (weapon),,,,,,,,,,
509,,,Radar guidance,,,,,,,,,,
510,,,Radar altimeter,,,,,,,,,,
513,,,Passive radar,,,,,,,,,,
514,,,Track-via-missile,,,,,,,,,,
521,,s,Laser guidance,,,,,,,,,,
523,,,Guided bomb,,,,,,,,,,
526,,,Inertial navigation system,,,,,,,,,,
527,,,TERCOM,,,,,,,,,,
528,,,Automatic target recognition,,,,,,,,,,
529,,,Radio control,,,,,,,,,,
530,,,Television guidance,,,,,,,,,,
532,,,Compass,,,,,,,,,,
538,,,Sounding rocke,,,,,,,,,,
542,,,Aviation,ering,,,,,,,,,
543,,,Lists of aviation topics," number
",,,,Maximum takeoff,,,,,
551,,,Lists of airlines,,,,,,,,,,
554,,,Lists of airports,,,,,,,,,,
556,,,Civil aviation authority,,,,,,,,,,
563,,,Timeline of aviation,,,,,,,,,,
575,,,Flight airspeed record,,,,,,,,,,
576,,Bristol  138,Flight altitude record,,,,,,,,,,
577,"",,Flight distance record,,,,,,,,,,
586,,,China,,,,,,,,,,
590,,,BRE (rocket),,,,,,,,,,
591,,,WM-80,,,,,,,,,,
592,," 98
",Weishi rockets,,,,,,,,,,
595,,,Hypersonic speed,,,,,,,,,,
603,,,YJ-22,,,,,,,,,,
1026,,,Red Hebe,,,,,,,,,,
1036,,,Nuclear weapons delivery,ering,,,,,,,,,
1037,,,Blue Water (missile),,,,,,,,,,
1041,,,1963 United States Tri-Service rocket and guided missile designation system,,Launched from a submarine or other underwater device,,,,,,,,
1043,"10,710 pounds (4,860 kg)",Surface-to-air missile,Nike Hercules,"Booter: Hercule M42 olid-fueled rocket cluter (4× M5E1 Nike booter) 978 kilonewton (220,000 lbf)Sutainer: Thiokol M30 olid-fueled rocket 44.4 kilonewton (10,000 lbf)",,41 feet (12 m) overall26 feet 10 inches (8.18 m) second stage,,,"initially W7 (2.5 or 28 kt[1]: 52 [verification needed] later W31 nuclear 2 kt (M-97) or 20 kt (M-22)[2]: 45  or T-45 HE warhead weighing 1,106 pounds (502 kg) and containing 600 pounds (270 kg) of HBX-6 M17 blast-fragmentation",,booster 31.5 inches (800 mm)second stage 21 inches (530 mm),command guidance,solid fuel
1047,,Sporting,Beechcraft AQM-37 Jayhawk,,XM501 Non-Line-of-Sight Launch System,,,Mark 54 Light Torpedo,,,,,
1056,,Unmanned Aerial Vehicle of aircraft,Northrop BQM-74 Chukar,,,,,"This section may lend undue  to certain ideas, incidents, or controversies. Please help to create a more balanced presentation. Discuss and resolve this issue before removing this message.  (May 2020)",,,,,
1057,,,BQM-90,,,,,,,,,,
1060,,Unmanned Aerial Vehicle (UAV) of aircraft,Boeing YQM-94 B-Gull,,,,,,,,,,
825,~80 tonnes," 63
",Taepodong-2,Liquid,Launch pad,~30 m,,,,,2.0–2.2 m,Inertial,
832,,,KN-19,,,,,,,,,,
833,,,SS-N-3 Shaddock,,,,,,,,,,
839,,,3M6 Shmel,,,,,,,,,,
842,,,MAZ-7310,,,,,,,,,,
843,,,Multiple rocket launcher,,,,,,,,,,
849,," 63
",1993 North Korean missile tes,,,,,,,,,,
850,," 63
",2006 North Korean missile tes,,Launch site,,,,,,,,
851,," 63
",2009 North Korean missile tests,,,,,,,,,,
852,," 63
",2013 North Korean missile tests,,,,,,,,,,
853,," 63
",2014 North Korean missile tests,,,,,,,,,,
854,," 63
",2017 North Korean missile tests,,,,,,,,,,
855,," 63
",2021–2023 North Korean missile tests,,,,,,,,,,
859,,,Pakistan,,,,,,,,,,
860,,,Pakistani missile research and development program,Karachi Shipyard & ering Work,,,,,,,,,
871,,,Glide bomb,,,,,,,,,,
879," media
",,Russia,,,,,,,,,,
889,,,KSR-5,,,,,,,,,,
913,,,Navy,er,,,,,,,,,
930,40.3 tonnes[1],SLBM,R-29RM Shtil,Three-tage liquid fueled tage uing N2O4/UDMH propellant[3],,14.8 metres[1],,,"The payload (2800 kg) was capable of carrying ten 100 kT yield MIRV warheads, though only a four MIRV warhead version entered production.",,1.9 m[1],Astroinertial[1],
933,,Strategic SLBM,R-39M,,,,,,10,,,Astro-inertial,
934,"Whole system: 19.4 tMissile: 800 kg (1,800 lb)",Anti-submarine missile,RPK-9 Medvedka,,,5.53 m (18.1 ft),,,MPT-1UE-Torpedo,,400 mm (16 in),,
963,,Active phased array radar station,5N65 radar,,,,,,,,,,
965,,,Duga radar,,,,,,,,,,
969,,,Baranavichy Radar Station,,,,,,,,,,
986,,,Burya,,,,,,,,,,
987,,,RSS-40 Buran,,,,,,,,,,
989,,,Taifun 9M15,,,,,,,,,,
998,,,RS-82 (rocket family),,,,,,,,,,
1005,,,Tumansky RD-9,Abbreviation: HS - HuoSai - Piton,,,,,,,,,
1007,,,Tumansky R-13,,,,,,,,,,
1008,,,Tumansky R-15,,,,,,,,,,
1009,,,Tumansky R-25,,,,,,,,,,
1010,,,Tumansky R-29,,,,,,,,,,
1012,,,Klimov VK-1,Abbreviation: HS - HuoSai - Piton,,,,,,,,,
1061,,Unmanned aerial vehicle (UAV) of aircraft,Ryan YQM-98 R-Tern,,,,,,,,,,
1062,,Interceptor aircraft of aircraft,Convair F-102 Delta Dagger," failure.[58]
",,,,,,,,,
1063,,Unmanned aerial vehicle of aircraft,Ryan Model 147,,,,,,,,,,
1085,,,GQM-163 Coyote,,,"18.4 ft (5.62 m) without booster, 31.4 ft (9.56 m) with booster",,,,,"14 in (35 cm), booster: 18 in (46 cm)",,Aerojet MARC-R-282 solid-fueled ducted rocket/ramjet engine
1087,,aerial target of aircraft,Griffon Aerospace MQM-170 Outlaw,,,,,,,,,,
1095,,Standoff air-launched cruise missile,AGM-181 LRSO,,B-52 Stratofortress,,,,W80 Mod 4 thermonuclear weapon,,,,
1100,,,Common Missile,,,,,,,,,,
1107,,,Long-Range Engagement Weapon,,XM501 Non-Line-of-Sight Launch System,,,Mark 54 Light Torpedo,,,GBU-53/B Small  Bomb II,,
1110,,,Miniature Self-Defense Missile,,,,,,,,GBU-53/B Small  Bomb II,,
1111,,,Network Centric Airborne Defense Elemen,,XM501 Non-Line-of-Sight Launch System,,,Mark 54 Light Torpedo,,,,,
1117,600 lb (270 kg),Surface-to-surface missile,Ground Launched Small Diameter Bomb,M26 rocket motor,M270 MLRSM142 HIMARSOr can be launched from its own launch container,12 ft 10 in (3.91 m)SDB length is 5 ft 11 in (1.80 m)[1],, 93 kg (205 lb)[2][3]Explosive fill: 16 kg (35 lb) AFX-757 Insensitive munition certified PBX[3][4][2][5]Penetration: greater than 3 ft (0.91 m) of steel reinforced concrete[6], 93 kg (205 lb)[2][3]Explosive fill: 16 kg (35 lb) AFX-757 Insensitive munition certified PBX[3][4][2][5]Penetration: greater than 3 ft (0.91 m) of steel reinforced concrete[6],,9+1⁄2 in (240 mm)SDB packed height is 7.75 in (197 mm)SDB packed width is 7.5 in (190 mm)[1],GPS supported INS,
1128,,,Wikipedia:Abou,,,,,,,,,,
1129,,,Wikipedia:General disclaimer,,,,,,,,,,
