timestamp,track_id,track_point_index,target_type,range_km,range_rate_mps,velocity_mps,radial_direction,azimuth_deg,elevation_deg,altitude_m,rcs_m2,signal_strength_db,snr_db,doppler_hz,bearing_rate_deg_s,noise_floor_db,clutter_index,weather_attenuation_db,jam_state,jam_power_db,false_target_count,burn_through_flag,track_quality,confidence
2026-01-01 00:00:00,1000,0,aircraft,268.546,-198.533,198.247,incoming,152.369,13.292,4349.75,10.2148,-58.089,23.56,-1732.511,0.3787,-90.463,0.112,2.583,none,0.0,0,1,0.936,0.894
2026-01-01 00:00:04,1000,1,aircraft,266.494,-192.121,192.536,incoming,154.569,12.972,4383.77,11.785,-56.377,26.363,-3177.897,0.3446,-91.002,0.115,3.032,none,0.0,0,1,0.966,0.945
2026-01-01 00:00:08,1000,2,aircraft,268.676,-201.434,200.745,incoming,154.642,13.979,4479.01,11.6557,-60.888,7.822,-2163.674,0.461,-90.786,0.024,2.081,spot,14.955,0,1,0.771,0.781
2026-01-01 00:00:12,1000,3,aircraft,263.142,-189.244,190.174,incoming,155.115,13.471,4903.5,11.8331,-67.746,-2.378,-1808.534,0.3633,-90.656,0.172,2.963,barrage,17.069,2,1,0.766,0.753
2026-01-01 00:00:16,1000,4,aircraft,265.315,-199.004,199.104,incoming,157.975,13.59,4509.91,11.9144,-54.284,26.301,-1310.694,0.3768,-91.479,0.246,0.278,none,0.0,0,1,0.956,0.913
2026-01-01 00:00:16,1001,0,aircraft,109.754,266.616,266.732,outgoing,89.811,8.09,3982.28,11.2073,-38.266,47.429,3891.36,0.2216,-88.22,0.122,1.115,none,0.0,0,1,0.951,0.93
2026-01-01 00:00:18,1001,1,aircraft,110.314,252.478,252.945,outgoing,90.16,6.897,3986.81,12.7906,-44.887,31.551,1613.794,0.219,-87.145,0.027,2.455,spot,12.681,0,1,0.814,0.803
2026-01-01 00:00:20,1000,5,aircraft,262.111,-198.549,198.491,incoming,159.829,12.629,4464.19,10.6581,-57.791,27.633,-3358.164,0.3662,-89.675,0.196,1.98,none,0.0,0,1,0.939,0.902
2026-01-01 00:00:20,1001,2,aircraft,110.738,265.891,265.96,outgoing,90.757,7.324,3879.75,11.5425,-37.315,49.154,2762.33,0.2093,-86.172,0.127,0.921,none,0.0,0,1,0.941,0.934
2026-01-01 00:00:22,1001,3,aircraft,111.397,258.817,258.824,outgoing,90.943,7.523,4038.25,12.0444,-36.629,50.025,4174.551,0.2512,-86.949,0.155,1.816,none,0.0,0,1,0.948,0.913
2026-01-01 00:00:24,1000,6,aircraft,262.816,-203.872,204.166,incoming,160.916,13.374,4434.32,10.4396,-55.446,20.83,-1388.592,0.3686,-89.558,0.234,2.038,none,0.0,0,1,0.942,0.969
2026-01-01 00:00:24,1001,4,aircraft,112.252,256.326,256.064,outgoing,90.936,7.331,3969.05,12.9496,-37.782,49.02,2179.619,0.2555,-86.274,0.129,3.046,none,0.0,0,1,0.951,0.924
2026-01-01 00:00:26,1001,5,aircraft,111.309,265.775,265.748,outgoing,91.893,7.251,4040.9,13.0203,-44.163,33.367,4046.682,0.0883,-86.711,0.183,1.031,spot,13.193,0,1,0.826,0.87
2026-01-01 00:00:28,1000,7,aircraft,261.822,-204.662,204.651,incoming,161.662,13.466,4419.8,12.915,-52.82,26.367,-1813.007,0.3562,-90.235,0.063,1.461,none,0.0,0,1,0.946,0.943
2026-01-01 00:00:28,1001,6,aircraft,113.18,258.657,258.74,outgoing,91.687,7.197,3958.57,10.4245,-39.441,45.524,3570.744,0.2318,-86.843,0.095,2.64,none,0.0,0,1,0.947,0.903
2026-01-01 00:00:30,1001,7,aircraft,113.043,248.464,248.245,outgoing,92.411,7.228,3851.23,11.4827,-37.537,46.655,2287.891,0.2372,-87.597,0.067,2.397,none,0.0,0,1,0.931,0.984
2026-01-01 00:00:32,1000,8,aircraft,261.638,-202.5,202.427,incoming,163.676,13.105,4396.08,10.3208,-56.32,24.308,-1734.426,0.3557,-92.426,0.204,2.796,none,0.0,0,1,0.957,0.893
2026-01-01 00:00:32,1001,8,aircraft,114.322,247.258,246.915,outgoing,93.139,7.115,4023.99,11.2259,-37.736,45.118,2885.923,0.2541,-87.812,0.039,2.532,none,0.0,0,1,0.961,0.917
2026-01-01 00:00:34,1001,9,aircraft,113.75,249.586,249.317,outgoing,94.016,8.117,3993.64,12.8745,-38.12,46.736,2927.232,0.2041,-86.073,0.22,2.359,none,0.0,0,1,0.969,0.887
2026-01-01 00:00:36,1000,9,aircraft,261.51,-200.549,201.018,incoming,165.522,13.378,4322.73,12.9897,-54.431,29.417,-2083.134,0.3542,-90.911,0.24,1.504,none,0.0,0,1,0.916,0.974
2026-01-01 00:00:36,1001,10,aircraft,114.447,246.612,246.581,outgoing,93.684,7.8,3957.67,10.8858,-37.849,47.819,2055.002,0.2272,-85.839,0.228,1.292,none,0.0,0,1,0.972,0.908
2026-01-01 00:00:38,1001,11,aircraft,115.886,244.396,244.19,outgoing,94.489,7.534,3930.51,10.0439,-37.385,46.566,1553.322,0.2203,-87.612,0.135,1.588,none,0.0,0,1,0.975,0.925
2026-01-01 00:00:40,1000,10,aircraft,260.54,-202.149,201.54,incoming,166.877,13.674,4356.2,11.617,-63.927,5.61,-2054.658,0.4732,-89.409,0.148,1.752,barrage,15.174,1,1,0.689,0.781
2026-01-01 00:00:40,1001,12,aircraft,115.047,245.05,245.258,outgoing,94.503,7.201,3964.81,10.9264,-39.841,50.414,2743.667,0.1653,-89.394,0.154,1.275,none,0.0,0,1,0.923,0.918
2026-01-01 00:00:42,1001,13,aircraft,115.559,238.31,237.42,outgoing,95.117,7.216,3923.54,10.656,-47.575,28.24,3231.053,0.2313,-85.968,0.075,1.416,barrage,12.396,2,1,0.634,0.793
2026-01-01 00:00:42,1002,0,aircraft,119.877,-216.033,215.818,incoming,203.947,12.424,6980.63,5.8541,-39.509,43.5,-3322.268,-0.1376,-88.808,0.211,0.956,none,0.0,0,1,0.955,0.924
2026-01-01 00:00:44,1000,11,aircraft,259.998,-206.441,206.521,incoming,168.524,13.239,4425.22,10.5284,-53.486,25.693,-1928.138,0.3739,-90.068,0.241,1.479,none,0.0,0,1,0.966,0.978
2026-01-01 00:00:44,1001,14,aircraft,116.505,240.127,239.801,outgoing,95.653,6.953,3981.67,11.3155,-35.827,46.9,3910.427,0.1928,-87.597,0.152,0.367,none,0.0,0,1,0.94,0.928
2026-01-01 00:00:46,1001,15,aircraft,116.604,234.693,234.788,outgoing,96.668,7.335,3909.78,11.3212,-38.696,49.052,3175.763,0.2208,-87.761,0.142,2.372,none,0.0,0,1,0.967,0.95
2026-01-01 00:00:46,1002,1,aircraft,119.238,-220.488,220.545,incoming,203.632,12.593,7235.95,5.4709,-40.295,39.195,-2403.682,-0.0989,-86.967,0.041,2.961,none,0.0,0,1,0.941,0.977
2026-01-01 00:00:48,1000,12,aircraft,258.835,-205.523,205.389,incoming,169.439,13.242,4424.42,13.0144,-54.621,27.327,-1247.191,0.3556,-90.807,0.209,1.627,none,0.0,0,1,0.922,0.863
2026-01-01 00:00:48,1001,16,aircraft,116.762,235.176,235.145,outgoing,96.396,7.63,3907.21,10.576,-36.774,46.131,1566.013,0.1865,-87.015,0.154,0.233,none,0.0,0,1,0.952,0.892
2026-01-01 00:00:50,1001,17,aircraft,117.117,232.764,232.955,outgoing,97.099,7.647,3988.96,11.4159,-37.231,46.382,2541.556,0.2017,-88.822,0.218,2.685,none,0.0,0,1,0.978,0.925
2026-01-01 00:00:50,1002,2,aircraft,119.099,-217.275,217.654,incoming,203.004,12.015,7151.82,6.3447,-39.701,39.798,-3749.745,-0.13,-85.256,0.051,1.282,none,0.0,0,1,0.978,0.924
2026-01-01 00:00:52,1000,13,aircraft,257.174,-206.331,206.245,incoming,170.996,13.339,4505.28,10.9936,-57.974,23.615,-1747.63,0.3292,-90.263,0.092,3.184,none,0.0,0,1,0.954,0.91
2026-01-01 00:00:52,1001,18,aircraft,117.792,235.11,235.362,outgoing,97.42,8.237,4004.11,12.6834,-41.647,33.037,3821.012,0.3664,-86.916,0.248,0.773,spot,15.995,0,1,0.737,0.757
2026-01-01 00:00:54,1001,19,aircraft,117.053,231.759,230.978,outgoing,99.057,7.926,3943.66,10.5877,-52.211,20.249,3377.917,0.2601,-87.237,0.188,0.089,barrage,18.071,3,1,0.596,0.724
2026-01-01 00:00:54,1002,3,aircraft,117.002,-217.549,218.06,incoming,202.316,12.726,7070.01,5.7939,-38.98,39.329,-2918.425,-0.0814,-84.886,0.126,0.334,none,0.0,0,1,0.953,0.936
2026-01-01 00:00:56,1000,14,aircraft,259.439,-207.982,208.189,incoming,172.985,12.284,4359.53,13.0222,-68.856,5.313,-2902.274,0.3941,-89.31,0.081,0.95,barrage,13.646,1,0,0.71,0.834
2026-01-01 00:00:56,1001,20,aircraft,119.171,232.097,231.967,outgoing,98.67,7.744,3859.67,11.1913,-38.402,49.274,2078.129,0.2306,-85.042,0.133,1.628,none,0.0,0,1,0.948,0.902
2026-01-01 00:00:58,1001,21,aircraft,119.05,229.634,229.599,outgoing,98.333,7.457,3864.02,10.729,-37.611,48.795,2046.775,0.2296,-86.009,0.157,0.436,none,0.0,0,1,0.962,0.952
2026-01-01 00:00:58,1002,4,aircraft,115.536,-219.919,219.726,incoming,202.084,12.396,7142.33,4.9074,-40.383,42.755,-3389.343,-0.1404,-85.379,0.226,0.382,none,0.0,0,1,0.931,0.93
2026-01-01 00:01:00,1000,15,aircraft,256.243,-208.552,208.467,incoming,174.038,12.847,4391.19,11.4869,-54.528,25.947,-1380.635,0.3838,-90.397,0.182,1.223,none,0.0,0,1,0.955,0.884
2026-01-01 00:01:00,1001,22,aircraft,119.52,222.605,222.827,outgoing,99.043,7.575,3842.88,11.8768,-37.563,51.37,3296.216,0.2306,-86.225,0.131,0.969,none,0.0,0,1,0.948,0.92
2026-01-01 00:01:00,1003,0,aircraft,290.556,-171.745,172.44,incoming,140.333,3.876,5165.49,17.3337,-57.801,36.376,-1530.114,0.0286,-87.724,0.049,2.673,none,0.0,0,1,0.922,0.94
2026-01-01 00:01:02,1001,23,aircraft,119.839,229.229,229.123,outgoing,99.321,7.072,3914.79,12.1292,-38.795,50.158,1691.711,0.2243,-85.937,0.1,2.812,none,0.0,0,1,0.954,0.944
2026-01-01 00:01:02,1002,5,aircraft,115.535,-216.271,216.308,incoming,201.088,12.788,7044.96,5.5062,-39.015,40.807,-2258.048,-0.0917,-86.817,0.098,0.722,none,0.0,0,1,0.938,0.914
2026-01-01 00:01:04,1000,16,aircraft,251.297,-221.19,222.888,incoming,174.389,13.88,4378.73,13.8507,-68.975,-2.033,-2615.221,0.2501,-90.667,0.216,0.447,barrage,16.89,2,1,0.701,0.739
2026-01-01 00:01:04,1001,24,aircraft,120.704,221.415,221.353,outgoing,100.07,8.011,3936.34,12.2179,-38.845,49.656,1893.722,0.1928,-87.689,0.058,2.901,none,0.0,0,1,0.958,0.961
2026-01-01 00:01:05,1003,1,aircraft,293.153,-170.322,170.202,incoming,140.372,4.015,5116.84,15.549,-57.215,31.537,-2478.479,0.0317,-87.769,0.181,1.619,none,0.0,0,1,0.944,0.964
2026-01-01 00:01:06,1002,6,aircraft,114.821,-220.392,220.021,incoming,201.047,12.77,7206.32,5.8784,-39.972,41.904,-3484.616,-0.1171,-87.174,0.221,1.139,none,0.0,0,1,0.96,0.887
2026-01-01 00:01:08,1000,17,aircraft,254.048,-207.996,208.007,incoming,176.486,13.457,4443.12,11.9089,-55.231,29.195,-2815.384,0.3496,-88.599,0.034,2.314,none,0.0,0,1,0.951,0.937
2026-01-01 00:01:10,1002,7,aircraft,113.687,-217.879,217.836,incoming,200.664,12.55,7099.09,5.1584,-42.084,37.28,-2387.117,-0.0905,-87.457,0.185,3.198,none,0.0,0,1,0.96,0.978
2026-01-01 00:01:10,1003,2,aircraft,288.607,-172.461,172.502,incoming,140.208,3.372,5109.64,15.9213,-56.946,35.8,-2971.28,0.038,-87.096,0.184,0.95,none,0.0,0,1,0.927,0.916
2026-01-01 00:01:12,1004,0,aircraft,161.46,200.98,201.163,outgoing,159.503,2.367,9542.03,4.5742,-46.261,36.263,3314.074,-0.1481,-89.56,0.168,1.462,none,0.0,0,1,0.964,0.962
2026-01-01 00:01:14,1002,8,aircraft,112.844,-219.084,216.607,incoming,200.781,13.13,7178.85,6.918,-52.059,20.339,-1646.568,-0.0234,-88.125,0.117,2.465,barrage,17.058,3,1,0.622,0.744
2026-01-01 00:01:14,1004,1,aircraft,162.705,207.277,207.382,outgoing,159.128,1.961,9480.58,5.7797,-46.654,38.869,1535.04,-0.1301,-88.851,0.232,2.281,none,0.0,0,1,0.95,0.93
2026-01-01 00:01:15,1003,3,aircraft,287.822,-166.093,166.233,incoming,140.416,4.022,5035.37,15.941,-60.101,33.947,-2211.583,0.0506,-86.907,0.219,1.387,none,0.0,0,1,0.937,0.982
2026-01-01 00:01:16,1004,2,aircraft,161.33,198.617,198.644,outgoing,158.83,2.619,9403.74,4.875,-45.925,34.102,2419.7,-0.1126,-90.767,0.067,2.867,none,0.0,0,1,0.941,0.937
2026-01-01 00:01:18,1002,9,aircraft,112.298,-202.903,203.138,incoming,199.071,11.686,7785.25,5.7093,-50.938,21.145,-1978.758,-0.152,-85.352,0.026,3.206,deceptive,14.378,3,1,0.629,0.797
2026-01-01 00:01:18,1004,3,aircraft,161.413,202.269,202.133,outgoing,158.756,2.675,9607.28,4.9874,-45.273,39.607,2007.261,-0.1484,-90.039,0.182,0.385,none,0.0,0,1,0.94,0.965
2026-01-01 00:01:20,1003,4,aircraft,291.403,-164.204,164.607,incoming,141.255,3.764,5417.51,20.4365,-65.595,13.802,-2905.022,0.0483,-86.645,0.23,0.213,deceptive,19.012,5,1,0.743,0.767
2026-01-01 00:01:20,1004,4,aircraft,163.395,198.832,199.099,outgoing,158.129,2.871,9451.12,4.9791,-46.036,35.23,2297.634,-0.0969,-88.413,0.102,2.671,none,0.0,0,1,0.933,0.989
2026-01-01 00:01:22,1002,10,aircraft,110.111,-215.062,215.059,incoming,199.752,12.607,7151.43,5.0634,-38.065,43.758,-1550.798,-0.1209,-85.644,0.173,0.023,none,0.0,0,1,0.956,0.961
2026-01-01 00:01:22,1004,5,aircraft,163.007,198.096,198.157,outgoing,157.918,2.449,9697.14,4.9829,-46.126,40.574,1824.693,-0.1272,-90.296,0.151,1.767,none,0.0,0,1,0.949,0.947
2026-01-01 00:01:24,1004,6,aircraft,164.445,195.193,195.046,outgoing,157.573,2.344,9930.22,4.8679,-44.171,37.279,2820.539,-0.1773,-88.569,0.224,0.183,none,0.0,0,1,0.905,0.913
2026-01-01 00:01:25,1003,5,aircraft,287.811,-167.578,167.743,incoming,140.734,3.493,5056.86,14.6429,-57.447,34.616,-1880.099,0.0363,-87.719,0.164,2.23,none,0.0,0,1,0.942,0.893
2026-01-01 00:01:26,1002,11,aircraft,109.723,-213.603,212.949,incoming,198.089,12.483,6850.55,6.4793,-52.05,10.612,-1278.04,-0.1794,-86.822,0.167,3.14,deceptive,22.14,3,1,0.773,0.662
2026-01-01 00:01:26,1004,7,aircraft,164.87,188.45,188.323,outgoing,157.457,3.0,9677.2,5.0071,-45.854,37.27,2034.979,-0.1198,-88.974,0.157,1.995,none,0.0,0,1,0.946,0.974
2026-01-01 00:01:28,1004,8,aircraft,164.583,193.435,192.942,outgoing,157.645,2.656,9685.04,5.6614,-46.808,36.604,3198.077,-0.1551,-89.698,0.073,1.596,none,0.0,0,1,0.962,0.972
2026-01-01 00:01:30,1002,12,aircraft,108.051,-218.388,219.276,incoming,197.848,12.602,7257.85,5.0002,-44.526,25.159,-1911.307,-0.0737,-85.607,0.233,0.978,deceptive,12.219,5,1,0.801,0.817
2026-01-01 00:01:30,1003,6,aircraft,293.982,-161.994,163.188,incoming,142.127,4.529,5289.35,13.4891,-69.362,7.407,-1508.424,0.0573,-87.808,0.058,2.768,barrage,21.867,1,1,0.761,0.804
2026-01-01 00:01:30,1004,9,aircraft,164.129,186.461,186.254,outgoing,157.371,3.29,9587.0,5.9122,-45.024,41.381,2231.666,-0.1638,-88.582,0.043,1.11,none,0.0,0,1,0.956,0.987
2026-01-01 00:01:32,1004,10,aircraft,166.074,189.187,189.178,outgoing,156.797,2.026,9469.25,5.9521,-44.728,36.026,2873.067,-0.1181,-91.805,0.08,0.455,none,0.0,0,1,0.948,0.99
2026-01-01 00:01:34,1002,13,aircraft,108.599,-212.218,212.274,incoming,198.093,12.423,7152.76,4.7814,-39.043,41.401,-3680.146,-0.0942,-85.753,0.076,2.755,none,0.0,0,1,0.976,0.943
2026-01-01 00:01:34,1004,11,aircraft,163.779,182.39,182.128,outgoing,156.599,2.359,9549.33,5.0509,-45.626,39.579,1569.884,-0.1303,-89.635,0.194,0.006,none,0.0,0,1,0.94,0.943
2026-01-01 00:01:35,1003,7,aircraft,285.247,-164.063,164.236,incoming,141.063,3.65,5056.4,13.6353,-57.604,37.061,-1711.896,0.0544,-86.407,0.205,0.827,none,0.0,0,1,0.966,0.954
2026-01-01 00:01:36,1004,12,aircraft,165.785,186.307,186.246,outgoing,156.026,2.369,9732.88,4.776,-47.005,36.797,1154.094,-0.1389,-89.311,0.125,2.057,none,0.0,0,1,0.99,0.905
2026-01-01 00:01:38,1002,14,aircraft,107.698,-213.918,213.699,incoming,197.152,12.313,7261.23,5.1247,-39.6,44.189,-2363.138,-0.11,-85.82,0.178,0.667,none,0.0,0,1,0.99,0.944
2026-01-01 00:01:38,1004,13,aircraft,165.76,181.772,181.576,outgoing,156.193,2.775,9482.68,5.557,-46.099,38.157,2452.837,-0.1403,-89.044,0.226,1.291,none,0.0,0,1,0.899,0.964
2026-01-01 00:01:38,1005,0,aircraft,338.945,189.151,189.316,outgoing,313.549,1.735,6807.44,13.7443,-65.696,34.808,1381.888,-0.2424,-89.541,0.142,1.957,none,0.0,0,1,0.952,0.952
2026-01-01 00:01:40,1003,8,aircraft,284.61,-160.845,160.606,incoming,141.468,3.855,5164.07,15.0874,-58.92,34.583,-1331.142,0.0216,-87.797,0.118,2.636,none,0.0,0,1,0.953,0.951
2026-01-01 00:01:40,1004,14,aircraft,166.619,180.971,180.799,outgoing,155.928,2.559,9798.0,5.73,-47.214,36.119,1752.979,-0.1487,-91.105,0.2,1.99,none,0.0,0,1,0.956,0.897
2026-01-01 00:01:40,1005,1,aircraft,340.177,186.039,185.915,outgoing,312.708,1.739,6782.25,14.6483,-63.525,29.074,1875.097,-0.2551,-91.871,0.095,2.502,none,0.0,0,1,0.958,0.899
2026-01-01 00:01:42,1002,15,aircraft,107.401,-212.067,212.045,incoming,197.223,12.107,7080.52,6.1265,-37.985,43.888,-3569.852,-0.0665,-84.182,0.141,0.855,none,0.0,0,1,0.967,0.943
2026-01-01 00:01:42,1004,15,aircraft,165.96,176.346,176.67,outgoing,155.774,2.517,9471.96,4.9559,-46.112,40.169,2664.409,-0.153,-89.917,0.095,0.133,none,0.0,0,1,0.958,0.955
2026-01-01 00:01:42,1005,2,aircraft,340.682,192.11,192.007,outgoing,312.4,1.727,6830.38,13.6719,-63.939,32.506,2334.406,-0.2004,-90.173,0.16,0.605,none,0.0,0,1,0.967,0.938
2026-01-01 00:01:44,1004,16,aircraft,166.259,172.353,172.341,outgoing,155.139,2.472,9704.97,4.4215,-48.097,34.946,2024.457,-0.106,-88.021,0.164,3.288,none,0.0,0,1,0.966,0.888
2026-01-01 00:01:44,1005,3,aircraft,341.93,182.286,181.992,outgoing,311.677,0.918,6555.87,18.3902,-73.554,1.796,1458.436,-0.4357,-91.72,0.059,0.553,barrage,22.356,3,0,0.773,0.781
2026-01-01 00:01:45,1003,9,aircraft,291.833,-167.68,167.648,incoming,141.275,4.079,5251.83,15.0747,-66.987,16.667,-2048.369,0.0353,-85.874,0.211,2.665,spot,10.347,0,1,0.826,0.862
2026-01-01 00:01:46,1002,16,aircraft,105.931,-209.05,209.253,incoming,196.355,12.87,7164.69,4.9372,-36.85,46.421,-3720.67,-0.1183,-86.768,0.087,0.163,none,0.0,0,1,0.973,0.988
2026-01-01 00:01:46,1004,17,aircraft,167.427,165.848,167.45,outgoing,155.105,2.44,9476.41,5.4598,-59.322,12.662,1213.732,-0.2099,-89.215,0.247,2.191,barrage,17.079,1,0,0.675,0.717
2026-01-01 00:01:46,1005,4,aircraft,336.924,197.611,197.247,outgoing,312.629,3.214,7104.08,16.6277,-70.626,12.309,2657.812,-0.328,-90.94,0.244,1.847,spot,14.143,0,1,0.763,0.759
2026-01-01 00:01:48,1004,18,aircraft,166.338,164.401,164.368,outgoing,154.847,2.597,9400.95,5.7563,-60.748,8.269,2863.893,-0.0608,-89.859,0.059,2.603,barrage,16.834,2,1,0.642,0.806
2026-01-01 00:01:48,1005,5,aircraft,342.019,190.877,191.066,outgoing,310.71,1.646,7004.03,13.0118,-64.686,32.297,2880.808,-0.2333,-89.035,0.114,1.308,none,0.0,0,1,0.96,0.99
2026-01-01 00:01:50,1002,17,aircraft,105.575,-209.927,210.255,incoming,196.177,11.915,7161.19,5.6762,-39.285,44.178,-2670.458,-0.0828,-88.187,0.194,2.092,none,0.0,0,1,0.936,0.931
2026-01-01 00:01:50,1003,10,aircraft,280.189,-160.985,160.878,incoming,141.311,3.762,5199.16,16.8936,-59.262,36.171,-1393.823,0.0271,-86.43,0.173,2.671,none,0.0,0,1,0.963,0.92
2026-01-01 00:01:50,1004,19,aircraft,168.352,168.712,169.091,outgoing,154.603,2.404,9818.74,5.05,-47.224,36.057,2824.028,-0.131,-89.759,0.183,3.239,none,0.0,0,1,0.964,0.898
2026-01-01 00:01:50,1005,6,aircraft,341.507,194.465,194.642,outgoing,310.453,1.364,7030.03,13.1578,-65.526,31.688,3169.633,-0.2513,-90.455,0.25,1.963,none,0.0,0,1,0.97,0.99
2026-01-01 00:01:52,1004,20,aircraft,167.497,162.263,162.489,outgoing,153.786,2.43,9567.41,5.8693,-45.644,36.385,1193.257,-0.1563,-89.121,0.093,1.259,none,0.0,0,1,0.955,0.946
2026-01-01 00:01:52,1005,7,aircraft,344.009,191.072,190.954,outgoing,310.374,2.284,6899.37,12.6657,-63.472,30.028,3263.402,-0.261,-91.062,0.099,1.344,none,0.0,0,1,0.922,0.932
2026-01-01 00:01:54,1002,18,aircraft,103.733,-197.947,198.992,incoming,195.098,12.71,7294.27,5.485,-45.778,25.733,-2196.47,-0.2777,-87.414,0.216,0.379,spot,17.195,0,1,0.836,0.717
2026-01-01 00:01:54,1004,21,aircraft,169.634,164.37,165.189,outgoing,153.62,1.498,10556.45,5.2577,-51.868,16.033,1325.388,-0.0921,-89.066,0.132,0.473,deceptive,19.99,6,1,0.813,0.769
2026-01-01 00:01:54,1005,8,aircraft,341.356,191.821,191.786,outgoing,309.157,1.954,6874.01,14.1986,-64.509,31.441,3420.037,-0.2389,-89.663,0.248,0.948,none,0.0,0,1,0.973,0.938
2026-01-01 00:01:55,1003,11,aircraft,283.164,-161.363,161.094,incoming,141.694,3.805,5076.58,15.3515,-58.616,31.372,-2394.511,0.0302,-87.654,0.2,3.403,none,0.0,0,1,0.956,0.967
2026-01-01 00:01:56,1004,22,aircraft,168.235,162.935,162.832,outgoing,153.896,2.924,9577.91,5.2687,-43.442,39.494,1611.357,-0.1163,-89.348,0.059,0.003,none,0.0,0,1,0.945,0.986
2026-01-01 00:01:56,1005,9,aircraft,340.923,189.963,189.427,outgoing,308.829,1.735,7023.04,14.3273,-72.445,11.202,1392.03,-0.1248,-92.742,0.058,0.079,spot,15.292,0,1,0.773,0.831
2026-01-01 00:01:57,1006,0,aircraft,264.371,174.633,175.018,outgoing,307.866,16.61,3354.77,6.268,-65.277,17.668,2898.573,0.3214,-93.364,0.214,1.954,deceptive,11.349,5,1,0.718,0.814
2026-01-01 00:01:58,1002,19,aircraft,103.442,-214.843,214.865,incoming,195.613,12.427,7181.41,5.001,-39.425,44.253,-2661.293,-0.1196,-86.299,0.117,1.376,none,0.0,0,1,0.932,0.927
2026-01-01 00:01:58,1004,23,aircraft,165.617,162.541,163.258,outgoing,152.098,2.879,9988.89,6.7832,-54.493,19.468,2672.146,-0.0812,-89.146,0.114,0.606,deceptive,14.368,2,1,0.814,0.79
2026-01-01 00:01:58,1005,10,aircraft,346.81,198.825,198.662,outgoing,308.405,1.606,6828.29,14.1222,-67.47,27.128,1701.939,-0.2334,-92.544,0.116,3.31,none,0.0,0,1,0.951,0.957
2026-01-01 00:02:00,1003,12,aircraft,282.392,-156.734,156.456,incoming,142.263,3.875,5207.43,16.9254,-58.31,31.829,-2713.871,0.0474,-86.795,0.242,2.891,none,0.0,0,1,0.933,0.91
2026-01-01 00:02:00,1004,24,aircraft,169.383,165.246,165.629,outgoing,152.728,2.298,9517.46,5.5196,-48.337,37.059,2242.089,-0.1314,-88.28,0.167,2.135,none,0.0,0,1,0.967,0.912
2026-01-01 00:02:00,1005,11,aircraft,344.021,197.805,197.71,outgoing,307.719,2.811,6809.95,14.3885,-64.284,31.09,2840.298,-0.2212,-91.074,0.181,1.065,none,0.0,0,1,0.957,0.932
2026-01-01 00:02:02,1002,20,aircraft,104.467,-204.982,205.266,incoming,194.226,13.04,6684.55,6.1582,-46.474,24.036,-1274.725,0.0064,-86.851,0.039,2.215,deceptive,13.478,5,1,0.65,0.749
2026-01-01 00:02:02,1005,12,aircraft,342.371,192.694,193.051,outgoing,307.521,1.932,6750.0,12.3305,-65.889,23.748,1397.736,-0.236,-90.56,0.214,2.613,none,0.0,0,1,0.99,0.889
2026-01-01 00:02:02,1006,1,aircraft,265.895,175.508,175.67,outgoing,308.038,15.835,3551.77,6.1176,-59.629,30.67,1893.157,0.2722,-93.318,0.148,2.637,none,0.0,0,1,0.961,0.91
2026-01-01 00:02:04,1005,13,aircraft,342.368,194.378,194.139,outgoing,307.369,1.962,6884.13,13.2387,-62.694,29.986,2328.084,-0.2106,-91.647,0.219,1.265,none,0.0,0,1,0.948,0.965
2026-01-01 00:02:05,1003,13,aircraft,280.472,-154.679,154.793,incoming,141.886,4.377,5210.41,15.4875,-57.433,36.409,-1067.43,0.0201,-88.519,0.075,1.345,none,0.0,0,1,0.95,0.975
2026-01-01 00:02:06,1002,21,aircraft,101.356,-207.584,207.653,incoming,194.669,12.783,7285.77,5.1563,-38.614,43.627,-1744.247,-0.1253,-85.42,0.039,2.59,none,0.0,0,1,0.924,0.961
2026-01-01 00:02:06,1005,14,aircraft,347.833,198.322,198.633,outgoing,306.48,1.915,6823.75,15.1623,-66.583,27.659,1915.32,-0.2123,-92.558,0.226,2.832,none,0.0,0,1,0.939,0.9
2026-01-01 00:02:06,1007,0,aircraft,98.059,-204.202,204.269,incoming,346.948,3.862,3611.92,5.8882,-35.352,40.716,-1605.56,0.2905,-89.87,0.22,0.118,none,0.0,0,1,0.935,0.895
2026-01-01 00:02:07,1006,2,aircraft,265.034,175.849,176.317,outgoing,308.904,16.693,3486.23,6.2079,-58.164,32.788,3157.32,0.2699,-96.071,0.037,1.743,none,0.0,0,1,0.927,0.958
2026-01-01 00:02:08,1005,15,aircraft,345.653,199.578,199.473,outgoing,306.395,1.889,6844.0,11.8793,-65.433,28.394,2758.749,-0.2213,-91.582,0.038,1.136,none,0.0,0,1,0.935,0.942
2026-01-01 00:02:08,1007,1,aircraft,97.883,-194.041,194.082,incoming,347.581,4.398,3441.43,6.2287,-38.092,35.201,-2166.939,0.2733,-87.035,0.04,2.162,none,0.0,0,1,0.943,0.932
2026-01-01 00:02:10,1002,22,aircraft,100.787,-217.385,217.323,incoming,193.898,12.351,7168.65,5.1545,-36.792,47.426,-1902.587,-0.1251,-85.465,0.024,0.073,none,0.0,0,1,0.939,0.922
2026-01-01 00:02:10,1003,14,aircraft,281.838,-162.802,163.884,incoming,142.599,2.903,5100.41,16.4806,-63.092,10.822,-2833.384,-0.2011,-87.533,0.171,0.532,barrage,19.521,2,1,0.714,0.741
2026-01-01 00:02:10,1005,16,aircraft,347.546,192.949,193.271,outgoing,306.025,1.46,7033.16,12.1597,-65.659,27.595,2479.848,-0.2328,-92.456,0.056,1.653,none,0.0,0,1,0.955,0.965
2026-01-01 00:02:10,1007,2,aircraft,97.671,-202.637,202.882,incoming,348.74,4.308,3603.71,6.3254,-37.724,35.705,-3621.958,0.3048,-87.176,0.07,1.098,none,0.0,0,1,0.963,0.965
2026-01-01 00:02:12,1005,17,aircraft,346.687,195.806,196.452,outgoing,306.114,2.296,6546.85,10.9109,-76.148,7.281,1350.049,-0.2466,-91.906,0.243,0.099,barrage,15.945,3,1,0.661,0.753
2026-01-01 00:02:12,1006,3,aircraft,266.786,180.594,180.536,outgoing,310.432,16.424,3465.08,6.0772,-57.384,37.578,1312.593,0.2754,-94.449,0.053,2.505,none,0.0,0,1,0.935,0.912
2026-01-01 00:02:12,1007,3,aircraft,97.255,-197.833,197.608,incoming,349.155,4.426,3569.39,6.0325,-38.746,36.692,-2956.979,0.2907,-88.902,0.107,2.597,none,0.0,0,1,0.904,0.99
2026-01-01 00:02:14,1002,23,aircraft,99.979,-210.07,210.231,incoming,193.24,12.492,7118.18,6.0574,-38.412,46.121,-2989.218,-0.1255,-85.49,0.134,1.717,none,0.0,0,1,0.923,0.891
2026-01-01 00:02:14,1005,18,aircraft,346.414,202.462,202.44,outgoing,304.076,1.033,6936.18,12.1256,-66.184,29.608,1331.244,-0.2318,-90.071,0.157,1.087,none,0.0,0,1,0.932,0.933
2026-01-01 00:02:14,1007,4,aircraft,96.694,-200.325,200.665,incoming,349.626,3.787,3523.45,6.115,-38.987,40.047,-3183.542,0.3293,-89.462,0.196,1.494,none,0.0,0,1,0.98,0.988
2026-01-01 00:02:15,1003,15,aircraft,279.227,-153.644,153.34,incoming,142.776,3.874,5009.32,17.6287,-56.053,34.34,-2258.226,-0.0135,-87.171,0.19,0.22,none,0.0,0,1,0.973,0.956
2026-01-01 00:02:16,1005,19,aircraft,347.197,203.038,202.567,outgoing,304.151,1.255,6869.09,13.1675,-64.332,27.559,2167.146,-0.2196,-90.965,0.188,0.13,none,0.0,0,1,0.977,0.959
2026-01-01 00:02:16,1007,5,aircraft,96.523,-199.702,199.252,incoming,350.524,4.324,3417.9,6.55,-37.158,34.598,-2541.3,0.3009,-90.612,0.099,2.581,none,0.0,0,1,0.932,0.957
2026-01-01 00:02:17,1006,4,aircraft,268.493,186.196,186.181,outgoing,312.81,16.495,3414.98,6.2086,-62.895,19.83,3008.952,0.3384,-94.563,0.058,2.507,spot,13.387,0,1,0.811,0.783
2026-01-01 00:02:18,1002,24,aircraft,98.214,-214.042,214.199,incoming,192.927,12.188,7137.14,5.4058,-38.122,45.551,-2130.52,-0.1301,-87.832,0.071,1.709,none,0.0,0,1,0.975,0.931
2026-01-01 00:02:18,1005,20,aircraft,347.231,204.36,204.4,outgoing,303.829,1.885,6952.99,12.5484,-66.336,26.551,1598.791,-0.23,-91.663,0.228,0.666,none,0.0,0,1,0.938,0.927
2026-01-01 00:02:18,1007,6,aircraft,96.058,-201.164,201.202,incoming,350.503,4.545,3499.75,7.4132,-36.137,35.595,-1433.547,0.29,-89.283,0.184,0.937,none,0.0,0,1,0.987,0.968
2026-01-01 00:02:19,1008,0,aircraft,346.148,208.57,208.355,outgoing,225.146,13.535,2986.02,15.0404,-65.939,30.918,2435.561,0.1084,-90.663,0.141,3.186,none,0.0,0,1,0.971,0.9
2026-01-01 00:02:20,1003,16,aircraft,277.474,-153.383,153.453,incoming,142.406,3.837,5122.08,13.4279,-57.757,35.652,-1806.951,0.0344,-87.073,0.091,3.46,none,0.0,0,1,0.98,0.938
2026-01-01 00:02:20,1007,7,aircraft,95.417,-196.929,197.147,incoming,351.789,3.629,3506.19,6.6515,-35.52,40.642,-2863.415,0.3266,-88.146,0.093,0.736,none,0.0,0,1,0.904,0.988
2026-01-01 00:02:21,1008,1,aircraft,345.776,215.623,215.639,outgoing,225.204,13.071,3137.83,14.4499,-63.859,31.536,3155.749,0.1002,-89.95,0.226,1.688,none,0.0,0,1,0.979,0.963
2026-01-01 00:02:22,1002,25,aircraft,98.711,-211.025,211.134,incoming,192.911,12.386,7259.2,5.7107,-38.247,42.257,-2420.317,-0.1483,-86.666,0.195,3.412,none,0.0,0,1,0.918,0.923
2026-01-01 00:02:22,1006,5,aircraft,268.591,183.951,184.052,outgoing,313.109,16.941,3483.66,6.4136,-56.537,34.174,1364.389,0.2498,-94.715,0.023,0.786,none,0.0,0,1,0.95,0.963
2026-01-01 00:02:22,1007,8,aircraft,94.803,-213.54,214.028,incoming,352.369,3.716,3627.02,7.2135,-42.494,17.334,-2081.325,0.3242,-88.746,0.091,0.388,deceptive,20.921,6,1,0.672,0.71
2026-01-01 00:02:23,1008,2,aircraft,348.339,217.961,218.18,outgoing,225.655,12.089,3233.21,14.4585,-75.197,6.813,3057.747,0.1095,-90.749,0.158,3.226,barrage,14.625,1,1,0.656,0.761
2026-01-01 00:02:24,1007,9,aircraft,92.39,-203.125,203.659,incoming,352.219,4.924,3538.66,7.6954,-43.736,18.591,-2578.943,0.3435,-89.616,0.238,0.098,barrage,20.922,2,1,0.757,0.7
2026-01-01 00:02:25,1003,17,aircraft,279.276,-154.741,154.584,incoming,142.697,4.288,5231.18,14.823,-54.446,39.812,-2233.604,0.003,-86.037,0.03,0.734,none,0.0,0,1,0.922,0.963
2026-01-01 00:02:25,1008,3,aircraft,348.676,213.884,213.941,outgoing,225.721,13.331,3074.54,13.6593,-67.58,29.362,1408.821,0.0836,-91.75,0.242,2.561,none,0.0,0,1,0.921,0.965
2026-01-01 00:02:26,1002,26,aircraft,98.066,-219.073,218.528,incoming,191.144,11.173,7800.39,5.1645,-48.47,21.334,-2010.45,-0.2648,-86.153,0.051,3.172,barrage,13.127,3,1,0.584,0.807
2026-01-01 00:02:26,1007,10,aircraft,94.014,-204.899,204.962,incoming,353.471,4.522,3491.47,6.2104,-37.637,36.172,-2612.754,0.2976,-89.394,0.05,2.18,none,0.0,0,1,0.917,0.93
2026-01-01 00:02:27,1006,6,aircraft,270.683,185.022,184.192,outgoing,313.975,16.328,3676.48,5.4113,-64.788,14.052,2716.943,0.3364,-95.367,0.142,3.051,deceptive,16.256,5,1,0.69,0.791
2026-01-01 00:02:27,1008,4,aircraft,348.518,220.621,220.849,outgoing,226.458,12.751,3210.06,16.8507,-77.646,4.631,3402.835,0.0193,-92.715,0.155,0.208,barrage,17.859,1,1,0.687,0.818
2026-01-01 00:02:28,1007,11,aircraft,94.834,-195.651,196.278,incoming,355.372,3.393,3612.8,7.5516,-47.907,9.676,-2919.773,0.3151,-88.824,0.161,0.877,barrage,20.593,1,1,0.71,0.75
2026-01-01 00:02:29,1008,5,aircraft,347.09,207.955,208.147,outgoing,225.957,12.72,3117.89,11.7194,-66.29,29.138,2155.674,0.1139,-92.107,0.076,2.078,none,0.0,0,1,0.948,0.982
2026-01-01 00:02:30,1002,27,aircraft,96.193,-206.229,206.353,incoming,191.308,12.464,7048.52,5.9287,-38.099,44.125,-1919.584,-0.0858,-87.553,0.048,3.191,none,0.0,0,1,0.911,0.955
2026-01-01 00:02:30,1003,18,aircraft,279.073,-151.61,151.529,incoming,142.957,3.748,5168.61,17.1944,-54.88,38.536,-2311.574,0.0388,-88.565,0.047,0.391,none,0.0,0,1,0.979,0.959
2026-01-01 00:02:30,1007,12,aircraft,93.109,-198.56,198.865,incoming,354.458,4.55,3507.19,6.6735,-38.115,38.72,-2180.002,0.2941,-88.756,0.146,2.146,none,0.0,0,1,0.966,0.953
2026-01-01 00:02:31,1008,6,aircraft,346.226,210.439,210.563,outgoing,226.249,12.779,3042.53,12.5633,-62.92,31.033,2439.64,0.1167,-91.742,0.228,0.138,none,0.0,0,1,0.974,0.892
2026-01-01 00:02:32,1006,7,aircraft,270.869,192.003,192.022,outgoing,314.993,17.022,3494.01,6.0455,-66.319,16.38,2854.412,0.1549,-94.095,0.16,1.525,deceptive,11.261,2,1,0.783,0.804
2026-01-01 00:02:32,1007,13,aircraft,92.776,-199.103,198.969,incoming,355.296,4.344,3504.76,6.5921,-38.672,36.46,-2466.485,0.2966,-89.941,0.217,2.518,none,0.0,0,1,0.96,0.879
2026-01-01 00:02:33,1008,7,aircraft,349.401,203.873,203.76,outgoing,226.158,13.735,2976.71,12.6883,-64.92,31.035,3247.737,0.0801,-91.453,0.197,2.708,none,0.0,0,1,0.967,0.924
2026-01-01 00:02:33,1009,0,aircraft,299.653,-254.548,254.689,incoming,341.195,16.832,2973.62,19.4235,-69.178,-6.466,-4557.315,-0.4464,-94.112,0.035,1.591,barrage,25.484,1,1,0.647,0.721
2026-01-01 00:02:34,1002,28,aircraft,96.074,-207.136,207.298,incoming,191.18,12.37,7148.18,6.323,-36.606,45.343,-2399.305,-0.1063,-87.476,0.183,1.197,none,0.0,0,1,0.948,0.894
2026-01-01 00:02:34,1007,14,aircraft,91.415,-190.695,190.284,incoming,354.865,4.166,3604.23,7.2063,-49.633,15.859,-1527.116,0.3228,-87.744,0.205,1.299,barrage,20.196,2,1,0.706,0.699
2026-01-01 00:02:35,1003,19,aircraft,275.086,-150.314,150.711,incoming,142.945,3.482,5121.24,14.5283,-57.601,34.196,-2650.258,0.0308,-87.362,0.114,3.032,none,0.0,0,1,0.96,0.927
2026-01-01 00:02:35,1008,8,aircraft,347.824,209.259,208.957,outgoing,226.344,12.341,2966.94,13.6034,-67.606,28.998,2867.491,0.1117,-92.983,0.198,2.44,none,0.0,0,1,0.958,0.946
2026-01-01 00:02:35,1009,1,aircraft,305.226,-254.331,253.891,incoming,339.688,17.28,3142.47,14.4154,-72.521,-4.534,-3026.049,-0.4168,-94.122,0.166,3.285,barrage,20.424,1,1,0.7,0.691
2026-01-01 00:02:36,1007,15,aircraft,92.041,-209.603,209.54,incoming,355.79,4.273,3498.84,6.5964,-36.214,39.712,-3756.5,0.3012,-89.915,0.047,0.972,none,0.0,0,1,0.966,0.92
2026-01-01 00:02:37,1006,8,aircraft,274.047,185.014,186.134,outgoing,317.093,15.339,3475.76,5.1537,-64.458,16.21,1342.218,0.3164,-94.814,0.064,0.992,spot,12.323,0,1,0.819,0.838
2026-01-01 00:02:37,1008,9,aircraft,343.732,202.069,202.417,outgoing,225.956,12.219,3036.92,17.4571,-74.029,13.157,1750.151,0.1067,-91.292,0.16,0.534,spot,17.813,0,1,0.761,0.756
2026-01-01 00:02:37,1009,2,aircraft,302.775,-255.889,256.088,incoming,339.936,17.046,3010.86,17.9427,-60.062,22.255,-4267.168,-0.4808,-93.295,0.245,3.029,none,0.0,0,1,0.971,0.873
2026-01-01 00:02:38,1002,29,aircraft,94.882,-212.611,212.456,incoming,190.783,13.102,7147.69,5.4011,-37.763,46.542,-1632.925,-0.1021,-85.397,0.121,1.664,none,0.0,0,1,0.947,0.937
2026-01-01 00:02:38,1007,16,aircraft,91.804,-204.837,204.956,incoming,356.954,4.163,3559.12,5.9773,-35.72,39.797,-1773.047,0.2796,-88.445,0.048,0.503,none,0.0,0,1,0.962,0.92
2026-01-01 00:02:39,1008,10,aircraft,348.496,209.615,209.237,outgoing,227.19,13.153,3063.56,13.2759,-67.333,26.616,1894.539,0.1011,-91.431,0.125,3.21,none,0.0,0,1,0.97,0.912
2026-01-01 00:02:39,1009,3,aircraft,303.169,-263.343,263.49,incoming,338.197,17.473,3001.96,15.8095,-58.972,22.562,-2378.123,-0.4875,-94.521,0.1,1.945,none,0.0,0,1,0.982,0.99
2026-01-01 00:02:40,1003,20,aircraft,276.531,-149.424,149.259,incoming,143.076,3.214,5204.36,13.9611,-54.563,36.448,-2631.892,0.0736,-87.352,0.022,1.601,none,0.0,0,1,0.947,0.973
2026-01-01 00:02:40,1007,17,aircraft,90.648,-206.878,206.783,incoming,357.693,4.089,3458.04,7.2228,-37.281,35.746,-1371.122,0.295,-88.257,0.062,2.715,none,0.0,0,1,0.937,0.99
2026-01-01 00:02:41,1008,11,aircraft,351.259,211.66,211.525,outgoing,226.777,13.083,3164.29,12.4821,-77.031,6.945,2103.723,0.057,-92.485,0.091,1.355,barrage,12.994,3,1,0.782,0.799
2026-01-01 00:02:41,1009,4,aircraft,303.891,-256.833,256.561,incoming,337.594,17.291,3009.5,18.4202,-59.011,21.992,-2726.527,-0.4975,-93.879,0.124,2.025,none,0.0,0,1,0.946,0.957
2026-01-01 00:02:42,1006,9,aircraft,271.587,189.243,189.461,outgoing,318.345,16.52,3528.96,6.2302,-59.556,33.728,3290.115,0.279,-95.328,0.208,2.986,none,0.0,0,1,0.97,0.904
2026-01-01 00:02:42,1007,18,aircraft,91.185,-206.559,206.576,incoming,357.612,4.261,3544.74,6.5014,-37.864,38.168,-3485.753,0.3041,-88.878,0.145,1.721,none,0.0,0,1,0.956,0.956
2026-01-01 00:02:43,1008,12,aircraft,352.258,203.346,203.251,outgoing,227.157,13.037,3045.02,12.0447,-66.705,32.572,3005.476,0.1124,-91.554,0.105,0.94,none,0.0,0,1,0.99,0.894
2026-01-01 00:02:43,1009,5,aircraft,301.697,-254.488,256.059,incoming,336.742,17.268,3001.31,18.4574,-69.932,-1.673,-2541.795,-0.5221,-94.284,0.154,2.353,deceptive,17.885,5,1,0.645,0.745
2026-01-01 00:02:44,1007,19,aircraft,90.151,-204.077,204.407,incoming,358.459,4.109,3493.4,6.3655,-37.548,37.672,-3458.155,0.2618,-88.135,0.021,2.697,none,0.0,0,1,0.968,0.99
2026-01-01 00:02:45,1003,21,aircraft,276.798,-145.338,145.433,incoming,143.402,3.454,5163.95,18.5024,-54.831,34.044,-2592.688,0.0435,-87.162,0.084,0.715,none,0.0,0,1,0.95,0.951
2026-01-01 00:02:45,1008,13,aircraft,349.039,213.582,213.204,outgoing,226.493,12.67,2828.92,14.3904,-73.717,10.239,2400.626,0.171,-91.652,0.029,2.498,spot,17.639,0,1,0.834,0.805
2026-01-01 00:02:45,1009,6,aircraft,301.647,-266.745,266.399,incoming,336.092,16.958,2918.65,15.7942,-58.478,21.972,-3958.623,-0.4947,-94.419,0.094,1.56,none,0.0,0,1,0.956,0.938
2026-01-01 00:02:47,1006,10,aircraft,272.1,185.939,186.157,outgoing,319.881,15.718,3469.61,6.144,-59.508,32.512,1152.12,0.2689,-94.298,0.246,1.973,none,0.0,0,1,0.961,0.851
2026-01-01 00:02:47,1008,14,aircraft,352.855,200.5,200.505,outgoing,227.641,12.993,2992.32,14.9519,-64.854,32.907,2972.777,0.0761,-92.152,0.036,2.186,none,0.0,0,1,0.94,0.977
2026-01-01 00:02:47,1009,7,aircraft,304.7,-258.335,258.496,incoming,335.714,17.346,2846.57,17.1887,-68.672,2.16,-3458.571,-0.4773,-93.213,0.235,0.168,barrage,12.744,2,0,0.732,0.806
2026-01-01 00:02:49,1008,15,aircraft,353.517,204.453,204.857,outgoing,228.36,12.925,3024.97,13.0564,-65.62,29.323,2227.606,0.0988,-91.496,0.236,0.984,none,0.0,0,1,0.943,0.896
2026-01-01 00:02:49,1009,8,aircraft,300.847,-263.128,263.466,incoming,334.203,17.634,3067.82,16.0984,-57.282,21.978,-4419.592,-0.5026,-96.039,0.241,1.469,none,0.0,0,1,0.959,0.944
2026-01-01 00:02:51,1008,16,aircraft,354.105,202.176,202.044,outgoing,227.863,12.832,3041.81,14.0798,-65.542,32.194,2759.025,0.1082,-90.832,0.225,2.153,none,0.0,0,1,0.941,0.926
2026-01-01 00:02:51,1009,9,aircraft,299.559,-257.425,257.446,incoming,333.16,17.439,2960.65,15.6848,-58.272,24.629,-1608.217,-0.5226,-93.526,0.207,1.478,none,0.0,0,1,0.929,0.919
2026-01-01 00:02:52,1006,11,aircraft,266.386,184.577,183.169,outgoing,323.072,16.748,3343.87,5.3396,-74.579,7.217,1401.466,0.2065,-95.456,0.141,2.447,barrage,12.77,3,1,0.598,0.774
2026-01-01 00:02:53,1008,17,aircraft,352.941,198.343,198.419,outgoing,228.497,12.81,3046.49,14.6395,-68.261,27.51,1441.43,0.1413,-92.198,0.226,2.246,none,0.0,0,1,0.956,0.892
2026-01-01 00:02:53,1009,10,aircraft,299.937,-270.29,269.971,incoming,331.961,17.134,3020.1,16.6108,-56.654,26.837,-3918.588,-0.4823,-94.012,0.158,0.811,none,0.0,0,1,0.931,0.91
2026-01-01 00:02:55,1008,18,aircraft,355.882,196.601,196.782,outgoing,228.572,13.158,3026.36,12.6764,-65.448,29.427,1449.816,0.0925,-92.61,0.167,1.163,none,0.0,0,1,0.924,0.862
2026-01-01 00:02:55,1009,11,aircraft,299.311,-263.242,263.109,incoming,331.261,16.905,3023.83,17.3368,-58.471,24.15,-3772.962,-0.4526,-92.91,0.172,0.593,none,0.0,0,1,0.948,0.919
2026-01-01 00:02:56,1010,0,drone,95.89,-18.12,18.26,incoming,10.891,8.036,1007.0,0.7156,-46.278,47.443,-168.805,-0.0415,-83.592,0.211,3.307,none,0.0,0,1,0.971,0.949
2026-01-01 00:02:57,1006,12,aircraft,276.819,195.539,195.401,outgoing,322.391,16.466,3511.08,6.6078,-57.908,35.623,1491.728,0.2564,-95.334,0.099,1.959,none,0.0,0,1,0.951,0.972
2026-01-01 00:02:57,1008,19,aircraft,351.417,196.446,196.337,outgoing,228.471,12.668,3012.71,13.7118,-65.902,30.151,1507.58,0.103,-93.41,0.222,1.171,none,0.0,0,1,0.954,0.963
2026-01-01 00:02:57,1009,12,aircraft,296.554,-257.893,257.871,incoming,329.757,17.54,3015.28,17.8014,-57.928,24.091,-4045.036,-0.4733,-93.78,0.219,1.825,none,0.0,0,1,0.938,0.928
2026-01-01 00:02:58,1010,1,drone,96.84,-19.196,18.562,incoming,10.632,8.675,978.17,0.5781,-55.707,30.439,-166.572,0.1029,-86.508,0.071,0.237,barrage,15.499,2,0,0.697,0.782
2026-01-01 00:02:59,1008,20,aircraft,354.103,193.806,193.977,outgoing,228.86,12.323,3040.35,12.1722,-66.626,29.489,3159.881,0.1124,-91.762,0.189,2.766,none,0.0,0,1,0.946,0.894
2026-01-01 00:02:59,1009,13,aircraft,296.096,-258.124,257.974,incoming,329.389,16.172,2983.02,13.647,-68.307,5.606,-3435.196,-0.3614,-94.496,0.067,3.455,spot,8.656,0,1,0.795,0.833
2026-01-01 00:03:00,1010,2,drone,96.468,-21.731,22.008,incoming,10.451,7.879,1010.76,0.6078,-44.356,46.429,-329.664,-0.0266,-84.745,0.029,1.869,none,0.0,0,1,0.939,0.916
2026-01-01 00:03:01,1009,14,aircraft,297.6,-265.549,265.64,incoming,327.834,17.367,2962.43,18.2302,-57.671,21.918,-4669.327,-0.457,-93.57,0.06,0.769,none,0.0,0,1,0.965,0.913
2026-01-01 00:03:02,1006,13,aircraft,275.471,216.95,215.795,outgoing,323.865,16.868,3555.38,5.1264,-66.432,7.86,1565.113,0.172,-95.019,0.227,0.838,barrage,17.44,1,1,0.763,0.711
2026-01-01 00:03:02,1010,3,drone,95.904,-24.196,24.407,incoming,10.303,8.204,1008.75,0.7204,-44.034,51.578,-360.587,-0.0834,-83.891,0.111,0.653,none,0.0,0,1,0.953,0.965
2026-01-01 00:03:03,1009,15,aircraft,295.656,-264.422,264.518,incoming,327.035,17.056,3146.03,16.6144,-58.975,22.274,-2226.447,-0.4375,-95.055,0.205,2.957,none,0.0,0,1,0.933,0.871
2026-01-01 00:03:04,1010,4,drone,96.501,-26.269,25.88,incoming,10.399,8.753,986.08,0.7462,-45.69,48.483,-297.932,-0.0919,-86.243,0.188,1.903,none,0.0,0,1,0.951,0.933
2026-01-01 00:03:05,1009,16,aircraft,295.304,-270.643,270.478,incoming,325.911,17.704,2950.58,14.0186,-58.846,21.758,-2947.373,-0.475,-92.592,0.057,1.865,none,0.0,0,1,0.918,0.937
2026-01-01 00:03:06,1010,5,drone,96.718,-27.598,27.631,incoming,10.062,7.732,1010.12,0.6911,-45.946,48.994,-251.876,-0.0411,-85.827,0.048,3.176,none,0.0,0,1,0.92,0.945
2026-01-01 00:03:07,1006,14,aircraft,277.071,199.043,199.01,outgoing,325.545,16.7,3574.67,6.1374,-58.945,30.515,1500.34,0.2887,-93.823,0.136,2.435,none,0.0,0,1,0.981,0.964
2026-01-01 00:03:07,1009,17,aircraft,288.549,-261.294,262.278,incoming,325.447,17.034,3036.35,17.1283,-69.788,-9.039,-2977.773,-0.4349,-94.731,0.136,3.496,barrage,26.092,2,0,0.686,0.713
2026-01-01 00:03:08,1010,6,drone,95.897,-29.448,29.496,incoming,9.872,9.163,988.97,0.7187,-45.612,46.931,-397.384,-0.0683,-84.831,0.134,2.325,none,0.0,0,1,0.978,0.99
2026-01-01 00:03:09,1009,18,aircraft,292.616,-275.907,276.086,incoming,323.91,17.576,3048.33,16.4749,-58.37,23.255,-2873.708,-0.457,-94.263,0.117,2.588,none,0.0,0,1,0.947,0.946
2026-01-01 00:03:10,1010,7,drone,95.919,-31.119,31.071,incoming,9.351,8.59,993.39,0.7598,-42.956,47.825,-489.59,-0.0924,-87.257,0.023,0.213,none,0.0,0,1,0.949,0.99
2026-01-01 00:03:10,1011,0,drone,55.698,24.036,24.22,outgoing,196.856,11.535,647.03,0.3922,-43.569,34.509,260.616,0.2927,-88.767,0.072,1.719,none,0.0,0,1,0.934,0.925
2026-01-01 00:03:11,1009,19,aircraft,288.894,-276.697,276.13,incoming,323.568,16.651,3091.47,15.8714,-63.343,9.083,-3114.539,-0.5405,-93.514,0.061,0.652,deceptive,15.121,5,1,0.74,0.873
2026-01-01 00:03:12,1006,15,aircraft,276.329,202.435,202.2,outgoing,326.847,16.422,3497.43,6.0631,-59.542,34.592,1759.571,0.2752,-93.963,0.025,2.823,none,0.0,0,1,0.956,0.907
2026-01-01 00:03:12,1010,8,drone,96.575,-34.255,33.404,incoming,9.102,8.049,1034.37,0.5699,-53.789,27.481,-460.31,-0.0706,-84.708,0.214,1.904,barrage,16.768,1,1,0.679,0.763
2026-01-01 00:03:13,1009,20,aircraft,294.725,-278.066,276.903,incoming,321.603,17.385,3033.36,14.2202,-67.797,-3.66,-2485.575,-0.4152,-93.865,0.021,3.469,barrage,27.968,2,0,0.62,0.671
2026-01-01 00:03:13,1011,1,drone,55.772,25.486,25.813,outgoing,197.341,11.647,648.84,0.4736,-40.002,36.226,260.397,0.3063,-88.331,0.075,1.624,none,0.0,0,1,0.95,0.947
2026-01-01 00:03:14,1010,9,drone,95.287,-34.54,34.643,incoming,9.892,7.674,1018.52,0.6249,-45.133,51.005,-271.96,-0.0572,-85.489,0.099,2.171,none,0.0,0,1,0.959,0.955
2026-01-01 00:03:16,1010,10,drone,94.137,-35.353,35.934,incoming,11.302,8.124,1102.37,0.8782,-49.012,36.106,-530.902,0.0087,-84.813,0.093,0.139,spot,11.855,0,1,0.847,0.803
2026-01-01 00:03:16,1011,2,drone,56.172,26.326,26.586,outgoing,198.55,11.87,627.52,0.4157,-40.297,37.039,164.482,0.289,-89.137,0.079,2.578,none,0.0,0,1,0.927,0.901
2026-01-01 00:03:17,1006,16,aircraft,280.588,206.682,206.528,outgoing,328.499,16.623,3465.57,6.6698,-60.095,35.514,2109.806,0.2944,-95.595,0.123,2.329,none,0.0,0,1,0.96,0.873
2026-01-01 00:03:18,1010,11,drone,95.315,-39.109,39.006,incoming,9.777,8.272,997.27,0.799,-45.269,47.852,-429.762,-0.0405,-85.878,0.243,0.864,none,0.0,0,1,0.926,0.921
2026-01-01 00:03:19,1011,3,drone,55.89,28.554,28.263,outgoing,199.383,11.723,626.69,0.4131,-42.345,36.746,439.401,0.3217,-88.095,0.205,2.85,none,0.0,0,1,0.968,0.897
2026-01-01 00:03:20,1010,12,drone,94.751,-40.757,40.789,incoming,9.436,8.349,1001.6,0.7085,-45.96,49.383,-486.888,-0.0821,-85.77,0.113,2.458,none,0.0,0,1,0.954,0.928
2026-01-01 00:03:22,1006,17,aircraft,279.55,203.822,203.785,outgoing,329.663,16.323,3626.32,6.0229,-60.263,33.101,3467.688,0.2579,-94.76,0.029,1.438,none,0.0,0,1,0.956,0.964
2026-01-01 00:03:22,1010,13,drone,95.055,-42.598,42.65,incoming,8.799,8.155,991.33,0.6539,-44.536,50.196,-336.631,-0.0415,-84.401,0.157,1.276,none,0.0,0,1,0.911,0.865
2026-01-01 00:03:22,1011,4,drone,56.212,29.473,29.503,outgoing,199.927,11.409,621.92,0.4726,-39.522,38.462,293.046,0.2806,-86.049,0.124,1.457,none,0.0,0,1,0.931,0.932
2026-01-01 00:03:24,1010,14,drone,96.17,-44.274,44.018,incoming,8.586,7.563,971.38,0.723,-60.414,20.501,-788.024,-0.144,-84.046,0.123,3.186,barrage,24.643,1,0,0.618,0.668
2026-01-01 00:03:25,1011,5,drone,56.492,31.231,31.197,outgoing,201.2,11.388,672.68,0.4748,-39.211,39.597,498.795,0.2668,-87.196,0.08,0.991,none,0.0,0,1,0.968,0.907
2026-01-01 00:03:26,1010,15,drone,94.475,-45.412,45.346,incoming,8.962,8.243,972.73,0.6977,-43.265,48.856,-340.241,-0.0886,-84.88,0.077,0.076,none,0.0,0,1,0.954,0.929
2026-01-01 00:03:27,1006,18,aircraft,281.425,203.905,203.91,outgoing,331.276,16.491,3552.49,5.8791,-59.773,30.019,1509.601,0.2591,-95.438,0.169,2.035,none,0.0,0,1,0.96,0.99
2026-01-01 00:03:28,1010,16,drone,94.531,-47.432,47.39,incoming,8.849,7.649,965.46,0.6649,-55.027,29.243,-574.871,0.1216,-85.511,0.106,3.206,spot,13.281,0,1,0.768,0.853
2026-01-01 00:03:28,1011,6,drone,56.521,32.194,31.894,outgoing,202.118,12.262,634.03,0.4678,-42.159,37.959,280.209,0.3011,-88.304,0.149,3.077,none,0.0,0,1,0.953,0.939
2026-01-01 00:03:28,1012,0,drone,43.254,25.267,25.248,outgoing,57.405,0.657,923.53,0.2432,-39.528,34.756,444.804,0.086,-83.313,0.076,0.549,none,0.0,0,1,0.931,0.916
2026-01-01 00:03:30,1010,17,drone,94.354,-49.762,49.863,incoming,8.741,8.455,1005.69,0.7103,-44.499,46.351,-787.518,-0.0433,-84.65,0.06,3.432,none,0.0,0,1,0.939,0.975
2026-01-01 00:03:30,1012,1,drone,43.39,24.487,24.456,outgoing,58.541,0.898,908.02,0.233,-41.806,33.21,146.817,0.0839,-84.997,0.06,0.684,none,0.0,0,1,0.97,0.99
2026-01-01 00:03:31,1011,7,drone,56.441,32.903,32.96,outgoing,202.789,11.498,656.08,0.3681,-41.893,36.303,296.397,0.3049,-85.631,0.217,0.274,none,0.0,0,1,0.97,0.958
2026-01-01 00:03:32,1006,19,aircraft,284.618,211.728,211.696,outgoing,331.838,16.294,3439.08,5.5267,-58.795,34.945,1428.787,0.2692,-94.831,0.056,0.135,none,0.0,0,1,0.982,0.904
2026-01-01 00:03:32,1010,18,drone,94.38,-52.13,52.417,incoming,8.805,7.881,1020.73,0.6506,-45.888,47.964,-903.927,-0.0605,-84.851,0.19,1.928,none,0.0,0,1,0.95,0.896
2026-01-01 00:03:32,1012,2,drone,43.073,24.036,24.127,outgoing,58.293,0.895,906.2,0.2587,-39.108,32.405,351.04,0.0856,-84.512,0.048,0.066,none,0.0,0,1,0.946,0.948
2026-01-01 00:03:34,1010,19,drone,93.519,-52.247,52.219,incoming,8.306,7.955,993.74,0.7413,-43.668,51.006,-933.292,-0.0957,-86.006,0.214,0.098,none,0.0,0,1,0.916,0.869
2026-01-01 00:03:34,1011,8,drone,57.056,33.947,34.19,outgoing,203.296,11.621,644.58,0.4411,-40.989,37.177,246.45,0.2859,-90.889,0.092,1.879,none,0.0,0,1,0.957,0.971
2026-01-01 00:03:34,1012,3,drone,43.308,24.033,24.124,outgoing,58.139,1.201,927.76,0.2921,-43.523,33.156,288.055,0.1161,-84.015,0.227,2.96,none,0.0,0,1,0.923,0.908
2026-01-01 00:03:36,1010,20,drone,93.97,-56.009,56.147,incoming,7.988,7.796,1003.89,0.5997,-46.752,49.713,-721.36,-0.0695,-85.102,0.22,2.586,none,0.0,0,1,0.966,0.912
2026-01-01 00:03:36,1012,4,drone,43.375,23.717,23.67,outgoing,58.281,0.835,931.62,0.2556,-41.173,34.381,337.699,0.1062,-85.904,0.085,1.782,none,0.0,0,1,0.945,0.99
2026-01-01 00:03:37,1006,20,aircraft,282.902,210.376,210.489,outgoing,333.321,16.575,3488.94,6.6454,-60.832,34.262,3076.751,0.3073,-94.48,0.215,1.555,none,0.0,0,1,0.933,0.909
2026-01-01 00:03:37,1011,9,drone,56.679,35.125,34.889,outgoing,204.556,11.926,634.6,0.4297,-41.539,37.667,485.907,0.3081,-88.446,0.081,3.157,none,0.0,0,1,0.966,0.938
2026-01-01 00:03:38,1010,21,drone,93.61,-55.802,55.918,incoming,8.498,8.406,1019.74,0.7663,-42.019,53.123,-707.791,-0.0366,-86.913,0.194,0.71,none,0.0,0,1,0.93,0.923
2026-01-01 00:03:38,1012,5,drone,43.212,23.452,23.463,outgoing,58.797,1.171,905.82,0.2585,-43.363,32.507,354.055,0.0907,-83.821,0.129,2.99,none,0.0,0,1,0.954,0.929
2026-01-01 00:03:38,1013,0,drone,28.991,-17.867,18.079,incoming,233.857,7.451,370.76,0.0576,-43.829,27.787,-202.333,-0.0846,-91.681,0.069,1.87,none,0.0,0,1,0.957,0.939
2026-01-01 00:03:40,1010,22,drone,93.678,-58.517,58.47,incoming,8.544,8.576,1020.08,0.7255,-43.866,48.186,-1052.027,-0.0437,-85.786,0.159,1.602,none,0.0,0,1,0.99,0.904
2026-01-01 00:03:40,1011,10,drone,56.763,36.717,36.641,outgoing,205.616,11.517,648.21,0.3997,-41.551,40.49,368.197,0.306,-88.987,0.156,0.699,none,0.0,0,1,0.962,0.961
2026-01-01 00:03:40,1012,6,drone,44.053,21.419,23.551,outgoing,58.373,0.919,859.3,0.2758,-56.997,4.716,332.015,0.1314,-85.253,0.11,3.269,barrage,18.355,3,0,0.632,0.779
2026-01-01 00:03:42,1006,21,aircraft,287.9,213.564,213.596,outgoing,335.01,16.562,3536.81,6.4614,-61.26,31.453,1773.564,0.2678,-95.593,0.205,1.225,none,0.0,0,1,0.977,0.899
2026-01-01 00:03:42,1010,23,drone,93.356,-59.398,59.218,incoming,8.108,8.406,999.91,0.6565,-45.362,49.018,-1009.462,-0.0648,-86.656,0.141,1.891,none,0.0,0,1,0.956,0.982
2026-01-01 00:03:42,1012,7,drone,43.663,22.68,22.923,outgoing,58.908,1.259,940.86,0.2509,-42.076,35.768,242.734,0.0673,-85.714,0.118,2.764,none,0.0,0,1,0.934,0.95
2026-01-01 00:03:42,1013,1,drone,29.195,-18.334,18.231,incoming,233.672,6.789,370.12,0.051,-46.046,29.032,-249.878,-0.0533,-90.878,0.1,1.335,none,0.0,0,1,0.921,0.934
2026-01-01 00:03:43,1011,11,drone,57.533,38.492,38.428,outgoing,206.617,11.939,654.68,0.4784,-40.343,38.381,659.444,0.296,-88.274,0.053,1.032,none,0.0,0,1,0.956,0.957
2026-01-01 00:03:44,1010,24,drone,92.676,-62.9,62.721,incoming,7.933,7.992,1002.83,0.8275,-44.093,53.57,-714.98,-0.0476,-84.097,0.061,2.238,none,0.0,0,1,0.956,0.943
2026-01-01 00:03:44,1012,8,drone,43.736,23.106,22.994,outgoing,59.143,1.146,927.53,0.257,-41.439,33.014,408.811,0.0803,-84.431,0.16,1.334,none,0.0,0,1,0.946,0.874
2026-01-01 00:03:46,1010,25,drone,92.997,-65.103,64.719,incoming,7.457,8.115,1006.61,0.8363,-45.669,46.309,-881.734,-0.0539,-85.921,0.144,3.234,none,0.0,0,1,0.986,0.948
2026-01-01 00:03:46,1011,12,drone,57.589,38.761,38.878,outgoing,207.832,12.115,623.03,0.4718,-42.712,39.571,565.312,0.2786,-89.95,0.034,0.643,none,0.0,0,1,0.981,0.926
2026-01-01 00:03:46,1012,9,drone,43.589,22.541,22.302,outgoing,59.403,0.058,916.41,0.238,-40.388,36.72,325.863,0.1003,-83.373,0.057,2.69,none,0.0,0,1,0.944,0.95
2026-01-01 00:03:46,1013,2,drone,28.333,-19.895,18.831,incoming,233.759,6.122,374.58,0.0505,-56.31,11.002,-220.257,-0.1158,-91.624,0.225,0.164,barrage,13.219,2,1,0.691,0.838
2026-01-01 00:03:47,1006,22,aircraft,285.359,215.374,215.944,outgoing,336.119,16.351,3490.12,5.7784,-60.918,32.499,2788.546,0.2766,-94.624,0.124,2.877,none,0.0,0,1,0.967,0.924
2026-01-01 00:03:48,1010,26,drone,92.903,-66.053,66.379,incoming,7.934,8.279,1006.77,0.7949,-43.155,50.288,-520.265,-0.0862,-85.652,0.104,2.783,none,0.0,0,1,0.934,0.941
2026-01-01 00:03:48,1012,10,drone,43.741,22.156,22.444,outgoing,59.301,1.301,907.92,0.225,-43.593,30.727,363.32,0.0674,-84.018,0.199,3.131,none,0.0,0,1,0.955,0.99
2026-01-01 00:03:49,1011,13,drone,57.325,39.005,39.127,outgoing,207.882,11.459,658.53,0.4977,-42.164,37.619,299.066,0.3154,-90.703,0.196,3.284,none,0.0,0,1,0.97,0.898
2026-01-01 00:03:50,1010,27,drone,92.904,-66.686,66.743,incoming,7.648,8.508,1006.18,0.7377,-44.576,50.163,-425.896,-0.0388,-83.934,0.189,2.706,none,0.0,0,1,0.96,0.892
2026-01-01 00:03:50,1012,11,drone,43.755,22.28,21.979,outgoing,59.413,1.314,891.76,0.2293,-43.931,32.209,267.241,0.0702,-84.289,0.187,2.882,none,0.0,0,1,0.941,0.958
2026-01-01 00:03:50,1013,3,drone,28.846,-17.922,17.854,incoming,233.164,7.102,362.49,0.0618,-44.78,29.994,-158.832,-0.0742,-90.123,0.086,0.963,none,0.0,0,1,0.942,0.99
2026-01-01 00:03:52,1006,23,aircraft,287.527,214.319,214.39,outgoing,337.612,16.776,3528.88,5.5787,-62.543,34.049,1612.236,0.2418,-95.975,0.134,2.167,none,0.0,0,1,0.942,0.902
2026-01-01 00:03:52,1010,28,drone,93.141,-70.97,71.036,incoming,7.603,8.368,998.31,0.7408,-42.109,56.161,-522.673,-0.0633,-84.263,0.228,0.013,none,0.0,0,1,0.965,0.96
2026-01-01 00:03:52,1011,14,drone,57.215,40.631,41.948,outgoing,210.173,11.481,658.5,0.4804,-55.034,7.495,596.111,0.2236,-86.361,0.056,0.559,barrage,23.775,3,1,0.727,0.682
2026-01-01 00:03:52,1012,12,drone,43.786,22.32,22.139,outgoing,59.57,0.939,918.6,0.2562,-41.054,34.28,177.799,0.0899,-85.124,0.118,1.576,none,0.0,0,1,0.982,0.931
2026-01-01 00:03:54,1012,13,drone,43.919,21.307,21.503,outgoing,60.066,0.648,916.66,0.2356,-44.686,30.447,160.464,0.1239,-84.298,0.249,3.019,none,0.0,0,1,0.938,0.925
2026-01-01 00:03:54,1013,4,drone,28.751,-17.789,18.0,incoming,233.025,6.861,373.58,0.0511,-43.986,30.535,-222.643,-0.0613,-90.116,0.066,2.439,none,0.0,0,1,0.959,0.892
2026-01-01 00:03:55,1011,15,drone,58.403,43.267,42.968,outgoing,209.493,12.059,648.96,0.4196,-55.874,0.367,726.856,0.3536,-87.009,0.14,2.43,barrage,25.349,3,1,0.715,0.722
2026-01-01 00:03:56,1012,14,drone,43.658,21.269,21.455,outgoing,60.341,0.61,912.6,0.2673,-39.502,38.843,287.506,0.0952,-83.529,0.045,0.003,none,0.0,0,1,0.938,0.942
2026-01-01 00:03:57,1006,24,aircraft,289.692,219.408,219.321,outgoing,338.74,16.463,3469.01,5.5423,-60.1,35.193,1848.845,0.2683,-96.521,0.245,0.635,none,0.0,0,1,0.985,0.893
2026-01-01 00:03:58,1011,16,drone,58.178,43.558,43.366,outgoing,210.384,11.763,639.17,0.4659,-40.995,37.537,421.188,0.3196,-88.081,0.25,0.422,none,0.0,0,1,0.921,0.919
2026-01-01 00:03:58,1012,15,drone,43.551,20.741,20.567,outgoing,60.84,1.529,942.07,0.2301,-42.136,34.438,219.412,0.089,-83.349,0.223,1.763,none,0.0,0,1,0.962,0.88
2026-01-01 00:03:58,1013,5,drone,28.669,-18.498,18.467,incoming,232.935,6.961,378.98,0.0516,-45.713,30.761,-282.879,-0.0699,-90.372,0.242,1.235,none,0.0,0,1,0.99,0.942
2026-01-01 00:04:00,1012,16,drone,43.98,21.124,21.241,outgoing,60.313,0.79,886.85,0.2155,-41.007,34.784,169.413,0.0828,-84.817,0.127,1.278,none,0.0,0,1,0.958,0.99
2026-01-01 00:04:01,1011,17,drone,58.289,45.142,45.197,outgoing,211.409,11.652,652.39,0.4562,-39.245,38.82,388.633,0.2972,-88.224,0.117,0.173,none,0.0,0,1,0.959,0.927
2026-01-01 00:04:02,1006,25,aircraft,289.977,214.071,214.061,outgoing,340.647,16.34,3772.68,6.1641,-66.412,15.803,3114.24,0.2329,-93.661,0.134,2.812,spot,11.178,0,1,0.819,0.837
2026-01-01 00:04:02,1012,17,drone,43.56,20.856,20.778,outgoing,60.709,0.399,899.15,0.2554,-43.965,33.084,191.619,0.1023,-85.476,0.173,1.952,none,0.0,0,1,0.945,0.941
2026-01-01 00:04:02,1013,6,drone,28.647,-19.326,19.075,incoming,232.923,6.54,379.53,0.0502,-44.178,29.345,-294.154,-0.0499,-91.191,0.083,1.923,none,0.0,0,1,0.955,0.929
2026-01-01 00:04:04,1011,18,drone,58.483,45.935,45.922,outgoing,213.016,11.367,649.69,0.4638,-41.017,36.319,806.315,0.3061,-87.109,0.127,2.52,none,0.0,0,1,0.95,0.952
2026-01-01 00:04:04,1012,18,drone,43.937,20.127,20.136,outgoing,61.13,1.232,903.48,0.2612,-41.103,37.095,164.85,0.0902,-85.927,0.246,2.022,none,0.0,0,1,0.944,0.932
2026-01-01 00:04:06,1012,19,drone,43.561,19.183,19.229,outgoing,60.643,0.674,951.91,0.2437,-51.441,12.299,282.064,0.0454,-83.611,0.094,3.403,barrage,19.821,3,0,0.639,0.711
2026-01-01 00:04:06,1013,7,drone,28.601,-18.215,18.463,incoming,232.159,7.051,372.59,0.0556,-44.447,29.668,-299.458,-0.0922,-91.107,0.146,1.403,none,0.0,0,1,0.914,0.975
2026-01-01 00:04:07,1006,26,aircraft,293.028,222.93,223.155,outgoing,341.424,15.966,3457.26,6.1373,-62.017,34.182,3532.998,0.285,-94.931,0.145,0.871,none,0.0,0,1,0.904,0.961
2026-01-01 00:04:07,1011,19,drone,58.546,47.496,47.616,outgoing,213.247,12.21,628.76,0.4136,-43.759,36.362,616.761,0.2848,-87.116,0.176,1.897,none,0.0,0,1,0.948,0.948
2026-01-01 00:04:07,1014,0,drone,79.79,48.776,48.723,outgoing,214.596,3.957,308.21,0.2229,-47.423,38.826,802.717,-0.056,-91.119,0.228,2.947,none,0.0,0,1,0.938,0.916
2026-01-01 00:04:08,1012,20,drone,44.69,20.611,19.602,outgoing,60.83,1.938,809.1,0.2637,-46.753,15.951,228.387,0.1479,-82.904,0.038,2.75,spot,17.985,0,1,0.856,0.76
2026-01-01 00:04:10,1011,20,drone,58.859,49.24,49.004,outgoing,214.292,11.801,657.66,0.411,-40.771,38.297,633.025,0.2891,-88.365,0.075,0.775,none,0.0,0,1,0.961,0.954
2026-01-01 00:04:10,1012,21,drone,44.094,18.439,18.493,outgoing,61.694,0.969,908.29,0.2541,-42.748,30.824,251.951,0.0346,-84.452,0.052,2.674,none,0.0,0,1,0.943,0.99
2026-01-01 00:04:10,1013,8,drone,28.646,-18.674,18.853,incoming,232.52,7.296,367.57,0.0643,-43.897,30.852,-179.289,-0.0568,-89.094,0.024,0.298,none,0.0,0,1,0.962,0.947
2026-01-01 00:04:10,1014,1,drone,80.819,46.428,46.75,outgoing,214.737,4.013,309.18,0.2915,-46.05,41.424,787.185,-0.0477,-88.285,0.096,2.699,none,0.0,0,1,0.96,0.916
2026-01-01 00:04:12,1006,27,aircraft,293.691,219.734,219.684,outgoing,342.624,15.947,3501.86,6.7881,-60.978,30.848,2295.347,0.2905,-93.855,0.076,2.912,none,0.0,0,1,0.952,0.98
2026-01-01 00:04:12,1012,22,drone,44.175,19.158,18.956,outgoing,61.848,1.13,940.28,0.2708,-43.377,31.685,251.348,0.0625,-84.123,0.065,3.394,none,0.0,0,1,0.976,0.942
2026-01-01 00:04:13,1014,2,drone,80.582,46.581,46.606,outgoing,214.412,3.748,292.22,0.229,-48.499,37.566,717.534,-0.0674,-89.475,0.215,3.051,none,0.0,0,1,0.931,0.922
2026-01-01 00:04:14,1012,23,drone,44.844,20.161,19.303,outgoing,61.258,1.123,907.32,0.2367,-47.561,13.647,248.285,0.2372,-85.485,0.181,0.295,deceptive,23.83,6,1,0.747,0.67
2026-01-01 00:04:14,1013,9,drone,28.354,-18.885,19.643,incoming,232.012,6.427,328.45,0.0497,-54.453,8.014,-304.137,0.0843,-91.338,0.214,1.418,spot,13.446,0,1,0.827,0.837
2026-01-01 00:04:15,1015,0,drone,80.87,-56.232,56.437,incoming,265.558,9.53,520.72,0.2117,-55.176,23.169,-626.971,-0.1809,-90.953,0.081,1.055,spot,10.348,0,1,0.749,0.791
2026-01-01 00:04:16,1012,24,drone,43.682,18.154,18.119,outgoing,62.377,1.52,909.94,0.2349,-41.005,31.692,298.601,0.1468,-83.601,0.139,0.568,none,0.0,0,1,0.952,0.92
2026-01-01 00:04:16,1014,3,drone,81.121,48.266,47.063,outgoing,214.419,3.523,310.47,0.2307,-55.441,14.706,498.418,-0.1157,-89.481,0.043,2.58,deceptive,21.594,3,1,0.691,0.759
2026-01-01 00:04:17,1006,28,aircraft,299.26,234.861,232.068,outgoing,343.98,16.341,3431.96,6.5172,-67.325,12.527,3170.388,0.312,-95.944,0.086,2.706,deceptive,14.943,5,1,0.712,0.799
2026-01-01 00:04:17,1015,1,drone,80.99,-52.256,52.153,incoming,265.841,9.873,489.61,0.2457,-45.824,37.945,-892.209,-0.0945,-90.674,0.193,1.096,none,0.0,0,1,0.952,0.99
2026-01-01 00:04:18,1012,25,drone,44.066,17.632,17.595,outgoing,62.664,1.427,902.82,0.2185,-42.808,36.202,151.816,0.0761,-85.16,0.166,0.13,none,0.0,0,1,0.96,0.943
2026-01-01 00:04:18,1013,10,drone,28.413,-18.955,19.257,incoming,229.979,7.342,348.76,0.0531,-53.342,10.15,-335.045,-0.0252,-91.845,0.24,3.149,spot,11.748,0,1,0.78,0.888
2026-01-01 00:04:19,1014,4,drone,80.648,47.362,47.555,outgoing,213.481,4.358,317.45,0.2346,-43.838,41.208,554.689,-0.0477,-90.494,0.094,0.307,none,0.0,0,1,0.965,0.927
2026-01-01 00:04:19,1015,2,drone,79.983,-49.255,50.371,incoming,265.428,9.527,483.65,0.282,-54.439,23.624,-712.422,-0.2461,-90.259,0.073,2.152,deceptive,10.245,2,1,0.654,0.874
2026-01-01 00:04:20,1012,26,drone,44.547,17.971,18.79,outgoing,63.682,1.143,905.48,0.2242,-49.18,16.255,144.18,0.0667,-85.478,0.036,1.917,barrage,14.47,2,0,0.629,0.756
2026-01-01 00:04:21,1015,3,drone,80.452,-48.984,48.549,incoming,264.321,9.812,501.35,0.2693,-50.02,19.619,-540.695,-0.1209,-92.343,0.025,1.132,spot,16.256,0,1,0.775,0.801
2026-01-01 00:04:22,1006,29,aircraft,296.602,229.928,229.767,outgoing,345.701,16.77,3527.79,5.3166,-63.018,30.399,3434.333,0.2732,-95.413,0.221,3.383,none,0.0,0,1,0.929,0.868
2026-01-01 00:04:22,1012,27,drone,44.25,17.439,18.098,outgoing,62.211,1.874,899.39,0.2376,-51.728,11.044,154.893,0.1468,-83.584,0.089,0.37,barrage,17.784,2,0,0.726,0.792
2026-01-01 00:04:22,1013,11,drone,27.563,-20.3,19.702,incoming,231.134,7.739,353.99,0.0366,-59.431,-6.215,-275.645,-0.0502,-92.118,0.236,2.366,barrage,23.595,2,0,0.668,0.695
2026-01-01 00:04:22,1014,5,drone,82.094,44.7,43.047,outgoing,212.779,3.929,287.09,0.1874,-54.593,12.262,488.916,-0.2274,-90.228,0.082,1.081,barrage,24.343,1,1,0.671,0.718
2026-01-01 00:04:23,1015,4,drone,81.022,-44.074,44.801,incoming,264.882,9.709,495.08,0.3023,-53.717,21.21,-610.417,-0.1098,-92.323,0.156,3.297,spot,13.299,0,1,0.797,0.791
2026-01-01 00:04:24,1012,28,drone,43.981,17.103,17.297,outgoing,62.893,1.25,898.42,0.2195,-41.26,34.469,214.508,0.0819,-85.314,0.098,0.188,none,0.0,0,1,0.958,0.938
2026-01-01 00:04:25,1014,6,drone,80.284,45.698,45.667,outgoing,213.356,3.836,306.37,0.2662,-45.38,46.842,516.026,-0.076,-89.992,0.069,0.076,none,0.0,0,1,0.97,0.99
2026-01-01 00:04:25,1015,5,drone,81.187,-46.185,44.603,incoming,264.892,8.694,466.09,0.234,-58.87,9.537,-474.197,-0.1215,-92.831,0.064,1.202,barrage,19.371,3,1,0.735,0.744
2026-01-01 00:04:26,1013,12,drone,28.549,-17.664,19.346,incoming,231.607,6.616,361.03,0.0436,-54.274,12.943,-125.911,-0.1504,-89.799,0.069,2.471,spot,9.688,0,1,0.867,0.91
2026-01-01 00:04:27,1006,30,aircraft,300.417,224.978,225.556,outgoing,348.047,16.649,3614.92,7.6638,-73.059,7.224,2210.976,0.2443,-94.644,0.206,2.524,barrage,19.719,2,1,0.752,0.759
2026-01-01 00:04:27,1015,6,drone,80.298,-42.986,43.152,incoming,264.356,9.358,500.67,0.231,-46.988,34.607,-689.85,-0.0759,-91.394,0.052,2.853,none,0.0,0,1,0.921,0.904
2026-01-01 00:04:28,1014,7,drone,80.77,44.854,45.02,outgoing,213.183,3.575,305.7,0.2662,-44.995,41.012,400.816,-0.0748,-88.547,0.244,0.799,none,0.0,0,1,0.946,0.839
2026-01-01 00:04:29,1015,7,drone,80.429,-39.607,39.655,incoming,264.662,9.453,496.69,0.2409,-47.459,39.668,-567.52,-0.0494,-92.977,0.187,2.442,none,0.0,0,1,0.976,0.925
2026-01-01 00:04:30,1013,13,drone,28.156,-19.546,19.649,incoming,231.042,7.612,346.08,0.0549,-47.545,24.507,-228.51,-0.0926,-90.798,0.225,3.392,none,0.0,0,1,0.943,0.963
2026-01-01 00:04:31,1014,8,drone,81.533,44.65,44.235,outgoing,213.076,3.837,304.74,0.2686,-47.476,44.084,784.603,-0.0793,-89.184,0.031,2.715,none,0.0,0,1,0.97,0.965
2026-01-01 00:04:31,1015,8,drone,81.051,-37.662,37.687,incoming,264.32,9.217,492.89,0.2226,-46.873,35.999,-273.338,-0.1071,-92.342,0.184,2.153,none,0.0,0,1,0.93,0.896
2026-01-01 00:04:33,1015,9,drone,80.044,-37.3,36.531,incoming,263.258,9.847,459.36,0.2291,-56.077,18.648,-353.254,-0.1108,-92.495,0.222,0.026,deceptive,13.405,2,1,0.767,0.812
2026-01-01 00:04:34,1013,14,drone,27.951,-20.475,20.24,incoming,230.673,7.25,360.51,0.0404,-46.303,30.088,-303.009,-0.0449,-89.808,0.216,1.805,none,0.0,0,1,0.933,0.936
2026-01-01 00:04:34,1014,9,drone,82.617,41.745,41.817,outgoing,212.084,4.428,316.11,0.1805,-50.853,24.727,497.643,-0.1251,-90.167,0.188,0.339,spot,13.234,0,1,0.85,0.764
2026-01-01 00:04:35,1015,10,drone,80.646,-33.993,33.75,incoming,263.764,9.5,494.49,0.2552,-48.715,37.565,-474.304,-0.0821,-91.655,0.161,2.691,none,0.0,0,1,0.978,0.938
2026-01-01 00:04:37,1014,10,drone,81.714,42.154,42.25,outgoing,212.371,3.226,281.6,0.2406,-53.868,19.041,741.169,-0.1349,-88.443,0.231,2.912,deceptive,15.86,3,1,0.802,0.754
2026-01-01 00:04:37,1015,11,drone,80.203,-31.867,31.583,incoming,263.826,9.616,513.09,0.1953,-47.437,35.02,-302.154,-0.0622,-91.117,0.166,2.751,none,0.0,0,1,0.929,0.9
2026-01-01 00:04:38,1013,15,drone,28.066,-19.653,19.575,incoming,230.44,7.575,377.08,0.056,-45.297,30.557,-159.866,-0.0497,-91.177,0.039,2.311,none,0.0,0,1,0.946,0.927
2026-01-01 00:04:39,1015,12,drone,80.067,-31.091,31.072,incoming,263.77,9.765,499.56,0.2211,-48.326,37.099,-546.183,-0.1065,-92.044,0.043,2.994,none,0.0,0,1,0.979,0.939
2026-01-01 00:04:40,1014,11,drone,81.872,42.631,42.735,outgoing,212.294,4.277,312.1,0.2652,-47.878,38.21,504.828,-0.0762,-89.303,0.082,3.383,none,0.0,0,1,0.939,0.928
2026-01-01 00:04:40,1016,0,drone,102.863,-36.998,37.429,incoming,14.001,8.437,477.25,0.485,-51.895,9.375,-504.555,-0.3451,-95.354,0.097,0.564,deceptive,20.056,2,1,0.755,0.79
2026-01-01 00:04:41,1015,13,drone,80.052,-28.509,28.49,incoming,263.465,9.077,493.46,0.2686,-48.474,37.35,-330.077,-0.089,-90.227,0.197,3.166,none,0.0,0,1,0.953,0.99
2026-01-01 00:04:42,1013,16,drone,27.98,-18.733,19.005,incoming,230.503,7.592,370.75,0.0441,-58.426,1.827,-168.709,-0.0792,-92.315,0.149,2.429,barrage,17.272,2,0,0.751,0.721
2026-01-01 00:04:43,1014,12,drone,81.888,42.895,42.895,outgoing,212.145,3.965,318.92,0.2266,-45.255,42.614,541.203,-0.1043,-87.917,0.032,2.316,none,0.0,0,1,0.943,0.931
2026-01-01 00:04:43,1015,14,drone,79.653,-27.217,26.696,incoming,264.175,9.338,458.98,0.1561,-52.825,23.536,-237.363,-0.11,-90.901,0.051,2.007,spot,13.791,0,1,0.821,0.83
2026-01-01 00:04:45,1015,15,drone,80.642,-26.249,26.133,incoming,263.39,9.334,485.41,0.2599,-46.967,41.867,-296.542,-0.1261,-91.36,0.066,1.181,none,0.0,0,1,0.954,0.938
2026-01-01 00:04:46,1013,17,drone,27.866,-18.545,19.851,incoming,230.635,6.751,361.32,0.0557,-50.958,8.373,-328.16,0.0497,-91.689,0.033,0.813,spot,13.137,0,1,0.794,0.859
2026-01-01 00:04:46,1014,13,drone,81.968,45.935,44.823,outgoing,211.209,4.14,285.09,0.2754,-60.293,11.071,774.151,-0.0555,-87.606,0.168,3.116,barrage,22.156,1,1,0.694,0.747
2026-01-01 00:04:46,1016,1,drone,99.52,-34.95,34.338,incoming,13.704,9.088,468.5,0.4443,-62.921,7.666,-500.742,-0.3641,-94.053,0.184,0.161,barrage,12.457,3,0,0.731,0.789
2026-01-01 00:04:47,1015,16,drone,80.494,-23.595,23.672,incoming,262.552,9.736,521.82,0.2266,-47.206,36.581,-260.156,-0.0928,-92.281,0.241,1.532,none,0.0,0,1,0.935,0.939
2026-01-01 00:04:49,1014,14,drone,81.399,40.052,39.695,outgoing,211.512,2.85,317.32,0.2559,-45.958,44.124,402.094,-0.0476,-88.248,0.062,0.755,none,0.0,0,1,0.973,0.954
2026-01-01 00:04:49,1015,17,drone,80.625,-21.467,21.843,incoming,262.338,9.371,468.8,0.2298,-45.3,35.622,-284.016,-0.1026,-93.771,0.112,3.346,none,0.0,0,1,0.935,0.987
2026-01-01 00:04:50,1013,18,drone,27.487,-20.212,20.1,incoming,229.534,7.389,354.09,0.0503,-45.976,28.626,-250.873,-0.0372,-91.894,0.136,1.675,none,0.0,0,1,0.95,0.954
2026-01-01 00:04:51,1015,18,drone,80.297,-19.693,19.845,incoming,263.056,9.136,485.03,0.2545,-45.243,36.972,-274.985,-0.1086,-92.245,0.134,1.889,none,0.0,0,1,0.927,0.935
2026-01-01 00:04:52,1014,15,drone,81.999,41.974,41.495,outgoing,211.833,4.303,324.91,0.2748,-44.959,45.329,493.684,-0.0752,-90.698,0.064,0.662,none,0.0,0,1,0.944,0.949
2026-01-01 00:04:52,1016,2,drone,99.143,-36.991,36.838,incoming,12.22,8.143,497.92,0.4533,-48.425,31.883,-522.134,-0.2346,-95.682,0.133,2.871,none,0.0,0,1,0.956,0.956
2026-01-01 00:04:53,1015,19,drone,80.231,-18.475,18.657,incoming,262.273,9.331,496.65,0.2543,-44.862,35.551,-246.568,-0.1083,-91.961,0.19,0.501,none,0.0,0,1,0.933,0.89
2026-01-01 00:04:54,1013,19,drone,27.457,-20.357,20.541,incoming,229.655,7.304,355.95,0.0486,-42.453,34.107,-319.949,-0.0335,-89.874,0.1,0.937,none,0.0,0,1,0.967,0.983
2026-01-01 00:04:55,1014,16,drone,82.388,39.909,40.038,outgoing,211.751,3.469,297.56,0.2651,-45.962,42.447,301.808,-0.0329,-90.796,0.209,2.018,none,0.0,0,1,0.951,0.976
2026-01-01 00:04:55,1015,20,drone,81.124,-18.764,17.404,incoming,262.501,10.176,512.75,0.2452,-49.84,25.62,-120.025,-0.0292,-91.172,0.1,1.107,spot,13.168,0,1,0.796,0.793
2026-01-01 00:04:58,1013,20,drone,27.658,-21.474,20.99,incoming,229.076,6.629,360.16,0.0424,-43.544,28.141,-234.338,-0.0583,-91.115,0.101,0.881,none,0.0,0,1,0.922,0.971
2026-01-01 00:04:58,1014,17,drone,83.446,39.727,39.378,outgoing,211.733,4.19,306.77,0.2776,-54.747,19.861,696.44,-0.1053,-89.816,0.054,2.827,spot,14.187,0,1,0.759,0.789
2026-01-01 00:04:58,1016,3,drone,99.344,-37.378,37.375,incoming,10.785,7.67,500.87,0.4429,-44.354,34.9,-499.787,-0.2315,-94.586,0.125,0.933,none,0.0,0,1,0.965,0.978
2026-01-01 00:05:01,1014,18,drone,82.472,38.28,38.308,outgoing,210.857,3.925,310.58,0.2248,-45.461,42.879,300.225,-0.0363,-87.613,0.026,1.442,none,0.0,0,1,0.956,0.961
2026-01-01 00:05:02,1013,21,drone,27.331,-21.096,21.033,incoming,229.508,6.611,380.77,0.0511,-44.626,28.869,-129.701,-0.0917,-90.397,0.137,1.755,none,0.0,0,1,0.955,0.977
2026-01-01 00:05:04,1014,19,drone,82.55,38.641,38.62,outgoing,210.706,3.92,304.37,0.2529,-47.696,38.624,268.475,-0.1022,-89.544,0.192,1.517,none,0.0,0,1,0.99,0.932
2026-01-01 00:05:04,1016,4,drone,97.939,-37.134,37.227,incoming,9.393,8.708,504.87,0.4649,-46.646,35.606,-571.782,-0.2424,-93.849,0.08,2.948,none,0.0,0,1,0.917,0.971
2026-01-01 00:05:06,1013,22,drone,27.332,-20.584,20.688,incoming,229.112,6.959,392.84,0.0508,-44.08,28.571,-362.051,-0.0684,-91.969,0.096,2.032,none,0.0,0,1,0.956,0.903
2026-01-01 00:05:07,1014,20,drone,82.363,39.096,39.019,outgoing,210.651,3.756,293.3,0.2316,-46.545,39.16,394.968,-0.0892,-88.108,0.119,2.578,none,0.0,0,1,0.972,0.915
2026-01-01 00:05:09,1017,0,drone,104.797,33.239,32.667,outgoing,346.532,3.873,728.24,0.1016,-62.042,6.571,346.879,-0.4224,-94.775,0.121,2.213,barrage,24.175,1,1,0.687,0.726
2026-01-01 00:05:10,1013,23,drone,27.006,-20.976,21.102,incoming,229.005,6.562,363.94,0.0577,-44.873,28.738,-164.246,-0.0423,-90.895,0.233,0.711,none,0.0,0,1,0.946,0.911
2026-01-01 00:05:10,1014,21,drone,81.816,37.813,37.541,outgoing,210.07,5.778,312.39,0.3046,-50.528,21.663,334.353,-0.0495,-90.231,0.176,0.275,deceptive,18.803,3,1,0.803,0.723
2026-01-01 00:05:10,1016,5,drone,98.453,-37.997,37.797,incoming,7.782,8.816,497.58,0.5035,-44.013,35.626,-609.949,-0.2086,-93.273,0.027,0.703,none,0.0,0,1,0.935,0.914
2026-01-01 00:05:11,1017,1,drone,105.653,35.238,35.013,outgoing,346.564,4.798,757.49,0.1189,-52.53,34.504,513.037,-0.4102,-95.44,0.021,2.349,none,0.0,0,1,0.948,0.938
2026-01-01 00:05:13,1014,22,drone,82.697,36.926,37.208,outgoing,210.003,4.095,316.51,0.2778,-45.403,39.819,263.98,-0.0405,-88.223,0.125,0.595,none,0.0,0,1,0.958,0.909
2026-01-01 00:05:13,1017,2,drone,108.028,34.463,34.889,outgoing,346.412,4.846,762.19,0.1149,-62.023,15.219,319.536,-0.5016,-95.139,0.024,1.568,barrage,16.344,3,1,0.622,0.816
2026-01-01 00:05:14,1013,24,drone,27.411,-22.364,20.905,incoming,227.855,6.317,379.2,0.051,-59.957,3.14,-361.105,-0.1157,-91.78,0.12,0.75,barrage,18.81,1,1,0.684,0.745
2026-01-01 00:05:15,1017,3,drone,107.678,36.927,36.506,outgoing,344.651,4.823,745.31,0.1337,-59.025,18.164,355.755,-0.4809,-94.912,0.055,1.702,spot,8.957,0,1,0.767,0.854
2026-01-01 00:05:16,1014,23,drone,82.427,36.536,36.438,outgoing,209.938,3.831,290.01,0.241,-45.034,43.141,457.946,-0.0759,-89.824,0.022,0.333,none,0.0,0,1,0.922,0.915
2026-01-01 00:05:16,1016,6,drone,99.69,-37.777,37.935,incoming,7.086,8.258,478.72,0.4088,-58.25,6.282,-399.232,-0.2707,-95.177,0.164,1.665,barrage,19.08,1,1,0.648,0.691
2026-01-01 00:05:17,1017,4,drone,105.246,36.442,37.521,outgoing,344.415,4.416,798.31,0.1165,-62.126,14.535,264.757,-0.546,-93.773,0.201,1.96,barrage,21.655,3,1,0.636,0.721
2026-01-01 00:05:18,1013,25,drone,26.971,-20.847,20.598,incoming,228.658,7.32,370.68,0.0468,-42.631,28.235,-173.461,-0.0251,-89.915,0.115,1.769,none,0.0,0,1,0.943,0.973
2026-01-01 00:05:19,1014,24,drone,82.562,36.392,36.038,outgoing,209.746,3.699,327.17,0.225,-45.903,42.354,640.427,-0.051,-89.703,0.094,2.072,none,0.0,0,1,0.929,0.867
2026-01-01 00:05:19,1017,5,drone,106.069,37.364,37.078,outgoing,342.864,4.467,741.74,0.1114,-50.068,38.532,298.299,-0.4305,-93.336,0.022,0.479,none,0.0,0,1,0.918,0.955
2026-01-01 00:05:21,1017,6,drone,106.897,38.726,38.488,outgoing,341.895,4.696,733.45,0.1144,-52.782,36.356,284.708,-0.4702,-94.626,0.113,2.318,none,0.0,0,1,0.941,0.958
2026-01-01 00:05:22,1013,26,drone,26.819,-21.217,21.171,incoming,227.633,6.912,369.68,0.0511,-45.239,29.101,-275.128,-0.0514,-91.484,0.121,3.228,none,0.0,0,1,0.922,0.953
2026-01-01 00:05:22,1014,25,drone,82.656,34.476,34.67,outgoing,210.095,3.486,321.4,0.2393,-46.61,42.62,392.146,-0.0493,-88.913,0.151,1.913,none,0.0,0,1,0.941,0.986
2026-01-01 00:05:22,1016,7,drone,97.755,-37.294,37.425,incoming,5.801,8.958,485.01,0.4359,-46.022,32.513,-447.954,-0.2204,-93.081,0.185,0.679,none,0.0,0,1,0.94,0.895
2026-01-01 00:05:23,1017,7,drone,106.525,39.177,39.067,outgoing,340.956,4.588,732.69,0.1121,-50.822,36.477,561.064,-0.4563,-92.883,0.207,1.88,none,0.0,0,1,0.965,0.953
2026-01-01 00:05:24,1018,0,drone,51.282,54.08,54.182,outgoing,42.24,9.212,406.95,0.5116,-42.673,56.417,633.313,-0.1951,-89.949,0.123,3.123,none,0.0,0,1,0.95,0.899
2026-01-01 00:05:25,1017,8,drone,105.908,39.599,39.748,outgoing,340.181,4.689,736.0,0.1085,-51.156,36.383,597.785,-0.4364,-95.785,0.1,0.232,none,0.0,0,1,0.98,0.917
2026-01-01 00:05:27,1017,9,drone,103.05,41.109,41.579,outgoing,339.414,5.438,714.46,0.11,-55.716,20.882,367.48,-0.4476,-93.969,0.222,0.114,spot,8.302,0,1,0.824,0.846
2026-01-01 00:05:28,1016,8,drone,97.553,-38.064,37.774,incoming,4.539,8.735,499.36,0.5371,-47.581,27.792,-622.425,-0.2424,-93.849,0.228,1.773,none,0.0,0,1,0.969,0.968
2026-01-01 00:05:29,1017,10,drone,107.003,41.86,42.062,outgoing,338.066,4.294,725.05,0.1257,-52.374,35.127,745.179,-0.4479,-92.841,0.034,2.167,none,0.0,0,1,0.947,0.932
2026-01-01 00:05:29,1018,1,drone,51.709,52.634,52.826,outgoing,41.208,9.04,396.46,0.447,-42.538,55.323,871.409,-0.2505,-92.37,0.236,2.349,none,0.0,0,1,0.893,0.923
2026-01-01 00:05:31,1017,11,drone,107.133,42.426,42.565,outgoing,337.581,4.683,743.52,0.1039,-53.641,31.345,337.702,-0.4215,-93.963,0.206,3.069,none,0.0,0,1,0.92,0.906
2026-01-01 00:05:33,1017,12,drone,106.989,42.507,42.407,outgoing,336.295,4.696,736.32,0.1126,-50.794,37.815,398.214,-0.4063,-94.274,0.059,2.295,none,0.0,0,1,0.961,0.943
2026-01-01 00:05:34,1016,9,drone,97.795,-37.343,37.272,incoming,3.021,9.279,508.94,0.521,-47.599,32.345,-244.863,-0.264,-96.284,0.197,3.251,none,0.0,0,1,0.949,0.99
2026-01-01 00:05:34,1018,2,drone,51.678,50.989,51.19,outgoing,39.748,8.968,407.59,0.4607,-40.997,53.193,821.623,-0.1838,-91.123,0.208,1.755,none,0.0,0,1,0.932,0.891
2026-01-01 00:05:35,1017,13,drone,107.031,44.631,44.698,outgoing,336.211,4.47,778.13,0.1102,-61.931,14.079,489.385,-0.5636,-94.375,0.236,2.79,barrage,21.03,1,0,0.713,0.646
2026-01-01 00:05:37,1017,14,drone,107.066,42.216,40.803,outgoing,335.462,4.285,795.33,0.1241,-61.35,10.95,347.064,-0.3384,-93.613,0.156,2.356,spot,17.144,0,1,0.826,0.795
2026-01-01 00:05:39,1017,15,drone,106.28,45.774,45.93,outgoing,334.282,4.682,741.56,0.1263,-52.006,33.723,691.063,-0.4318,-91.493,0.031,2.354,none,0.0,0,1,0.963,0.99
2026-01-01 00:05:39,1018,3,drone,52.097,47.29,47.438,outgoing,38.77,9.376,408.25,0.4796,-38.073,58.114,587.459,-0.207,-93.025,0.039,1.343,none,0.0,0,1,0.946,0.959
2026-01-01 00:05:40,1016,10,drone,96.654,-38.453,38.374,incoming,1.841,8.968,505.94,0.4784,-46.088,31.408,-278.407,-0.2382,-96.604,0.053,2.175,none,0.0,0,1,0.985,0.937
2026-01-01 00:05:41,1017,16,drone,106.527,44.989,44.897,outgoing,333.002,4.644,740.71,0.108,-53.931,31.535,801.079,-0.4688,-94.883,0.222,3.351,none,0.0,0,1,0.959,0.944
2026-01-01 00:05:43,1017,17,drone,107.206,46.215,45.937,outgoing,332.627,4.247,734.62,0.1106,-54.295,32.993,443.955,-0.4599,-93.306,0.18,2.652,none,0.0,0,1,0.964,0.913
2026-01-01 00:05:44,1018,4,drone,51.961,47.472,47.392,outgoing,37.32,9.136,418.53,0.4521,-39.696,57.624,723.075,-0.207,-91.899,0.181,0.39,none,0.0,0,1,0.912,0.945
2026-01-01 00:05:45,1017,18,drone,107.801,47.36,47.315,outgoing,331.55,5.03,748.26,0.1166,-51.962,35.948,694.114,-0.4317,-92.971,0.248,0.652,none,0.0,0,1,0.963,0.883
2026-01-01 00:05:46,1016,11,drone,97.119,-39.867,39.844,incoming,359.852,8.658,498.08,0.4965,-47.051,29.298,-530.025,-0.2044,-94.422,0.114,2.851,none,0.0,0,1,0.934,0.902
2026-01-01 00:05:47,1017,19,drone,108.225,46.651,46.773,outgoing,330.678,4.577,745.09,0.1027,-50.332,37.037,635.13,-0.4403,-93.862,0.082,1.913,none,0.0,0,1,0.952,0.946
2026-01-01 00:05:49,1017,20,drone,107.539,48.733,49.067,outgoing,330.065,4.578,731.81,0.1144,-52.93,34.783,608.463,-0.4331,-94.507,0.084,2.76,none,0.0,0,1,0.933,0.952
2026-01-01 00:05:49,1018,5,drone,52.445,45.758,45.665,outgoing,36.389,9.695,397.25,0.5079,-40.288,58.256,550.602,-0.2349,-92.23,0.16,1.181,none,0.0,0,1,0.952,0.937
2026-01-01 00:05:51,1017,21,drone,107.939,51.76,49.795,outgoing,328.314,4.407,770.46,0.1298,-60.487,6.804,801.913,-0.3549,-94.734,0.205,0.039,deceptive,19.89,3,1,0.745,0.775
2026-01-01 00:05:52,1016,12,drone,98.989,-42.423,40.048,incoming,359.766,8.262,524.79,0.4843,-47.613,22.473,-291.78,-0.2468,-95.767,0.025,0.513,spot,8.73,0,1,0.846,0.853
2026-01-01 00:05:53,1017,22,drone,108.511,51.25,50.861,outgoing,327.621,4.825,728.22,0.0995,-53.621,33.858,900.352,-0.419,-95.258,0.133,2.277,none,0.0,0,1,0.955,0.906
2026-01-01 00:05:53,1019,0,drone,17.294,-48.62,48.756,incoming,186.713,6.977,660.38,0.5722,-35.494,44.692,-427.178,0.2671,-84.138,0.159,3.226,none,0.0,0,1,0.909,0.9
2026-01-01 00:05:54,1018,6,drone,52.567,42.685,42.796,outgoing,35.032,9.415,390.95,0.4465,-41.116,56.359,493.237,-0.236,-92.255,0.058,2.745,none,0.0,0,1,0.937,0.957
2026-01-01 00:05:55,1017,23,drone,108.522,50.469,50.612,outgoing,326.967,4.535,740.53,0.1147,-52.501,38.042,509.721,-0.4126,-93.34,0.095,1.13,none,0.0,0,1,0.945,0.913
2026-01-01 00:05:57,1017,24,drone,108.752,50.381,50.407,outgoing,326.101,4.657,751.46,0.1085,-52.055,39.089,788.333,-0.4182,-95.293,0.242,0.404,none,0.0,0,1,0.955,0.905
2026-01-01 00:05:58,1016,13,drone,96.411,-38.6,38.493,incoming,357.467,8.829,484.61,0.5463,-46.884,29.826,-668.435,-0.1972,-95.673,0.027,3.255,none,0.0,0,1,0.928,0.909
2026-01-01 00:05:58,1019,1,drone,16.925,-49.247,49.367,incoming,187.754,7.261,651.43,0.5989,-35.036,46.361,-451.515,0.2914,-86.036,0.038,2.097,none,0.0,0,1,0.965,0.938
2026-01-01 00:05:59,1017,25,drone,108.294,51.819,51.721,outgoing,324.796,4.841,707.49,0.1144,-53.167,37.612,647.068,-0.4402,-94.503,0.138,0.729,none,0.0,0,1,0.967,0.889
2026-01-01 00:05:59,1018,7,drone,52.651,41.294,41.519,outgoing,34.345,8.998,398.21,0.4573,-39.761,57.043,714.152,-0.2502,-90.298,0.224,0.734,none,0.0,0,1,0.909,0.898
2026-01-01 00:06:01,1017,26,drone,108.075,52.978,53.242,outgoing,324.543,5.111,752.87,0.1263,-51.456,38.931,829.544,-0.4482,-94.196,0.18,1.087,none,0.0,0,1,0.931,0.902
2026-01-01 00:06:03,1017,27,drone,107.679,56.659,55.645,outgoing,323.714,3.655,731.63,0.1187,-61.501,8.741,683.405,-0.4559,-94.283,0.096,0.497,deceptive,21.757,6,1,0.69,0.716
2026-01-01 00:06:03,1019,2,drone,16.696,-52.525,52.539,incoming,189.375,7.839,654.33,0.5813,-34.329,44.363,-544.797,0.286,-85.697,0.21,0.994,none,0.0,0,1,0.969,0.918
2026-01-01 00:06:03,1020,0,bird,20.834,15.309,15.47,outgoing,30.91,0.646,131.65,0.0457,-46.235,28.529,102.636,-0.1604,-87.699,0.51,2.472,none,0.0,0,1,0.963,0.911
2026-01-01 00:06:04,1016,14,drone,95.742,-40.164,39.292,incoming,356.883,7.588,505.99,0.511,-51.452,13.442,-451.862,-0.1228,-93.888,0.145,0.181,deceptive,19.732,4,1,0.715,0.747
2026-01-01 00:06:04,1018,8,drone,53.032,39.702,39.561,outgoing,33.602,9.177,407.36,0.5048,-40.779,56.004,431.014,-0.2182,-91.56,0.026,2.261,none,0.0,0,1,0.916,0.949
2026-01-01 00:06:05,1017,28,drone,108.791,55.037,55.228,outgoing,322.66,4.682,731.56,0.0937,-52.026,34.521,604.149,-0.4444,-94.318,0.109,2.349,none,0.0,0,1,0.972,0.92
2026-01-01 00:06:05,1020,1,bird,20.572,14.586,14.71,outgoing,30.45,0.564,145.98,0.0427,-47.677,33.978,90.754,-0.1721,-87.004,0.495,1.991,none,0.0,0,1,0.944,0.858
2026-01-01 00:06:07,1020,2,bird,20.857,14.614,14.395,outgoing,30.437,0.379,151.89,0.0505,-42.861,33.786,220.141,-0.1578,-88.964,0.442,0.624,none,0.0,0,1,0.912,0.899
2026-01-01 00:06:08,1019,3,drone,16.244,-53.243,53.808,incoming,190.38,7.275,682.42,0.6836,-46.057,25.408,-917.454,0.2998,-83.354,0.18,0.334,deceptive,11.16,4,1,0.768,0.871
2026-01-01 00:06:09,1018,9,drone,52.776,35.325,35.74,outgoing,31.963,9.137,406.96,0.5341,-39.609,57.26,607.984,-0.2638,-91.181,0.094,1.914,none,0.0,0,1,0.955,0.941
2026-01-01 00:06:09,1020,3,bird,20.745,14.219,14.78,outgoing,29.161,0.705,146.54,0.0428,-54.937,14.226,215.564,-0.1938,-88.123,0.25,3.167,spot,12.909,0,1,0.86,0.765
2026-01-01 00:06:10,1016,15,drone,96.522,-38.372,38.503,incoming,354.596,8.783,490.15,0.6041,-45.002,31.721,-487.833,-0.2198,-97.304,0.233,0.652,none,0.0,0,1,0.939,0.871
2026-01-01 00:06:11,1020,4,bird,20.929,14.119,13.989,outgoing,29.445,0.765,136.5,0.0372,-46.882,35.821,227.305,-0.1556,-88.336,0.475,0.905,none,0.0,0,1,0.941,0.933
2026-01-01 00:06:13,1019,4,drone,16.123,-55.513,55.745,incoming,192.484,6.78,649.3,0.6915,-35.077,45.151,-985.512,0.2992,-85.987,0.222,0.595,none,0.0,0,1,0.961,0.927
2026-01-01 00:06:13,1020,5,bird,20.951,13.327,13.356,outgoing,28.957,1.086,127.68,0.0414,-45.541,32.194,178.333,-0.1865,-89.145,0.212,2.678,none,0.0,0,1,0.962,0.971
2026-01-01 00:06:14,1018,10,drone,52.986,35.577,35.808,outgoing,30.298,8.771,393.06,0.4352,-39.504,56.34,532.789,-0.2196,-91.215,0.205,0.555,none,0.0,0,1,0.946,0.928
2026-01-01 00:06:15,1020,6,bird,21.069,12.569,12.843,outgoing,28.48,0.297,151.83,0.0366,-49.099,32.129,89.81,-0.1971,-87.071,0.471,3.125,none,0.0,0,1,0.948,0.813
2026-01-01 00:06:16,1016,16,drone,95.293,-38.894,39.08,incoming,353.208,8.842,516.35,0.5522,-44.644,32.823,-318.908,-0.2214,-94.951,0.152,0.774,none,0.0,0,1,0.964,0.938
2026-01-01 00:06:17,1020,7,bird,21.169,13.983,13.346,outgoing,27.793,0.01,150.89,0.0387,-54.153,10.334,186.025,-0.245,-89.666,0.368,0.933,deceptive,22.01,2,1,0.762,0.708
2026-01-01 00:06:18,1019,5,drone,15.651,-56.657,56.558,incoming,193.52,7.036,654.06,0.5663,-35.808,42.294,-608.323,0.3081,-84.564,0.236,1.038,none,0.0,0,1,0.928,0.945
2026-01-01 00:06:19,1018,11,drone,53.182,33.29,33.411,outgoing,29.708,9.403,402.38,0.5424,-41.017,54.106,414.159,-0.191,-93.294,0.079,3.126,none,0.0,0,1,0.979,0.934
2026-01-01 00:06:19,1020,8,bird,21.014,11.934,12.369,outgoing,27.956,0.454,167.52,0.0432,-46.609,33.295,172.138,-0.1829,-85.94,0.321,3.083,none,0.0,0,1,0.938,0.924
2026-01-01 00:06:21,1020,9,bird,21.068,11.299,11.212,outgoing,27.424,0.527,137.44,0.0451,-44.271,37.835,113.376,-0.1678,-88.106,0.506,0.466,none,0.0,0,1,0.948,0.9
2026-01-01 00:06:21,1021,0,bird,45.051,-15.294,15.391,incoming,324.041,1.983,380.94,0.014,-50.203,36.541,-247.235,-0.1292,-88.291,0.446,0.033,none,0.0,0,1,0.969,0.885
2026-01-01 00:06:22,1016,17,drone,95.254,-38.555,38.498,incoming,351.692,8.622,509.63,0.5372,-46.465,33.775,-514.083,-0.2159,-93.732,0.096,2.749,none,0.0,0,1,0.943,0.955
2026-01-01 00:06:23,1019,6,drone,15.455,-59.066,59.216,incoming,195.264,7.151,654.74,0.6212,-34.181,43.411,-364.61,0.3097,-85.601,0.071,0.595,none,0.0,0,1,0.961,0.98
2026-01-01 00:06:23,1020,10,bird,21.014,11.244,11.088,outgoing,27.093,0.847,137.86,0.0339,-48.621,31.102,163.761,-0.1184,-87.67,0.317,3.138,none,0.0,0,1,0.938,0.908
2026-01-01 00:06:24,1018,12,drone,53.211,32.255,32.216,outgoing,28.355,9.202,403.16,0.4442,-41.148,57.642,488.33,-0.1791,-91.525,0.12,2.824,none,0.0,0,1,0.913,0.99
2026-01-01 00:06:25,1020,11,bird,20.963,10.012,10.167,outgoing,27.054,0.446,156.7,0.0424,-44.974,35.394,179.23,-0.1736,-88.459,0.447,1.245,none,0.0,0,1,0.934,0.901
2026-01-01 00:06:25,1021,1,bird,44.731,-16.506,16.621,incoming,323.516,1.796,383.64,0.0246,-54.396,32.452,-179.708,-0.1319,-89.429,0.403,3.034,none,0.0,0,1,0.934,0.919
2026-01-01 00:06:27,1020,12,bird,21.199,10.076,10.012,outgoing,26.77,0.872,155.05,0.0349,-45.17,36.176,91.324,-0.1803,-88.207,0.155,2.411,none,0.0,0,1,0.972,0.906
2026-01-01 00:06:28,1016,18,drone,95.478,-39.778,39.925,incoming,350.59,8.341,482.45,0.5304,-45.625,34.939,-361.232,-0.2477,-93.755,0.208,0.019,none,0.0,0,1,0.98,0.921
2026-01-01 00:06:28,1019,7,drone,15.223,-64.921,64.449,incoming,196.46,7.546,671.12,0.7362,-42.452,32.097,-858.038,0.3009,-86.078,0.052,1.284,spot,8.156,0,1,0.85,0.872
2026-01-01 00:06:29,1018,13,drone,53.308,30.387,30.808,outgoing,27.25,9.091,396.45,0.4265,-42.44,57.259,427.36,-0.227,-90.197,0.19,3.46,none,0.0,0,1,0.945,0.931
2026-01-01 00:06:29,1020,13,bird,20.945,11.631,9.956,outgoing,26.583,1.576,138.95,0.0477,-53.626,15.578,115.763,-0.0617,-88.885,0.481,2.398,spot,12.742,0,1,0.78,0.679
2026-01-01 00:06:29,1021,2,bird,44.984,-15.662,15.907,incoming,323.706,1.702,371.99,0.0044,-54.538,33.589,-158.018,-0.1035,-87.505,0.359,3.343,none,0.0,0,1,0.96,0.885
2026-01-01 00:06:31,1020,14,bird,21.101,8.871,9.371,outgoing,25.842,0.559,138.99,0.032,-48.177,30.107,93.698,-0.1848,-86.458,0.542,1.655,none,0.0,0,1,0.94,0.938
2026-01-01 00:06:33,1019,8,drone,14.648,-63.324,63.25,incoming,197.651,7.416,684.88,0.6883,-33.466,41.774,-1117.503,0.3186,-84.88,0.172,0.839,none,0.0,0,1,0.947,0.932
2026-01-01 00:06:33,1020,15,bird,21.115,9.27,9.075,outgoing,25.624,0.961,152.17,0.0401,-50.225,33.568,160.453,-0.1688,-86.473,0.314,2.654,none,0.0,0,1,0.951,0.942
2026-01-01 00:06:33,1021,3,bird,44.819,-16.53,16.59,incoming,322.951,1.31,377.47,0.0118,-54.166,32.761,-152.381,-0.1142,-88.918,0.403,3.122,none,0.0,0,1,0.95,0.897
2026-01-01 00:06:34,1016,19,drone,93.936,-40.115,40.515,incoming,349.883,8.11,501.53,0.4561,-51.094,17.087,-529.162,-0.2731,-93.996,0.081,1.252,spot,10.642,0,1,0.783,0.862
2026-01-01 00:06:34,1018,14,drone,52.905,27.431,28.443,outgoing,26.257,7.769,341.27,0.4762,-55.283,28.703,262.175,-0.1591,-89.404,0.06,3.206,barrage,20.376,2,1,0.691,0.768
2026-01-01 00:06:35,1020,16,bird,21.002,8.722,8.774,outgoing,24.402,0.782,151.79,0.0454,-44.904,32.938,95.557,-0.1942,-90.06,0.475,1.235,none,0.0,0,1,0.914,0.958
2026-01-01 00:06:37,1020,17,bird,21.067,8.058,8.019,outgoing,24.43,0.625,149.89,0.0459,-47.598,31.366,133.416,-0.1792,-87.728,0.528,2.818,none,0.0,0,1,0.932,0.892
2026-01-01 00:06:37,1021,4,bird,44.694,-17.508,17.648,incoming,322.787,1.762,379.45,0.007,-51.23,35.781,-161.511,-0.0871,-88.809,0.196,3.248,none,0.0,0,1,0.948,0.94
2026-01-01 00:06:38,1019,9,drone,14.318,-64.836,65.085,incoming,199.617,7.292,657.45,0.5082,-36.913,44.144,-529.79,0.3064,-86.202,0.04,1.515,none,0.0,0,1,0.942,0.936
2026-01-01 00:06:39,1018,15,drone,53.309,25.518,25.421,outgoing,24.88,9.523,419.69,0.4347,-43.054,56.587,456.253,-0.2666,-90.561,0.149,3.247,none,0.0,0,1,0.957,0.931
2026-01-01 00:06:39,1020,18,bird,21.094,7.724,7.854,outgoing,24.589,0.642,147.94,0.0467,-45.862,29.867,130.623,-0.1327,-87.902,0.248,2.645,none,0.0,0,1,0.981,0.967
2026-01-01 00:06:40,1016,20,drone,94.479,-39.308,39.337,incoming,348.239,9.079,494.14,0.5277,-45.327,31.566,-689.595,-0.2454,-96.555,0.161,1.338,none,0.0,0,1,0.933,0.907
2026-01-01 00:06:41,1020,19,bird,20.925,6.752,6.58,outgoing,24.201,0.6,152.19,0.0386,-44.929,32.866,82.496,-0.1701,-88.792,0.462,1.321,none,0.0,0,1,0.913,0.89
2026-01-01 00:06:41,1021,5,bird,44.365,-18.3,18.546,incoming,322.722,2.123,370.07,0.0013,-56.374,31.496,-306.524,-0.1013,-89.082,0.521,3.362,none,0.0,0,1,0.947,0.907
2026-01-01 00:06:43,1019,10,drone,13.852,-65.616,65.499,incoming,200.877,6.813,663.89,0.6505,-36.775,41.208,-713.952,0.3001,-84.846,0.21,3.103,none,0.0,0,1,0.942,0.919
2026-01-01 00:06:43,1020,20,bird,21.199,6.812,6.871,outgoing,23.237,0.332,155.02,0.0399,-47.563,33.783,61.217,-0.2193,-87.678,0.419,2.158,none,0.0,0,1,0.922,0.867
2026-01-01 00:06:44,1018,16,drone,53.427,24.372,24.42,outgoing,23.88,9.448,397.31,0.4564,-38.677,56.2,297.52,-0.2075,-90.985,0.089,1.45,none,0.0,0,1,0.932,0.912
2026-01-01 00:06:45,1020,21,bird,21.025,6.042,6.449,outgoing,23.268,-0.223,130.63,0.0379,-55.383,15.453,45.856,-0.0651,-89.354,0.455,2.643,spot,9.565,0,1,0.807,0.764
2026-01-01 00:06:45,1021,6,bird,44.328,-19.979,19.936,incoming,322.207,2.29,370.17,0.0102,-52.359,37.564,-269.465,-0.1063,-87.827,0.488,0.953,none,0.0,0,1,0.934,0.858
2026-01-01 00:06:46,1016,21,drone,94.878,-40.564,40.289,incoming,346.58,8.419,493.83,0.457,-47.574,31.44,-670.533,-0.2007,-95.165,0.104,2.467,none,0.0,0,1,0.985,0.925
2026-01-01 00:06:47,1020,22,bird,21.167,6.084,5.826,outgoing,23.651,0.122,144.38,0.0508,-48.717,18.079,46.286,-0.2435,-87.607,0.213,0.619,spot,13.624,0,1,0.786,0.785
2026-01-01 00:06:47,1022,0,bird,24.151,-10.497,10.324,incoming,132.185,8.223,283.59,0.0384,-47.438,39.405,-169.005,-0.0486,-84.355,0.365,1.349,none,0.0,0,1,0.952,0.917
2026-01-01 00:06:48,1019,11,drone,13.46,-67.578,67.434,incoming,202.681,7.475,646.23,0.6326,-33.961,46.015,-435.634,0.2732,-84.002,0.23,0.542,none,0.0,0,1,0.967,0.947
2026-01-01 00:06:49,1018,17,drone,53.361,22.011,21.943,outgoing,22.975,9.129,395.09,0.5175,-41.878,55.705,179.495,-0.2311,-92.364,0.134,2.216,none,0.0,0,1,0.943,0.935
2026-01-01 00:06:49,1021,7,bird,44.277,-19.853,19.929,incoming,321.227,1.59,370.04,0.0129,-54.39,31.419,-200.152,-0.1294,-89.224,0.472,1.38,none,0.0,0,1,0.934,0.85
2026-01-01 00:06:52,1016,22,drone,94.835,-36.13,38.082,incoming,346.646,8.82,488.34,0.4739,-52.637,17.485,-483.907,-0.3815,-94.795,0.181,0.541,barrage,12.587,3,0,0.722,0.851
2026-01-01 00:06:53,1019,12,drone,13.083,-69.532,69.165,incoming,204.319,7.326,647.86,0.5245,-35.175,44.59,-558.31,0.2922,-85.957,0.238,2.808,none,0.0,0,1,0.941,0.904
2026-01-01 00:06:53,1021,8,bird,43.928,-21.14,20.947,incoming,320.741,1.655,373.97,0.0042,-51.355,36.186,-249.986,-0.1107,-89.824,0.182,2.314,none,0.0,0,1,0.961,0.93
2026-01-01 00:06:53,1022,1,bird,24.099,-10.341,10.542,incoming,131.359,7.884,293.0,0.0506,-47.704,37.516,-157.34,-0.0824,-84.801,0.495,0.717,none,0.0,0,1,0.953,0.877
2026-01-01 00:06:54,1018,18,drone,53.211,22.082,21.762,outgoing,21.591,9.139,384.36,0.5423,-40.603,55.655,141.399,-0.219,-90.18,0.059,2.301,none,0.0,0,1,0.927,0.919
2026-01-01 00:06:57,1021,9,bird,43.967,-20.247,20.789,incoming,320.734,2.164,356.02,0.013,-54.174,34.355,-241.049,-0.1054,-87.182,0.433,3.169,none,0.0,0,1,0.935,0.874
2026-01-01 00:06:58,1016,23,drone,93.876,-40.33,40.415,incoming,343.9,9.039,486.62,0.4553,-46.438,31.229,-704.334,-0.2392,-94.9,0.249,1.21,none,0.0,0,1,0.953,0.932
2026-01-01 00:06:58,1019,13,drone,12.579,-72.097,71.967,incoming,205.921,6.82,676.68,0.5568,-36.009,43.846,-685.441,0.3147,-84.641,0.239,2.172,none,0.0,0,1,0.947,0.947
2026-01-01 00:06:59,1022,2,bird,24.153,-9.91,9.812,incoming,131.371,8.54,287.48,0.0556,-45.77,40.615,-119.471,-0.0567,-87.198,0.228,2.754,none,0.0,0,1,0.945,0.921
2026-01-01 00:07:01,1021,10,bird,44.188,-21.504,22.165,incoming,321.339,2.116,387.91,0.0246,-61.927,14.347,-233.364,-0.1539,-89.239,0.473,0.935,spot,14.402,0,1,0.892,0.773
2026-01-01 00:07:03,1019,14,drone,12.001,-74.063,73.954,incoming,206.764,7.73,665.87,0.551,-35.517,45.32,-580.519,0.2974,-86.416,0.202,1.306,none,0.0,0,1,0.943,0.942
2026-01-01 00:07:03,1023,0,bird,35.439,-6.499,6.202,incoming,257.21,4.179,479.51,0.061,-46.171,29.35,-56.329,0.4484,-89.981,0.342,1.004,none,0.0,0,1,0.973,0.924
2026-01-01 00:07:04,1016,24,drone,94.147,-40.012,39.807,incoming,341.945,8.393,495.75,0.539,-46.851,31.853,-333.892,-0.2342,-94.55,0.038,2.975,none,0.0,0,1,0.934,0.916
2026-01-01 00:07:05,1021,11,bird,44.881,-19.724,22.032,incoming,319.316,1.784,381.04,0.0113,-60.665,14.416,-309.334,-0.0556,-86.798,0.37,2.181,barrage,18.201,1,0,0.68,0.687
2026-01-01 00:07:05,1022,3,bird,24.162,-9.489,9.76,incoming,132.207,7.024,286.78,0.0596,-49.36,25.55,-133.823,-0.1812,-84.594,0.504,2.102,spot,12.135,0,1,0.81,0.737
2026-01-01 00:07:06,1023,1,bird,35.205,-5.618,5.582,incoming,258.741,4.275,486.02,0.0689,-45.202,32.93,-72.955,0.4161,-90.742,0.373,0.495,none,0.0,0,1,0.933,0.953
2026-01-01 00:07:08,1019,15,drone,11.462,-73.305,74.397,incoming,207.778,6.863,640.52,0.5513,-42.214,27.172,-968.588,0.2663,-88.635,0.126,0.666,spot,12.865,0,1,0.754,0.817
2026-01-01 00:07:09,1021,12,bird,44.02,-23.215,23.034,incoming,319.449,1.522,370.51,0.0087,-54.264,32.456,-399.037,-0.1447,-89.259,0.338,2.64,none,0.0,0,1,0.98,0.872
2026-01-01 00:07:09,1023,2,bird,35.434,-3.942,4.276,incoming,260.1,3.61,492.7,0.0688,-44.965,31.185,-57.281,0.4245,-89.817,0.27,3.208,none,0.0,0,1,0.952,0.888
2026-01-01 00:07:10,1016,25,drone,93.51,-40.323,40.131,incoming,341.427,8.717,489.12,0.4966,-43.903,31.986,-361.593,-0.2418,-95.673,0.034,0.651,none,0.0,0,1,0.969,0.99
2026-01-01 00:07:11,1022,4,bird,23.931,-10.214,10.081,incoming,130.329,7.551,276.62,0.0492,-46.76,35.824,-147.182,-0.0646,-83.654,0.32,2.245,none,0.0,0,1,0.934,0.884
2026-01-01 00:07:12,1023,3,bird,35.275,-3.726,3.599,incoming,261.468,3.916,481.73,0.074,-59.551,3.089,-51.051,0.487,-90.967,0.483,2.735,barrage,16.852,1,1,0.752,0.706
2026-01-01 00:07:13,1019,16,drone,11.095,-76.005,76.249,incoming,210.09,7.265,648.26,0.5955,-35.58,43.756,-637.5,0.2686,-84.942,0.095,2.994,none,0.0,0,1,0.949,0.902
2026-01-01 00:07:13,1021,13,bird,43.837,-23.999,22.835,incoming,319.282,0.148,398.39,0.0063,-62.663,10.724,-212.659,-0.0695,-89.733,0.508,3.041,spot,14.924,0,1,0.771,0.739
2026-01-01 00:07:15,1023,4,bird,35.354,-2.781,2.658,incoming,262.952,3.981,470.47,0.0849,-48.347,25.591,-28.771,0.4417,-91.132,0.54,0.577,none,0.0,0,1,0.928,0.866
2026-01-01 00:07:17,1021,14,bird,43.531,-24.739,24.751,incoming,318.654,1.974,376.49,0.011,-51.737,34.015,-231.116,-0.1181,-89.146,0.303,0.073,none,0.0,0,1,0.97,0.936
2026-01-01 00:07:17,1022,5,bird,23.887,-10.014,10.056,incoming,129.721,7.908,296.53,0.0399,-45.601,41.167,-133.448,-0.0407,-84.402,0.436,1.644,none,0.0,0,1,0.945,0.883
2026-01-01 00:07:18,1019,17,drone,10.506,-78.093,78.386,incoming,211.283,7.93,666.74,0.5357,-35.928,48.558,-1325.377,0.3073,-86.288,0.223,2.323,none,0.0,0,1,0.985,0.897
2026-01-01 00:07:18,1023,5,bird,35.291,-1.855,1.734,incoming,264.356,4.488,509.17,0.0691,-48.575,26.104,-16.723,0.4483,-89.526,0.422,2.917,none,0.0,0,1,0.942,0.889
2026-01-01 00:07:21,1021,15,bird,43.575,-25.2,25.292,incoming,318.234,2.116,360.27,0.0122,-51.822,36.974,-239.823,-0.0986,-89.036,0.355,1.663,none,0.0,0,1,0.95,0.859
2026-01-01 00:07:21,1023,6,bird,35.384,-0.643,0.547,incoming,265.329,3.74,490.69,0.0803,-46.27,27.931,-5.578,0.4546,-91.156,0.17,2.58,none,0.0,0,1,0.959,0.952
2026-01-01 00:07:23,1019,18,drone,10.043,-80.257,80.092,incoming,213.302,7.054,671.57,0.5292,-35.445,46.233,-1200.376,0.3296,-86.307,0.151,1.205,none,0.0,0,1,0.96,0.894
2026-01-01 00:07:23,1022,6,bird,23.909,-9.256,9.329,incoming,129.48,7.958,283.32,0.0414,-45.927,40.945,-152.638,-0.0644,-85.198,0.275,1.767,none,0.0,0,1,0.985,0.981
2026-01-01 00:07:24,1023,7,bird,35.317,-0.249,0.333,incoming,266.732,4.045,479.51,0.0631,-45.12,31.912,-2.025,0.4208,-90.321,0.313,1.312,none,0.0,0,1,0.982,0.873
2026-01-01 00:07:25,1021,16,bird,42.954,-27.831,27.154,incoming,317.924,2.671,338.42,0.0023,-60.237,17.378,-179.241,0.0016,-90.983,0.5,0.663,spot,10.235,0,1,0.804,0.839
2026-01-01 00:07:27,1023,8,bird,35.692,-0.552,0.195,incoming,268.111,3.246,502.48,0.0728,-44.788,29.788,-2.919,0.4193,-90.138,0.317,0.642,none,0.0,0,1,0.931,0.93
2026-01-01 00:07:28,1019,19,drone,9.504,-82.608,82.514,incoming,214.555,6.718,651.99,0.6507,-34.234,47.797,-718.297,0.2981,-85.253,0.083,1.36,none,0.0,0,1,0.978,0.925
2026-01-01 00:07:29,1021,17,bird,42.943,-27.863,27.73,incoming,317.533,1.758,387.9,0.0154,-51.428,32.467,-172.584,-0.1169,-88.786,0.207,1.587,none,0.0,0,1,0.975,0.9
2026-01-01 00:07:29,1022,7,bird,23.749,-9.271,9.064,incoming,129.493,7.48,277.85,0.05,-47.347,37.37,-146.139,-0.0641,-84.729,0.316,1.612,none,0.0,0,1,0.964,0.898
2026-01-01 00:07:30,1023,9,bird,35.409,0.048,0.053,incoming,269.164,4.088,479.61,0.0686,-47.364,32.494,0.573,0.4351,-89.822,0.468,2.262,none,0.0,0,1,0.943,0.945
2026-01-01 00:07:32,1024,0,bird,42.456,15.999,15.994,outgoing,151.639,1.802,257.83,0.0804,-46.565,28.024,160.7,-0.4378,-88.12,0.455,1.92,none,0.0,0,1,0.943,0.909
2026-01-01 00:07:33,1019,20,drone,8.762,-83.998,83.972,incoming,216.032,7.235,675.2,0.5419,-34.026,46.86,-1045.81,0.3157,-86.82,0.125,0.551,none,0.0,0,1,0.99,0.932
2026-01-01 00:07:33,1021,18,bird,43.236,-26.865,26.735,incoming,316.607,2.162,364.68,0.0146,-51.817,34.338,-320.544,-0.1269,-89.673,0.176,2.345,none,0.0,0,1,0.966,0.918
2026-01-01 00:07:33,1023,10,bird,35.487,0.239,0.109,incoming,270.536,3.693,460.79,0.075,-43.837,32.798,-1.552,0.4558,-90.958,0.282,0.804,none,0.0,0,1,0.947,0.89
2026-01-01 00:07:35,1022,8,bird,23.882,-9.13,8.769,incoming,128.872,8.181,284.77,0.0468,-47.252,35.853,-102.176,-0.0657,-84.404,0.382,1.579,none,0.0,0,1,0.939,0.897
2026-01-01 00:07:35,1024,1,bird,42.925,16.238,16.089,outgoing,150.807,2.04,249.76,0.0812,-45.809,23.396,125.492,-0.4247,-86.159,0.17,3.035,none,0.0,0,1,0.93,0.937
2026-01-01 00:07:36,1023,11,bird,35.652,-0.389,0.048,incoming,272.049,4.709,481.3,0.0661,-45.097,30.717,0.605,0.453,-90.136,0.241,1.66,none,0.0,0,1,0.961,0.874
2026-01-01 00:07:37,1021,19,bird,43.084,-27.947,27.66,incoming,316.569,1.202,373.81,0.0136,-55.964,32.181,-283.484,-0.0891,-87.611,0.36,2.565,none,0.0,0,1,0.953,0.897
2026-01-01 00:07:38,1019,21,drone,8.081,-86.377,86.662,incoming,217.946,7.404,642.77,0.6386,-33.835,46.187,-1036.123,0.2904,-86.25,0.029,2.97,none,0.0,0,1,0.971,0.946
2026-01-01 00:07:38,1024,2,bird,42.787,16.323,16.386,outgoing,149.896,1.675,266.44,0.0663,-44.691,30.186,265.285,-0.3656,-89.778,0.176,0.064,none,0.0,0,1,0.941,0.905
2026-01-01 00:07:39,1023,12,bird,35.441,-0.071,0.075,incoming,272.835,3.573,491.73,0.0667,-44.472,30.848,0.501,0.4585,-90.474,0.227,1.303,none,0.0,0,1,0.949,0.925
2026-01-01 00:07:41,1021,20,bird,42.624,-29.298,29.017,incoming,316.062,1.881,351.82,0.0053,-49.373,34.41,-331.414,-0.0967,-87.837,0.222,0.329,none,0.0,0,1,0.952,0.946
2026-01-01 00:07:41,1022,9,bird,23.742,-8.839,8.791,incoming,128.853,8.451,287.87,0.0427,-45.186,38.491,-151.806,-0.044,-83.768,0.196,2.481,none,0.0,0,1,0.937,0.906
2026-01-01 00:07:41,1024,3,bird,42.482,19.638,18.17,outgoing,148.566,1.502,253.16,0.0553,-53.257,6.755,179.644,-0.4218,-87.98,0.37,2.187,deceptive,18.118,6,1,0.707,0.731
2026-01-01 00:07:42,1023,13,bird,35.364,0.762,0.056,incoming,275.724,4.063,445.39,0.0806,-55.34,8.718,-0.908,0.4582,-91.761,0.529,2.004,barrage,13.497,2,0,0.675,0.738
2026-01-01 00:07:43,1019,22,drone,7.537,-87.651,87.466,incoming,218.923,7.713,668.36,0.5296,-34.041,43.915,-555.517,0.2936,-85.28,0.244,0.462,none,0.0,0,1,0.925,0.915
2026-01-01 00:07:44,1024,4,bird,43.069,17.259,17.776,outgoing,147.611,1.435,281.41,0.0732,-47.849,27.234,239.571,-0.3344,-90.107,0.455,2.334,none,0.0,0,1,0.931,0.896
2026-01-01 00:07:45,1021,21,bird,43.092,-30.156,29.095,incoming,315.678,1.555,356.31,0.0054,-61.58,8.552,-332.743,0.0308,-89.54,0.432,1.124,barrage,20.266,1,1,0.752,0.612
2026-01-01 00:07:45,1023,14,bird,35.489,-0.225,0.117,incoming,275.548,3.75,480.25,0.0815,-46.264,30.365,-0.796,0.4329,-90.493,0.368,1.016,none,0.0,0,1,0.939,0.918
2026-01-01 00:07:46,1025,0,bird,33.913,-6.116,6.062,incoming,254.374,3.539,566.69,0.0685,-47.078,28.275,-48.647,-0.0199,-94.866,0.195,3.059,none,0.0,0,1,0.925,0.874
2026-01-01 00:07:47,1022,10,bird,23.154,-9.504,8.476,incoming,128.41,8.112,268.91,0.042,-52.745,6.259,-120.643,0.0331,-84.149,0.164,0.861,barrage,26.717,2,0,0.683,0.674
2026-01-01 00:07:47,1024,5,bird,43.033,18.028,17.989,outgoing,145.97,2.313,250.56,0.0744,-45.308,31.226,269.684,-0.3571,-86.356,0.263,0.214,none,0.0,0,1,0.942,0.843
2026-01-01 00:07:48,1019,23,drone,6.979,-89.375,89.275,incoming,220.426,7.232,635.41,0.713,-34.231,45.154,-1591.461,0.3057,-86.077,0.24,0.08,none,0.0,0,1,0.955,0.882
2026-01-01 00:07:48,1023,15,bird,35.339,-0.308,0.42,incoming,277.273,3.657,495.4,0.0776,-44.921,32.789,-4.656,0.4351,-91.16,0.228,1.071,none,0.0,0,1,0.936,0.932
2026-01-01 00:07:49,1021,22,bird,42.257,-30.243,30.022,incoming,315.353,1.832,367.76,0.009,-53.063,36.088,-371.467,-0.0437,-89.253,0.219,1.897,none,0.0,0,1,0.957,0.928
2026-01-01 00:07:50,1024,6,bird,42.774,18.086,18.339,outgoing,144.927,1.217,247.64,0.0606,-49.283,23.798,131.444,-0.423,-89.257,0.324,2.779,none,0.0,0,1,0.956,0.899
2026-01-01 00:07:51,1023,16,bird,35.369,-0.435,0.295,incoming,278.797,3.897,488.67,0.0725,-46.161,30.325,-3.182,0.4234,-92.463,0.286,1.899,none,0.0,0,1,0.94,0.888
2026-01-01 00:07:52,1025,1,bird,33.564,-5.603,5.045,incoming,253.942,3.856,516.99,0.0593,-58.64,1.395,-37.169,-0.0907,-92.597,0.24,2.467,barrage,17.259,1,0,0.709,0.711
2026-01-01 00:07:53,1019,24,drone,6.342,-89.788,89.701,incoming,221.989,7.717,670.88,0.5934,-33.292,47.834,-780.268,0.278,-86.289,0.031,1.842,none,0.0,0,1,0.932,0.978
2026-01-01 00:07:53,1022,11,bird,23.688,-8.694,8.547,incoming,127.423,7.472,277.42,0.0518,-44.939,39.516,-62.048,-0.0703,-85.596,0.34,1.862,none,0.0,0,1,0.956,0.876
2026-01-01 00:07:53,1024,7,bird,43.226,19.315,19.59,outgoing,143.722,1.065,270.06,0.0812,-48.454,26.056,239.599,-0.3867,-86.344,0.515,3.46,none,0.0,0,1,0.971,0.957
2026-01-01 00:07:54,1023,17,bird,35.595,-0.069,0.324,incoming,280.051,4.22,458.71,0.0598,-47.534,28.683,-3.585,0.4444,-94.106,0.359,2.46,none,0.0,0,1,0.944,0.93
2026-01-01 00:07:56,1024,8,bird,43.228,19.167,19.508,outgoing,142.565,1.706,281.18,0.0616,-45.51,26.655,161.533,-0.3724,-88.098,0.41,0.835,none,0.0,0,1,0.961,0.913
2026-01-01 00:07:57,1023,18,bird,35.452,-0.691,0.463,incoming,281.51,3.806,469.09,0.0843,-44.501,30.786,-4.217,0.4915,-89.43,0.186,0.871,none,0.0,0,1,0.931,0.983
2026-01-01 00:07:58,1025,2,bird,34.128,-4.421,4.294,incoming,253.151,4.436,539.56,0.0721,-47.976,29.223,-74.682,-0.0498,-92.063,0.346,2.972,none,0.0,0,1,0.952,0.889
2026-01-01 00:07:59,1022,12,bird,23.552,-7.712,7.75,incoming,127.328,7.393,276.79,0.0415,-46.293,37.346,-70.99,-0.0389,-84.563,0.5,0.815,none,0.0,0,1,0.915,0.897
2026-01-01 00:07:59,1024,9,bird,43.078,20.767,20.747,outgoing,141.984,1.473,276.47,0.07,-47.808,26.685,252.007,-0.3686,-88.776,0.434,1.808,none,0.0,0,1,0.934,0.852
2026-01-01 00:08:00,1023,19,bird,35.548,0.201,0.12,incoming,282.481,4.228,480.08,0.0648,-45.652,30.334,1.424,0.4391,-90.626,0.27,1.496,none,0.0,0,1,0.953,0.959
2026-01-01 00:08:02,1024,10,bird,43.445,21.339,21.361,outgoing,140.612,1.361,276.64,0.0821,-49.874,24.936,341.012,-0.4033,-88.044,0.527,3.222,none,0.0,0,1,0.957,0.839
2026-01-01 00:08:03,1023,20,bird,35.395,-0.173,0.305,incoming,283.694,3.953,496.36,0.0764,-45.513,28.433,-2.624,0.4205,-91.998,0.195,1.094,none,0.0,0,1,0.936,0.977
2026-01-01 00:08:03,1026,0,bird,14.574,-18.103,17.96,incoming,224.402,7.308,32.82,0.0262,-43.924,36.721,-226.75,-0.182,-94.867,0.398,0.285,none,0.0,0,1,0.915,0.883
2026-01-01 00:08:04,1025,3,bird,34.105,-3.511,3.488,incoming,253.399,3.691,545.35,0.0742,-44.948,27.464,-37.76,-0.0807,-93.767,0.167,0.353,none,0.0,0,1,0.954,0.966
2026-01-01 00:08:05,1022,13,bird,23.534,-7.717,7.923,incoming,127.462,7.749,268.32,0.0446,-46.322,36.594,-80.939,-0.0536,-86.033,0.377,2.666,none,0.0,0,1,0.949,0.868
2026-01-01 00:08:05,1024,11,bird,43.399,21.939,22.069,outgoing,138.562,1.692,266.5,0.0784,-46.716,26.683,216.278,-0.4096,-87.842,0.191,2.607,none,0.0,0,1,0.965,0.929
2026-01-01 00:08:06,1026,1,bird,14.278,-17.524,18.498,incoming,223.757,6.312,19.06,0.0318,-52.9,17.35,-229.214,-0.3612,-96.554,0.513,0.828,deceptive,23.783,2,1,0.736,0.612
2026-01-01 00:08:08,1024,12,bird,43.629,22.327,22.71,outgoing,138.289,1.505,257.62,0.0768,-47.702,24.915,353.005,-0.396,-88.342,0.398,2.184,none,0.0,0,1,0.973,0.973
2026-01-01 00:08:09,1026,2,bird,14.402,-19.404,19.228,incoming,223.258,6.628,0.0,0.025,-42.931,38.438,-345.941,-0.1367,-96.468,0.377,0.216,none,0.0,0,1,0.912,0.942
2026-01-01 00:08:10,1025,4,bird,33.969,-2.24,2.115,incoming,252.94,3.449,555.83,0.0628,-46.0,27.563,-32.264,-0.0977,-94.772,0.239,3.375,none,0.0,0,1,0.92,0.961
2026-01-01 00:08:11,1022,14,bird,23.637,-7.112,6.971,incoming,126.548,7.579,271.36,0.0504,-44.725,39.126,-100.332,-0.0934,-84.249,0.228,0.516,none,0.0,0,1,0.959,0.949
2026-01-01 00:08:11,1024,13,bird,43.353,22.908,23.149,outgoing,136.518,1.272,263.46,0.0663,-45.754,28.161,400.065,-0.3794,-88.493,0.236,2.336,none,0.0,0,1,0.971,0.901
2026-01-01 00:08:12,1026,3,bird,14.34,-19.384,18.9,incoming,222.672,6.643,40.35,0.0344,-60.968,1.626,-120.622,-0.1058,-94.522,0.456,1.734,barrage,25.32,2,1,0.645,0.659
2026-01-01 00:08:14,1024,14,bird,43.767,23.533,23.725,outgoing,135.792,1.32,277.72,0.0699,-46.58,28.385,324.073,-0.3837,-88.396,0.418,1.009,none,0.0,0,1,0.943,0.929
2026-01-01 00:08:15,1026,4,bird,14.104,-21.103,20.008,incoming,222.931,6.106,18.95,0.0335,-51.973,14.636,-162.024,-0.0675,-95.252,0.323,0.14,deceptive,22.711,2,1,0.749,0.682
2026-01-01 00:08:16,1025,5,bird,34.011,-1.15,1.05,incoming,252.95,3.549,555.26,0.0667,-44.749,28.702,-10.367,-0.084,-92.877,0.181,1.012,none,0.0,0,1,0.99,0.934
2026-01-01 00:08:17,1022,15,bird,23.605,-7.016,7.037,incoming,126.219,8.487,293.62,0.0442,-55.686,9.375,-60.6,-0.1273,-83.234,0.245,2.774,barrage,20.06,1,1,0.632,0.751
2026-01-01 00:08:17,1024,15,bird,44.001,24.292,24.23,outgoing,133.766,1.153,252.13,0.0656,-46.062,27.089,303.465,-0.4,-89.599,0.401,1.119,none,0.0,0,1,0.938,0.902
2026-01-01 00:08:18,1026,5,bird,14.182,-20.552,20.475,incoming,222.219,7.079,20.55,0.0191,-46.957,34.369,-356.02,-0.1843,-95.953,0.249,2.689,none,0.0,0,1,0.939,0.947
2026-01-01 00:08:20,1027,0,bird,30.718,18.335,17.874,outgoing,249.435,5.604,331.05,0.0175,-60.695,16.972,275.884,-0.1965,-90.532,0.195,0.34,deceptive,21.582,4,1,0.706,0.739
2026-01-01 00:08:21,1026,6,bird,14.057,-20.895,20.898,incoming,221.364,6.964,40.93,0.0237,-44.357,36.346,-131.012,-0.1675,-94.205,0.422,0.191,none,0.0,0,1,0.962,0.89
2026-01-01 00:08:22,1025,6,bird,33.823,-0.221,0.349,incoming,251.969,3.314,565.88,0.0645,-45.636,26.543,-4.998,-0.0919,-94.818,0.309,3.441,none,0.0,0,1,0.962,0.919
2026-01-01 00:08:23,1022,16,bird,23.256,-7.736,7.47,incoming,125.89,7.678,280.89,0.0443,-45.47,35.278,-122.659,-0.0273,-85.016,0.213,2.591,none,0.0,0,1,0.945,0.876
2026-01-01 00:08:24,1026,7,bird,14.011,-21.301,21.398,incoming,220.763,6.795,25.03,0.0229,-43.045,40.904,-201.99,-0.1608,-95.303,0.279,1.004,none,0.0,0,1,0.964,0.947
2026-01-01 00:08:25,1027,1,bird,31.626,18.075,17.913,outgoing,248.458,5.299,416.96,0.014,-60.051,27.932,207.246,-0.1624,-91.276,0.472,0.721,spot,12.452,0,1,0.78,0.804
2026-01-01 00:08:27,1026,8,bird,14.043,-21.465,21.34,incoming,220.099,6.703,19.75,0.0251,-47.94,38.147,-223.783,-0.1927,-96.076,0.519,0.041,none,0.0,0,1,0.93,0.804
2026-01-01 00:08:28,1025,7,bird,34.334,0.356,0.153,incoming,252.095,4.144,564.0,0.0611,-44.855,25.083,2.245,-0.0684,-93.555,0.299,1.386,none,0.0,0,1,0.928,0.906
2026-01-01 00:08:29,1022,17,bird,23.518,-6.921,6.868,incoming,125.79,8.269,274.03,0.0392,-44.673,37.854,-55.916,-0.0504,-86.344,0.177,0.746,none,0.0,0,1,0.941,0.958
2026-01-01 00:08:30,1026,9,bird,13.933,-22.321,22.055,incoming,220.043,6.568,9.45,0.0315,-47.17,34.788,-203.738,-0.2035,-95.257,0.363,2.184,none,0.0,0,1,0.946,0.875
2026-01-01 00:08:30,1027,2,bird,31.263,19.389,19.186,outgoing,247.217,5.682,387.88,0.0134,-52.206,41.999,225.521,-0.1908,-90.041,0.188,3.433,none,0.0,0,1,0.974,0.932
2026-01-01 00:08:33,1026,10,bird,13.862,-22.801,22.66,incoming,219.218,7.159,25.77,0.0271,-44.37,37.346,-384.246,-0.1947,-94.296,0.437,0.528,none,0.0,0,1,0.929,0.866
2026-01-01 00:08:33,1028,0,naval_vessel,153.001,5.32,5.402,outgoing,296.154,0.252,1.46,190.4317,-36.647,58.976,57.093,0.3564,-95.568,0.818,1.751,none,0.0,0,1,0.957,0.833
2026-01-01 00:08:34,1025,8,bird,33.807,0.111,0.026,incoming,251.54,3.708,544.31,0.0666,-46.062,26.643,-0.208,-0.0441,-93.611,0.416,1.472,none,0.0,0,1,0.962,0.872
2026-01-01 00:08:35,1022,18,bird,23.099,-7.055,6.744,incoming,125.97,8.346,306.87,0.054,-55.596,18.355,-98.313,0.0055,-84.101,0.421,3.257,deceptive,11.628,4,1,0.692,0.787
2026-01-01 00:08:35,1027,3,bird,31.556,20.968,20.879,outgoing,245.613,4.405,402.15,0.0053,-51.77,43.502,227.946,-0.2114,-90.613,0.342,2.219,none,0.0,0,1,0.928,0.866
2026-01-01 00:08:36,1026,11,bird,13.736,-23.811,23.51,incoming,218.728,7.343,50.15,0.0275,-45.675,39.049,-398.189,-0.1833,-94.202,0.396,0.622,none,0.0,0,1,0.942,0.886
2026-01-01 00:08:36,1028,1,naval_vessel,148.464,5.363,4.9,outgoing,298.161,-0.389,7.16,209.8426,-42.373,45.34,42.263,0.4156,-96.637,0.527,1.456,spot,13.172,0,1,0.813,0.752
2026-01-01 00:08:39,1026,12,bird,13.701,-23.182,23.051,incoming,218.346,6.598,42.91,0.0351,-46.806,35.472,-141.624,-0.1781,-96.062,0.224,2.927,none,0.0,0,1,0.956,0.881
2026-01-01 00:08:39,1028,2,naval_vessel,152.393,5.699,5.867,outgoing,298.869,0.396,0.04,184.7612,-35.34,57.798,55.667,0.364,-97.042,0.783,2.792,none,0.0,0,1,0.951,0.835
2026-01-01 00:08:40,1025,9,bird,34.241,-0.497,0.407,incoming,251.206,3.643,549.39,0.0691,-43.727,32.363,-2.63,-0.0734,-93.976,0.173,0.671,none,0.0,0,1,0.924,0.986
2026-01-01 00:08:40,1027,4,bird,31.288,21.256,20.782,outgoing,243.868,4.953,371.24,0.0073,-62.599,22.285,131.584,-0.2234,-90.055,0.375,1.677,barrage,17.985,2,1,0.626,0.693
2026-01-01 00:08:41,1022,19,bird,23.466,-6.463,6.129,incoming,124.792,8.577,273.95,0.0484,-45.424,37.955,-100.062,-0.0935,-84.829,0.213,1.878,none,0.0,0,1,0.958,0.956
2026-01-01 00:08:42,1026,13,bird,13.567,-24.873,24.645,incoming,217.87,6.446,33.45,0.034,-46.183,34.435,-191.286,-0.1741,-96.636,0.185,1.827,none,0.0,0,1,0.958,0.932
2026-01-01 00:08:42,1028,3,naval_vessel,153.229,5.335,5.252,outgoing,300.141,0.558,2.86,171.7904,-34.317,61.459,42.989,0.3612,-94.974,0.714,2.086,none,0.0,0,1,0.908,0.825
2026-01-01 00:08:45,1026,14,bird,13.502,-25.994,24.123,incoming,217.395,7.008,12.98,0.027,-55.057,16.459,-380.695,-0.2205,-93.703,0.284,0.768,spot,13.05,0,1,0.815,0.797
2026-01-01 00:08:45,1027,5,bird,31.735,21.975,21.857,outgoing,244.105,5.214,390.66,0.0128,-50.165,44.532,188.983,-0.1948,-89.864,0.377,1.351,none,0.0,0,1,0.975,0.903
2026-01-01 00:08:45,1028,4,naval_vessel,151.445,5.59,5.04,outgoing,301.027,-0.729,4.18,215.9661,-44.045,45.739,66.231,0.35,-94.924,0.627,2.773,spot,11.562,0,1,0.804,0.695
2026-01-01 00:08:46,1025,10,bird,33.951,-0.489,0.044,incoming,250.695,4.155,576.54,0.0743,-45.057,31.998,-0.549,-0.0854,-93.199,0.527,1.023,none,0.0,0,1,0.925,0.855
2026-01-01 00:08:47,1022,20,bird,23.371,-5.505,5.821,incoming,124.343,8.277,286.06,0.0393,-45.514,35.816,-64.558,-0.0517,-84.557,0.204,1.832,none,0.0,0,1,0.949,0.939
2026-01-01 00:08:48,1026,15,bird,13.325,-25.234,25.361,incoming,216.803,6.845,22.43,0.0344,-44.918,39.714,-198.77,-0.1524,-91.782,0.269,2.555,none,0.0,0,1,0.93,0.954
2026-01-01 00:08:48,1028,5,naval_vessel,152.672,5.721,5.326,outgoing,301.735,0.073,0.0,172.8143,-34.157,60.33,91.082,0.3677,-94.707,0.414,0.875,none,0.0,0,1,0.983,0.868
2026-01-01 00:08:49,1029,0,naval_vessel,227.825,-7.949,8.181,incoming,267.458,0.728,0.0,140.0494,-44.454,28.891,-75.375,0.1843,-89.588,0.629,0.167,none,0.0,0,1,0.956,0.903
2026-01-01 00:08:50,1027,6,bird,31.767,22.325,22.27,outgoing,242.589,5.318,388.95,0.0168,-53.344,45.597,364.21,-0.1897,-90.827,0.236,3.319,none,0.0,0,1,0.943,0.938
2026-01-01 00:08:51,1028,6,naval_vessel,151.971,4.621,4.303,outgoing,302.551,0.229,6.56,202.2529,-35.369,60.035,64.683,0.4135,-94.013,0.651,2.909,none,0.0,0,1,0.954,0.888
2026-01-01 00:08:52,1025,11,bird,34.024,0.364,0.35,incoming,250.483,4.204,558.47,0.0621,-47.238,25.947,4.334,-0.0449,-92.247,0.372,2.979,none,0.0,0,1,0.922,0.935
2026-01-01 00:08:54,1028,7,naval_vessel,151.871,2.912,4.542,outgoing,302.927,1.063,0.58,238.8886,-43.791,44.801,56.757,0.5079,-94.933,0.693,2.361,deceptive,10.184,4,1,0.65,0.814
2026-01-01 00:08:54,1029,1,naval_vessel,228.356,-7.649,7.751,incoming,268.856,-0.029,4.04,167.8478,-43.257,30.959,-111.764,0.2022,-89.695,0.661,1.231,none,0.0,0,1,0.937,0.792
2026-01-01 00:08:55,1027,7,bird,32.235,23.11,23.164,outgoing,241.994,4.937,356.96,0.0079,-51.272,44.91,222.705,-0.1477,-90.25,0.337,3.262,none,0.0,0,1,0.948,0.932
2026-01-01 00:08:57,1028,8,naval_vessel,153.614,5.255,4.444,outgoing,303.815,0.968,0.29,195.8847,-41.031,48.416,72.677,0.3943,-95.277,0.43,1.405,spot,12.261,0,1,0.798,0.827
2026-01-01 00:08:58,1025,12,bird,34.113,0.11,0.018,incoming,251.833,3.893,545.55,0.0815,-50.526,8.446,-0.226,-0.0291,-93.367,0.5,0.017,barrage,13.81,1,1,0.623,0.751
2026-01-01 00:08:59,1029,2,naval_vessel,226.558,-7.722,7.824,incoming,269.463,0.982,1.51,155.4681,-46.582,25.54,-60.71,0.2002,-89.505,0.785,3.356,none,0.0,0,1,0.944,0.758
2026-01-01 00:09:00,1027,8,bird,32.213,23.625,23.914,outgoing,241.272,5.908,367.29,0.0037,-49.957,47.755,170.73,-0.2043,-91.42,0.278,1.279,none,0.0,0,1,0.938,0.878
2026-01-01 00:09:00,1028,9,naval_vessel,154.26,3.182,4.356,outgoing,305.157,0.507,0.0,210.5645,-42.418,41.959,66.343,0.4378,-95.192,0.406,2.239,deceptive,22.543,5,1,0.667,0.724
2026-01-01 00:09:03,1028,10,naval_vessel,153.047,3.525,3.716,outgoing,307.183,0.858,0.01,213.9195,-36.314,62.886,49.64,0.3531,-95.385,0.45,0.49,none,0.0,0,1,0.915,0.908
2026-01-01 00:09:04,1025,13,bird,33.721,-0.075,0.066,incoming,249.449,3.689,553.09,0.0756,-45.564,26.342,0.979,-0.0436,-92.868,0.429,3.137,none,0.0,0,1,0.94,0.921
2026-01-01 00:09:04,1029,3,naval_vessel,228.831,-7.966,7.503,incoming,270.369,-0.387,0.0,146.3973,-43.152,32.634,-70.379,0.2129,-90.612,0.723,1.625,none,0.0,0,1,0.958,0.803
2026-01-01 00:09:05,1027,9,bird,32.483,25.435,25.551,outgoing,240.488,5.59,386.3,0.0176,-49.345,44.056,459.726,-0.1552,-89.94,0.53,0.884,none,0.0,0,1,0.951,0.908
2026-01-01 00:09:06,1028,11,naval_vessel,153.573,3.064,2.924,outgoing,308.409,0.413,2.51,184.7489,-32.897,61.569,27.625,0.3521,-95.02,0.471,2.17,none,0.0,0,1,0.988,0.912
2026-01-01 00:09:09,1028,12,naval_vessel,154.302,3.551,3.763,outgoing,309.011,-0.209,0.61,162.2137,-37.211,59.197,27.896,0.3617,-96.417,0.766,1.184,none,0.0,0,1,0.958,0.742
2026-01-01 00:09:09,1029,4,naval_vessel,227.669,-7.718,7.824,incoming,270.833,0.217,5.55,165.7537,-49.174,25.329,-135.298,0.1708,-88.671,0.81,2.247,none,0.0,0,1,0.976,0.819
2026-01-01 00:09:10,1027,10,bird,32.318,25.389,25.246,outgoing,238.599,5.597,388.76,0.0102,-49.622,43.922,196.22,-0.2248,-89.585,0.257,0.392,none,0.0,0,1,0.953,0.855
2026-01-01 00:09:11,1030,0,naval_vessel,131.239,-10.915,11.221,incoming,252.081,-0.177,3.04,635.0748,-29.932,54.125,-105.675,0.0274,-94.266,0.76,3.182,none,0.0,0,1,0.965,0.853
2026-01-01 00:09:12,1028,13,naval_vessel,152.983,3.149,3.395,outgoing,310.231,0.179,0.0,213.5089,-37.187,62.256,54.966,0.3853,-93.747,0.41,2.871,none,0.0,0,1,0.943,0.968
2026-01-01 00:09:14,1029,5,naval_vessel,227.443,-8.147,8.27,incoming,271.97,0.422,0.0,177.4985,-42.092,28.08,-79.288,0.2112,-91.261,0.429,0.424,none,0.0,0,1,0.926,0.926
2026-01-01 00:09:14,1030,1,naval_vessel,132.285,-11.996,11.647,incoming,251.945,0.176,0.0,677.0128,-30.868,55.284,-96.04,0.0057,-93.291,0.65,2.954,none,0.0,0,1,0.946,0.86
2026-01-01 00:09:15,1027,11,bird,32.715,25.954,25.876,outgoing,237.562,4.9,361.48,0.0181,-53.073,44.227,185.648,-0.2116,-91.216,0.522,3.023,none,0.0,0,1,0.947,0.863
2026-01-01 00:09:15,1028,14,naval_vessel,153.326,3.718,3.199,outgoing,311.804,0.584,0.0,199.462,-33.043,63.999,55.617,0.317,-94.69,0.552,0.721,none,0.0,0,1,0.956,0.857
2026-01-01 00:09:17,1030,2,naval_vessel,129.793,-12.005,12.311,incoming,252.126,-0.827,5.97,622.8745,-35.443,40.595,-91.829,0.053,-94.146,0.536,2.478,spot,10.188,0,1,0.799,0.785
2026-01-01 00:09:18,1028,15,naval_vessel,153.741,2.844,2.795,outgoing,313.315,-0.183,0.0,187.2544,-33.074,60.543,44.119,0.3761,-96.612,0.555,1.431,none,0.0,0,1,0.981,0.894
2026-01-01 00:09:19,1029,6,naval_vessel,228.019,-7.928,8.002,incoming,273.112,-0.545,10.96,161.1512,-47.405,26.152,-108.718,0.1991,-89.433,0.458,2.879,none,0.0,0,1,0.962,0.888
2026-01-01 00:09:20,1027,12,bird,32.673,26.013,26.443,outgoing,237.039,5.773,381.09,0.0129,-51.974,43.538,178.63,-0.2169,-89.752,0.268,2.251,none,0.0,0,1,0.94,0.919
2026-01-01 00:09:20,1030,3,naval_vessel,135.006,-10.184,10.776,incoming,251.956,0.086,0.0,616.5483,-34.765,44.082,-184.17,-0.0218,-94.026,0.795,0.449,spot,13.209,0,1,0.718,0.665
2026-01-01 00:09:21,1028,16,naval_vessel,153.842,2.893,2.701,outgoing,314.153,0.768,0.0,206.279,-35.234,62.256,32.016,0.3993,-94.837,0.79,2.901,none,0.0,0,1,0.951,0.864
2026-01-01 00:09:23,1030,4,naval_vessel,131.682,-12.613,10.34,incoming,252.628,-0.398,6.67,465.202,-38.777,34.901,-175.924,-0.0543,-94.671,0.756,1.395,barrage,13.656,2,0,0.658,0.711
2026-01-01 00:09:24,1028,17,naval_vessel,153.176,3.254,2.706,outgoing,315.526,0.844,0.0,171.5645,-35.601,58.553,41.76,0.3531,-94.737,0.378,3.192,none,0.0,0,1,0.939,0.941
2026-01-01 00:09:24,1029,7,naval_vessel,227.359,-8.103,8.397,incoming,273.692,0.75,0.0,156.3595,-42.965,29.508,-87.189,0.2067,-89.359,0.623,0.26,none,0.0,0,1,0.958,0.817
2026-01-01 00:09:26,1030,5,naval_vessel,130.181,-11.945,10.665,incoming,253.657,1.15,0.32,555.3963,-36.349,37.655,-106.219,-0.0979,-94.568,0.368,0.517,deceptive,18.747,3,1,0.745,0.682
2026-01-01 00:09:27,1028,18,naval_vessel,152.083,3.775,2.36,outgoing,316.808,-0.409,0.0,156.1569,-48.716,32.325,36.123,0.4518,-97.677,0.639,1.626,deceptive,19.748,4,1,0.805,0.672
2026-01-01 00:09:29,1029,8,naval_vessel,229.697,-9.018,8.643,incoming,275.208,0.403,0.0,157.3378,-43.882,29.503,-68.237,0.168,-88.797,0.732,2.413,none,0.0,0,1,0.959,0.911
2026-01-01 00:09:29,1030,6,naval_vessel,132.187,-10.533,10.399,incoming,252.368,0.696,4.94,574.157,-27.452,61.491,-166.127,0.0228,-92.682,0.603,0.862,none,0.0,0,1,0.943,0.863
2026-01-01 00:09:30,1028,19,naval_vessel,153.422,1.642,1.721,outgoing,317.358,-0.334,4.36,177.5252,-36.374,58.951,22.376,0.3757,-95.492,0.397,1.935,none,0.0,0,1,0.95,0.872
2026-01-01 00:09:32,1030,7,naval_vessel,130.145,-9.764,11.016,incoming,253.326,-0.317,0.0,546.8874,-41.872,33.732,-143.498,0.0385,-94.623,0.634,2.919,deceptive,18.652,2,1,0.681,0.698
2026-01-01 00:09:33,1028,20,naval_vessel,153.602,1.502,1.805,outgoing,318.314,0.552,0.0,181.2062,-36.903,58.919,16.81,0.3741,-95.248,0.639,1.494,none,0.0,0,1,0.918,0.917
2026-01-01 00:09:34,1029,9,naval_vessel,227.32,-7.974,7.987,incoming,276.174,-0.757,0.0,155.092,-43.813,31.606,-107.344,0.1663,-89.347,0.389,1.961,none,0.0,0,1,0.95,0.879
2026-01-01 00:09:35,1030,8,naval_vessel,130.926,-9.821,10.112,incoming,252.445,0.202,2.36,625.8814,-30.686,58.253,-80.049,0.0186,-94.505,0.574,2.76,none,0.0,0,1,0.944,0.864
2026-01-01 00:09:36,1028,21,naval_vessel,152.98,1.988,1.968,outgoing,319.11,0.463,0.0,187.7182,-37.26,58.871,28.666,0.3786,-96.745,0.847,2.665,none,0.0,0,1,0.943,0.779
2026-01-01 00:09:38,1030,9,naval_vessel,132.008,-9.671,9.865,incoming,252.922,0.308,3.24,638.7176,-28.052,56.805,-92.478,-0.0002,-93.022,0.78,1.707,none,0.0,0,1,0.954,0.826
2026-01-01 00:09:38,1031,0,naval_vessel,262.842,-7.433,7.534,incoming,335.728,0.08,0.0,351.85,-47.927,41.976,-114.285,0.1435,-92.834,0.688,1.054,none,0.0,0,1,0.944,0.857
2026-01-01 00:09:39,1028,22,naval_vessel,153.212,1.296,1.686,outgoing,320.443,0.656,0.0,199.8676,-36.599,57.8,15.506,0.368,-95.227,0.673,2.509,none,0.0,0,1,0.973,0.856
2026-01-01 00:09:39,1029,10,naval_vessel,225.435,-9.443,8.12,incoming,276.73,-0.937,3.36,130.2738,-59.54,0.189,-53.632,0.2892,-89.31,0.745,2.91,deceptive,21.969,4,1,0.673,0.611
2026-01-01 00:09:40,1031,1,naval_vessel,262.884,-7.241,7.884,incoming,335.47,0.493,0.0,344.9378,-44.665,42.529,-82.649,0.1167,-89.616,0.496,1.641,none,0.0,0,1,0.926,0.891
2026-01-01 00:09:41,1030,10,naval_vessel,132.139,-9.877,9.331,incoming,253.253,0.897,0.0,596.2613,-29.426,58.593,-114.972,0.0748,-94.896,0.369,2.506,none,0.0,0,1,0.983,0.895
2026-01-01 00:09:42,1028,23,naval_vessel,153.03,1.409,1.513,outgoing,321.339,0.014,2.85,175.6487,-38.658,59.564,17.632,0.3543,-96.408,0.746,0.536,none,0.0,0,1,0.951,0.859
2026-01-01 00:09:42,1031,2,naval_vessel,262.134,-8.466,8.359,incoming,336.469,-0.083,0.0,421.6898,-45.932,43.358,-57.954,0.1165,-91.532,0.455,0.372,none,0.0,0,1,0.953,0.891
2026-01-01 00:09:44,1029,11,naval_vessel,229.974,-7.743,8.51,incoming,277.334,-0.489,2.95,194.0006,-49.738,9.852,-104.966,0.2857,-90.182,0.492,0.186,spot,15.84,0,1,0.828,0.806
2026-01-01 00:09:44,1030,11,naval_vessel,131.641,-8.936,9.281,incoming,253.254,0.223,0.0,593.3201,-29.466,56.712,-119.136,0.0505,-94.898,0.522,1.835,none,0.0,0,1,0.988,0.891
2026-01-01 00:09:44,1031,3,naval_vessel,262.418,-7.474,7.726,incoming,336.766,-0.497,0.27,384.8518,-43.744,41.543,-77.844,0.124,-92.946,0.359,1.914,none,0.0,0,1,0.918,0.889
2026-01-01 00:09:45,1028,24,naval_vessel,152.453,1.359,1.086,outgoing,322.905,-0.029,4.81,188.7655,-37.867,56.539,15.4,0.3507,-94.178,0.775,2.182,none,0.0,0,1,0.961,0.837
2026-01-01 00:09:46,1031,4,naval_vessel,260.386,-8.259,8.107,incoming,337.027,-0.29,5.48,339.6458,-47.396,42.279,-114.503,0.1653,-90.493,0.789,1.808,none,0.0,0,1,0.951,0.826
2026-01-01 00:09:46,1032,0,naval_vessel,183.544,-20.166,19.384,incoming,90.257,0.172,7.16,162.1584,-49.778,32.188,-240.717,0.1581,-89.751,0.846,0.086,barrage,14.275,1,1,0.678,0.752
2026-01-01 00:09:47,1030,12,naval_vessel,131.241,-8.934,8.991,incoming,253.437,-0.081,1.1,550.8944,-30.462,55.105,-84.178,0.0551,-94.543,0.548,1.998,none,0.0,0,1,0.961,0.924
2026-01-01 00:09:48,1028,25,naval_vessel,152.109,0.799,1.091,outgoing,323.219,-1.448,5.84,200.106,-41.303,43.163,8.765,0.403,-94.497,0.557,0.218,deceptive,14.52,2,1,0.718,0.752
2026-01-01 00:09:48,1031,5,naval_vessel,261.866,-7.513,7.474,incoming,336.319,0.172,2.28,409.0264,-46.361,40.737,-82.173,0.1477,-91.541,0.703,1.152,none,0.0,0,1,0.957,0.913
2026-01-01 00:09:49,1029,12,naval_vessel,227.926,-8.045,7.825,incoming,278.778,0.301,0.0,150.8214,-45.413,24.839,-70.329,0.2178,-88.59,0.509,0.542,none,0.0,0,1,0.95,0.822
2026-01-01 00:09:49,1032,1,naval_vessel,183.492,-20.91,20.772,incoming,90.729,-0.129,0.0,211.7223,-38.433,56.196,-151.838,0.1463,-91.933,0.626,2.149,none,0.0,0,1,0.962,0.812
2026-01-01 00:09:50,1030,13,naval_vessel,131.081,-9.329,9.165,incoming,253.622,0.079,0.0,568.8688,-31.311,58.167,-61.617,0.0245,-93.037,0.803,1.493,none,0.0,0,1,0.974,0.886
2026-01-01 00:09:50,1031,6,naval_vessel,262.147,-6.774,6.873,incoming,337.276,0.86,0.0,393.5743,-47.262,37.931,-79.482,0.1514,-90.878,0.832,2.107,none,0.0,0,1,0.951,0.864
2026-01-01 00:09:51,1028,26,naval_vessel,152.382,0.905,0.754,outgoing,325.372,0.064,1.44,174.0894,-33.768,64.22,7.676,0.3892,-94.969,0.356,0.912,none,0.0,0,1,0.925,0.924
2026-01-01 00:09:52,1031,7,naval_vessel,263.214,-7.392,7.159,incoming,337.851,0.221,0.0,384.9697,-44.737,43.077,-116.061,0.134,-91.123,0.77,0.089,none,0.0,0,1,0.937,0.787
2026-01-01 00:09:52,1032,2,naval_vessel,183.448,-20.586,20.401,incoming,90.589,0.442,0.0,198.6649,-37.077,54.539,-263.569,0.1378,-91.174,0.393,2.747,none,0.0,0,1,0.965,0.92
2026-01-01 00:09:53,1030,14,naval_vessel,130.266,-9.982,8.6,incoming,253.22,-0.237,2.76,560.1991,-38.869,40.037,-120.881,0.0171,-94.864,0.787,0.823,spot,9.838,0,1,0.823,0.731
2026-01-01 00:09:54,1028,27,naval_vessel,153.87,0.446,0.589,outgoing,326.202,0.599,0.0,176.5765,-36.881,57.999,8.839,0.373,-95.929,0.847,1.383,none,0.0,0,1,0.953,0.821
2026-01-01 00:09:54,1029,13,naval_vessel,226.725,-8.123,8.483,incoming,279.693,0.47,0.0,143.4881,-43.895,29.779,-87.773,0.1698,-91.212,0.384,2.158,none,0.0,0,1,0.947,0.89
2026-01-01 00:09:54,1031,8,naval_vessel,262.475,-7.384,7.337,incoming,338.087,0.592,0.0,381.5896,-49.196,34.906,-75.465,0.1298,-89.425,0.817,2.287,none,0.0,0,1,0.941,0.836
2026-01-01 00:09:55,1032,3,naval_vessel,186.058,-20.51,20.281,incoming,91.224,-0.212,5.07,177.1891,-38.427,55.575,-273.654,0.2066,-90.273,0.841,3.189,none,0.0,0,1,0.971,0.795
2026-01-01 00:09:56,1030,15,naval_vessel,130.396,-6.693,8.132,incoming,253.818,0.686,3.64,826.6488,-37.2,41.364,-80.955,-0.0248,-94.626,0.759,2.811,spot,16.943,0,1,0.837,0.691
2026-01-01 00:09:56,1031,9,naval_vessel,262.495,-7.675,7.335,incoming,337.98,-0.656,2.89,354.8124,-47.043,41.762,-107.874,0.1163,-90.896,0.443,2.385,none,0.0,0,1,0.99,0.922
2026-01-01 00:09:58,1031,10,naval_vessel,262.987,-6.65,6.943,incoming,338.464,0.073,0.0,356.1879,-46.644,37.725,-67.99,0.1699,-90.429,0.458,1.429,none,0.0,0,1,0.949,0.862
2026-01-01 00:09:58,1032,4,naval_vessel,183.659,-20.401,20.297,incoming,91.249,-0.989,4.24,198.1779,-38.989,56.59,-126.594,0.1437,-91.631,0.435,0.731,none,0.0,0,1,0.967,0.921
2026-01-01 00:09:59,1029,14,naval_vessel,226.547,-8.668,8.578,incoming,280.747,1.205,4.79,170.1736,-45.04,29.567,-119.885,0.1764,-89.424,0.507,1.259,none,0.0,0,1,0.931,0.927
2026-01-01 00:09:59,1030,16,naval_vessel,132.032,-8.871,8.805,incoming,253.709,-0.249,0.0,592.2912,-32.215,58.089,-140.052,0.0803,-93.301,0.544,3.444,none,0.0,0,1,0.957,0.887
2026-01-01 00:10:00,1031,11,naval_vessel,263.583,-7.172,6.902,incoming,338.532,-0.261,0.0,273.949,-55.506,17.317,-74.001,0.1715,-94.089,0.612,0.866,spot,17.848,0,1,0.835,0.719
2026-01-01 00:10:01,1032,5,naval_vessel,184.086,-19.666,19.939,incoming,92.482,-0.228,0.0,215.6336,-35.225,61.076,-340.259,0.1605,-90.12,0.602,0.555,none,0.0,0,1,0.958,0.845
2026-01-01 00:10:02,1030,17,naval_vessel,130.69,-9.452,9.236,incoming,253.629,-0.395,4.08,589.3686,-28.386,58.393,-87.025,0.0408,-95.314,0.661,2.83,none,0.0,0,1,0.925,0.898
2026-01-01 00:10:02,1031,12,naval_vessel,262.367,-6.556,7.119,incoming,338.783,0.562,0.24,320.271,-46.092,40.427,-87.351,0.1352,-92.743,0.414,2.044,none,0.0,0,1,0.946,0.921
2026-01-01 00:10:04,1029,15,naval_vessel,227.495,-7.841,7.888,incoming,280.725,-0.35,6.91,146.9967,-42.543,30.844,-100.381,0.1775,-87.759,0.362,1.025,none,0.0,0,1,0.99,0.889
2026-01-01 00:10:04,1031,13,naval_vessel,262.867,-7.162,6.973,incoming,339.204,0.351,0.0,336.8835,-49.624,34.223,-107.649,0.1362,-91.97,0.615,2.717,none,0.0,0,1,0.939,0.93
2026-01-01 00:10:04,1032,6,naval_vessel,184.693,-19.839,19.257,incoming,92.538,0.234,0.0,225.4927,-51.474,25.889,-267.449,0.2627,-90.435,0.54,2.0,barrage,18.147,1,0,0.676,0.713
2026-01-01 00:10:05,1030,18,naval_vessel,131.128,-8.303,8.34,incoming,253.959,0.307,0.0,708.9479,-29.341,57.085,-133.291,-0.0012,-95.003,0.729,2.42,none,0.0,0,1,0.944,0.78
2026-01-01 00:10:06,1031,14,naval_vessel,264.465,-6.321,6.756,incoming,339.684,-0.182,0.0,388.1108,-50.173,34.971,-59.773,0.1468,-91.143,0.742,2.744,none,0.0,0,1,0.922,0.872
2026-01-01 00:10:07,1032,7,naval_vessel,182.143,-20.093,19.979,incoming,92.311,-0.938,1.76,251.4909,-49.685,31.314,-202.014,-0.0372,-91.34,0.74,0.575,deceptive,19.054,3,1,0.8,0.645
2026-01-01 00:10:07,1033,0,naval_vessel,53.782,-13.411,13.615,incoming,150.441,0.12,2.19,104.4596,-26.811,51.126,-98.564,0.1508,-86.682,0.68,0.069,none,0.0,0,1,0.936,0.868
2026-01-01 00:10:08,1030,19,naval_vessel,130.207,-7.952,7.804,incoming,253.84,0.695,0.0,622.2156,-26.88,59.32,-110.885,0.0412,-93.773,0.553,1.429,none,0.0,0,1,0.958,0.813
2026-01-01 00:10:08,1031,15,naval_vessel,262.29,-7.603,7.293,incoming,340.013,-0.197,6.78,333.0918,-44.946,42.676,-112.121,0.1181,-92.702,0.42,1.001,none,0.0,0,1,0.977,0.884
2026-01-01 00:10:09,1029,16,naval_vessel,227.623,-7.109,8.382,incoming,280.663,1.038,0.0,159.3524,-59.768,-2.335,-68.261,0.0477,-89.125,0.456,1.545,barrage,18.249,2,0,0.621,0.693
2026-01-01 00:10:10,1031,16,naval_vessel,263.269,-6.719,7.011,incoming,339.823,-0.832,0.0,313.9956,-45.806,43.209,-115.028,0.1268,-90.61,0.514,0.568,none,0.0,0,1,0.961,0.939
2026-01-01 00:10:10,1032,8,naval_vessel,184.926,-19.534,19.725,incoming,92.657,0.358,0.0,195.3712,-37.732,58.966,-197.94,0.1257,-89.446,0.632,2.664,none,0.0,0,1,0.97,0.907
2026-01-01 00:10:11,1030,20,naval_vessel,130.51,-8.167,7.882,incoming,253.727,-0.293,1.06,594.2135,-30.144,56.184,-134.694,-0.0002,-94.483,0.449,1.906,none,0.0,0,1,0.907,0.853
2026-01-01 00:10:12,1031,17,naval_vessel,263.062,-6.923,7.101,incoming,340.393,0.634,3.43,393.9975,-44.422,41.562,-94.34,0.1407,-92.218,0.488,1.438,none,0.0,0,1,0.928,0.858
2026-01-01 00:10:12,1033,1,naval_vessel,53.601,-13.395,13.519,incoming,151.309,-0.163,0.0,116.2287,-26.089,55.508,-104.922,0.171,-88.498,0.68,0.605,none,0.0,0,1,0.959,0.889
2026-01-01 00:10:13,1032,9,naval_vessel,182.577,-19.761,19.541,incoming,93.726,0.666,0.0,244.1947,-46.785,25.651,-311.532,0.0364,-90.795,0.562,1.02,barrage,24.903,2,1,0.743,0.611
2026-01-01 00:10:14,1029,17,naval_vessel,229.843,-7.87,8.345,incoming,283.532,0.048,0.0,170.7667,-54.716,9.053,-66.404,0.2481,-88.994,0.465,0.408,deceptive,13.421,4,1,0.729,0.744
2026-01-01 00:10:14,1030,21,naval_vessel,131.039,-7.764,7.778,incoming,253.791,-0.094,0.0,534.2489,-27.663,58.679,-67.102,0.0305,-94.969,0.489,0.151,none,0.0,0,1,0.958,0.853
2026-01-01 00:10:14,1031,18,naval_vessel,258.85,-5.775,6.885,incoming,340.022,0.046,1.71,345.6066,-61.942,15.251,-77.279,0.3016,-93.072,0.675,3.272,barrage,14.426,3,1,0.691,0.718
2026-01-01 00:10:16,1031,19,naval_vessel,264.617,-6.934,6.686,incoming,339.617,1.058,1.54,358.2887,-60.042,4.901,-45.223,0.159,-90.379,0.46,2.635,barrage,27.531,2,1,0.669,0.688
2026-01-01 00:10:16,1032,10,naval_vessel,183.768,-18.895,18.974,incoming,94.355,0.094,0.0,184.3927,-40.486,50.347,-119.137,0.1741,-89.192,0.463,2.585,none,0.0,0,1,0.953,0.84
2026-01-01 00:10:17,1030,22,naval_vessel,131.542,-6.771,6.796,incoming,254.27,0.528,11.94,537.6018,-28.286,60.357,-85.611,0.0078,-95.138,0.41,0.017,none,0.0,0,1,0.98,0.872
2026-01-01 00:10:17,1033,2,naval_vessel,53.185,-14.22,13.215,incoming,152.723,0.357,0.0,101.6917,-37.56,26.775,-131.1,0.1581,-89.708,0.841,1.039,barrage,26.539,1,1,0.57,0.485
2026-01-01 00:10:18,1031,20,naval_vessel,261.758,-6.695,6.551,incoming,341.138,-0.181,2.53,396.2032,-46.815,38.973,-51.074,0.1557,-91.814,0.651,0.726,none,0.0,0,1,0.938,0.884
2026-01-01 00:10:19,1029,18,naval_vessel,221.469,-10.956,8.807,incoming,285.534,-0.202,0.05,150.6893,-49.776,10.112,-96.695,0.2702,-90.055,0.384,0.204,deceptive,14.447,5,1,0.704,0.813
2026-01-01 00:10:19,1032,11,naval_vessel,183.127,-18.951,18.506,incoming,94.683,0.331,0.0,201.8746,-39.686,56.419,-329.977,0.1272,-90.173,0.668,1.545,none,0.0,0,1,0.98,0.761
2026-01-01 00:10:19,1034,0,naval_vessel,200.55,-18.736,18.992,incoming,3.804,0.57,2.26,556.7919,-39.619,44.669,-161.297,0.1863,-93.485,0.764,1.562,none,0.0,0,1,0.947,0.827
2026-01-01 00:10:20,1030,23,naval_vessel,132.719,-7.506,7.474,incoming,253.323,0.217,2.13,525.2007,-39.041,33.593,-89.157,-0.1096,-95.211,0.743,3.024,barrage,25.028,2,1,0.79,0.59
2026-01-01 00:10:20,1031,21,naval_vessel,263.009,-7.294,7.07,incoming,341.349,-0.436,2.86,393.9503,-46.993,37.057,-114.806,0.1729,-91.24,0.541,1.746,none,0.0,0,1,0.925,0.93
2026-01-01 00:10:22,1031,22,naval_vessel,263.265,-6.403,6.046,incoming,341.784,0.409,7.98,336.052,-49.353,39.32,-72.288,0.1479,-92.283,0.562,2.061,none,0.0,0,1,0.916,0.829
2026-01-01 00:10:22,1032,12,naval_vessel,183.187,-17.678,17.981,incoming,94.94,0.263,3.28,180.6437,-36.085,58.703,-259.064,0.1631,-90.115,0.444,1.161,none,0.0,0,1,0.944,0.945
2026-01-01 00:10:22,1033,3,naval_vessel,53.447,-13.061,13.288,incoming,152.933,-0.369,0.0,105.1903,-22.629,58.129,-172.698,0.1394,-87.902,0.397,0.176,none,0.0,0,1,0.916,0.945
2026-01-01 00:10:22,1034,1,naval_vessel,198.934,-18.878,18.422,incoming,3.969,-0.698,0.0,593.943,-50.099,23.892,-210.889,0.1343,-93.22,0.352,3.183,barrage,15.066,2,1,0.719,0.679
2026-01-01 00:10:23,1030,24,naval_vessel,132.129,-7.303,7.18,incoming,254.434,1.041,0.0,546.4203,-28.147,58.816,-54.93,0.0561,-94.009,0.408,0.708,none,0.0,0,1,0.928,0.932
2026-01-01 00:10:24,1029,19,naval_vessel,227.223,-8.344,8.414,incoming,285.182,0.443,4.21,142.7176,-43.585,31.392,-129.358,0.1742,-89.465,0.662,2.218,none,0.0,0,1,0.959,0.856
2026-01-01 00:10:24,1031,23,naval_vessel,262.621,-6.199,5.903,incoming,342.149,0.092,5.32,358.246,-43.325,39.618,-88.516,0.1259,-91.256,0.543,0.292,none,0.0,0,1,0.951,0.881
2026-01-01 00:10:25,1032,13,naval_vessel,185.652,-20.201,19.009,incoming,96.331,-0.423,8.34,187.5592,-46.02,30.436,-279.944,0.1903,-89.906,0.652,0.502,barrage,21.452,3,1,0.631,0.597
2026-01-01 00:10:25,1034,2,naval_vessel,199.645,-19.817,19.217,incoming,4.493,0.306,0.0,611.665,-35.248,50.248,-153.659,0.1863,-91.902,0.394,0.359,none,0.0,0,1,0.99,0.913
2026-01-01 00:10:26,1030,25,naval_vessel,130.507,-7.573,6.983,incoming,254.344,-0.271,7.38,639.5235,-28.702,55.398,-105.682,-0.0006,-93.706,0.369,3.076,none,0.0,0,1,0.924,0.89
2026-01-01 00:10:26,1031,24,naval_vessel,262.985,-7.032,6.968,incoming,342.32,-0.456,0.0,354.5214,-46.893,38.653,-123.814,0.1341,-93.543,0.531,1.011,none,0.0,0,1,0.946,0.851
2026-01-01 00:10:27,1033,4,naval_vessel,53.126,-12.877,12.979,incoming,153.87,-0.039,4.2,114.0426,-23.619,50.947,-101.075,0.1588,-88.169,0.39,1.078,none,0.0,0,1,0.924,0.881
2026-01-01 00:10:28,1031,25,naval_vessel,262.915,-6.379,6.732,incoming,342.57,-0.064,0.98,334.2281,-48.709,36.81,-105.413,0.128,-94.526,0.712,3.43,none,0.0,0,1,0.922,0.84
2026-01-01 00:10:28,1032,14,naval_vessel,182.952,-17.551,17.653,incoming,96.208,0.371,0.0,199.3442,-38.753,51.788,-287.589,0.1452,-90.258,0.659,1.51,none,0.0,0,1,0.946,0.832
2026-01-01 00:10:28,1034,3,naval_vessel,199.645,-20.162,20.339,incoming,4.889,-0.136,4.44,662.0246,-35.967,51.438,-163.59,0.2163,-91.6,0.53,1.449,none,0.0,0,1,0.95,0.925
2026-01-01 00:10:29,1029,20,naval_vessel,227.171,-8.78,8.735,incoming,285.681,0.444,2.48,141.537,-43.473,25.82,-69.639,0.1795,-90.015,0.558,3.051,none,0.0,0,1,0.939,0.868
2026-01-01 00:10:29,1030,26,naval_vessel,131.844,-6.816,7.005,incoming,254.507,0.755,4.23,530.8092,-26.729,62.241,-123.981,0.0405,-94.828,0.463,0.668,none,0.0,0,1,0.907,0.879
2026-01-01 00:10:30,1031,26,naval_vessel,262.021,-6.306,6.131,incoming,342.844,-0.293,0.0,337.3506,-46.262,38.552,-99.536,0.1211,-90.672,0.373,2.733,none,0.0,0,1,0.975,0.902
2026-01-01 00:10:31,1032,15,naval_vessel,182.321,-17.9,17.427,incoming,96.36,0.069,9.08,219.5235,-36.548,59.532,-222.032,0.1324,-87.947,0.408,1.274,none,0.0,0,1,0.928,0.917
2026-01-01 00:10:31,1034,4,naval_vessel,199.862,-20.595,20.603,incoming,5.654,0.703,0.0,555.3539,-34.679,51.607,-140.657,0.1991,-91.233,0.494,1.554,none,0.0,0,1,0.92,0.847
2026-01-01 00:10:32,1030,27,naval_vessel,131.513,-6.434,6.708,incoming,254.485,0.066,5.94,600.8789,-26.498,60.237,-108.057,0.0495,-93.9,0.384,0.442,none,0.0,0,1,0.962,0.887
2026-01-01 00:10:32,1031,27,naval_vessel,262.872,-6.224,6.132,incoming,342.698,0.467,4.17,402.676,-43.553,43.202,-96.062,0.1764,-91.506,0.521,1.177,none,0.0,0,1,0.943,0.854
2026-01-01 00:10:32,1033,5,naval_vessel,53.283,-13.29,13.276,incoming,154.444,-0.088,3.03,114.9705,-25.008,53.423,-101.79,0.1476,-89.35,0.525,3.241,none,0.0,0,1,0.966,0.981
2026-01-01 00:10:34,1029,21,naval_vessel,227.784,-8.012,8.261,incoming,287.108,0.462,0.88,150.0381,-46.07,26.921,-53.764,0.1683,-89.919,0.567,0.259,none,0.0,0,1,0.953,0.893
2026-01-01 00:10:34,1031,28,naval_vessel,261.24,-5.886,5.919,incoming,343.521,-0.506,5.49,364.6446,-45.105,41.199,-38.817,0.1338,-92.739,0.732,0.398,none,0.0,0,1,0.9,0.885
2026-01-01 00:10:34,1032,16,naval_vessel,181.844,-18.186,17.581,incoming,95.861,0.259,0.0,194.0686,-52.354,31.496,-150.81,0.1946,-88.89,0.485,3.375,deceptive,19.738,3,1,0.801,0.681
2026-01-01 00:10:34,1034,5,naval_vessel,199.055,-20.129,19.982,incoming,6.171,-0.451,0.0,590.2382,-38.244,49.643,-262.906,0.2061,-92.138,0.438,2.354,none,0.0,0,1,0.947,0.873
2026-01-01 00:10:35,1030,28,naval_vessel,131.002,-6.159,5.963,incoming,254.356,-0.825,0.0,652.8864,-29.651,57.786,-90.649,0.0319,-91.841,0.399,2.513,none,0.0,0,1,0.958,0.929
2026-01-01 00:10:36,1031,29,naval_vessel,262.349,-6.849,6.811,incoming,343.707,-0.113,0.0,372.9801,-45.008,39.593,-74.557,0.1648,-92.299,0.394,2.208,none,0.0,0,1,0.962,0.891
2026-01-01 00:10:37,1032,17,naval_vessel,179.423,-16.342,17.242,incoming,98.078,0.784,0.0,231.6905,-45.473,37.045,-298.312,0.1241,-91.122,0.431,3.176,spot,15.445,0,1,0.829,0.783
2026-01-01 00:10:37,1033,6,naval_vessel,52.93,-12.652,12.914,incoming,155.263,0.19,0.79,111.067,-24.593,50.691,-155.81,0.177,-88.515,0.609,0.319,none,0.0,0,1,0.943,0.866
2026-01-01 00:10:37,1034,6,naval_vessel,199.829,-20.733,20.554,incoming,6.787,-0.287,2.6,537.6213,-36.729,46.779,-125.786,0.1648,-91.336,0.573,0.436,none,0.0,0,1,0.968,0.867
2026-01-01 00:10:38,1030,29,naval_vessel,130.045,-4.574,6.234,incoming,254.981,0.069,0.0,640.4573,-38.213,41.424,-45.693,0.0844,-93.112,0.518,0.944,deceptive,13.91,3,1,0.694,0.725
2026-01-01 00:10:38,1031,30,naval_vessel,264.915,-5.948,6.165,incoming,344.088,-0.17,7.32,308.9654,-46.76,40.756,-84.937,0.0907,-92.229,0.468,2.639,none,0.0,0,1,0.928,0.852
2026-01-01 00:10:39,1029,22,naval_vessel,227.542,-8.374,8.346,incoming,287.629,0.31,0.0,132.1568,-43.936,30.236,-139.923,0.1624,-89.258,0.433,0.978,none,0.0,0,1,0.957,0.883
2026-01-01 00:10:40,1031,31,naval_vessel,262.464,-5.802,5.76,incoming,344.154,0.172,1.82,327.0585,-44.514,42.43,-48.485,0.1399,-90.818,0.372,0.359,none,0.0,0,1,0.949,0.963
2026-01-01 00:10:40,1032,18,naval_vessel,184.366,-17.031,16.977,incoming,97.651,0.703,13.59,225.1367,-34.529,58.916,-224.323,0.1951,-90.211,0.418,0.186,none,0.0,0,1,0.954,0.903
2026-01-01 00:10:40,1034,7,naval_vessel,196.449,-19.441,20.948,incoming,7.098,-0.105,4.1,602.224,-46.791,17.511,-337.81,0.1624,-94.673,0.818,2.388,barrage,25.92,1,1,0.626,0.623
2026-01-01 00:10:41,1030,30,naval_vessel,132.027,-4.594,4.991,incoming,254.622,-0.974,0.0,727.7166,-35.7,28.414,-89.685,-0.0196,-95.618,0.838,0.274,deceptive,23.146,2,1,0.691,0.628
2026-01-01 00:10:42,1033,7,naval_vessel,52.571,-12.352,12.424,incoming,155.708,0.075,0.0,98.3229,-23.338,53.859,-186.442,0.1576,-87.59,0.387,0.744,none,0.0,0,1,0.926,0.946
2026-01-01 00:10:42,1035,0,naval_vessel,166.397,-8.836,9.502,incoming,286.713,1.035,7.38,158.8256,-53.03,17.408,-117.089,-0.2114,-91.498,0.474,3.17,barrage,14.147,3,0,0.643,0.691
2026-01-01 00:10:43,1032,19,naval_vessel,183.403,-16.01,16.04,incoming,98.577,0.123,14.64,181.9652,-37.536,57.706,-272.411,0.1232,-90.167,0.571,1.924,none,0.0,0,1,0.979,0.901
2026-01-01 00:10:43,1034,8,naval_vessel,198.664,-21.481,21.559,incoming,7.921,-0.257,1.42,601.2328,-39.015,47.925,-133.702,0.1996,-90.329,0.628,2.638,none,0.0,0,1,0.935,0.887
2026-01-01 00:10:45,1035,1,naval_vessel,166.249,-8.283,9.445,incoming,285.927,-0.003,0.5,208.8982,-44.17,24.418,-135.327,-0.1574,-92.022,0.473,2.72,deceptive,16.368,3,1,0.786,0.715
2026-01-01 00:10:46,1032,20,naval_vessel,184.488,-15.83,15.915,incoming,98.311,-0.08,2.28,199.2942,-37.321,56.054,-268.883,0.1577,-90.591,0.759,1.408,none,0.0,0,1,0.94,0.868
2026-01-01 00:10:46,1034,9,naval_vessel,199.187,-21.089,21.099,incoming,8.372,-0.086,1.84,669.7983,-37.895,49.129,-207.037,0.2055,-93.194,0.465,1.538,none,0.0,0,1,0.99,0.923
2026-01-01 00:10:47,1033,8,naval_vessel,53.099,-13.168,13.351,incoming,157.068,0.023,0.0,95.4357,-25.021,53.804,-172.721,0.1722,-86.769,0.49,0.29,none,0.0,0,1,0.909,0.815
2026-01-01 00:10:48,1035,2,naval_vessel,166.821,-9.955,9.919,incoming,286.099,0.057,3.53,175.0572,-40.015,38.721,-100.036,-0.1344,-92.903,0.816,3.323,none,0.0,0,1,0.953,0.756
2026-01-01 00:10:49,1032,21,naval_vessel,182.619,-16.298,16.208,incoming,99.122,0.483,0.0,233.5095,-37.109,55.494,-133.295,0.1413,-89.346,0.411,3.233,none,0.0,0,1,0.918,0.868
2026-01-01 00:10:49,1034,10,naval_vessel,197.586,-22.567,22.701,incoming,9.17,0.69,0.0,598.7439,-36.172,50.785,-260.866,0.159,-91.277,0.696,0.347,none,0.0,0,1,0.95,0.931
2026-01-01 00:10:51,1035,3,naval_vessel,165.753,-10.722,10.552,incoming,286.525,0.03,9.71,168.0914,-35.751,46.529,-146.378,-0.1177,-91.399,0.404,1.88,none,0.0,0,1,0.956,0.893
2026-01-01 00:10:52,1032,22,naval_vessel,183.788,-15.842,15.811,incoming,99.015,-0.582,3.46,186.057,-40.536,59.875,-119.047,0.1477,-91.135,0.388,2.877,none,0.0,0,1,0.935,0.867
2026-01-01 00:10:52,1033,9,naval_vessel,52.926,-13.413,13.243,incoming,157.852,0.465,0.0,125.2729,-25.244,52.438,-227.216,0.1593,-88.156,0.485,2.602,none,0.0,0,1,0.936,0.878
2026-01-01 00:10:52,1034,11,naval_vessel,197.012,-22.069,21.996,incoming,9.477,0.701,2.81,663.0027,-36.494,51.419,-241.561,0.1977,-90.645,0.648,3.291,none,0.0,0,1,0.981,0.907
2026-01-01 00:10:54,1035,4,naval_vessel,167.533,-9.917,10.618,incoming,285.984,-0.585,0.0,137.1459,-52.626,17.132,-108.241,-0.1577,-88.433,0.596,1.431,barrage,14.078,1,1,0.616,0.673
2026-01-01 00:10:55,1032,23,naval_vessel,183.782,-15.611,15.57,incoming,100.074,0.143,0.0,210.1891,-39.125,54.788,-177.259,0.1305,-88.984,0.532,0.099,none,0.0,0,1,0.976,0.921
2026-01-01 00:10:55,1034,12,naval_vessel,198.415,-22.102,22.284,incoming,9.979,0.206,2.36,630.4226,-36.439,50.609,-344.464,0.1587,-92.665,0.359,3.212,none,0.0,0,1,0.959,0.943
2026-01-01 00:10:57,1033,10,naval_vessel,53.155,-12.172,12.189,incoming,158.407,0.053,4.59,114.3561,-25.774,51.737,-113.002,0.1316,-87.12,0.659,3.208,none,0.0,0,1,0.935,0.891
2026-01-01 00:10:57,1035,5,naval_vessel,166.788,-10.14,10.765,incoming,284.255,0.209,4.8,200.4698,-42.517,29.838,-76.164,-0.3608,-91.429,0.416,0.296,spot,10.394,0,1,0.787,0.775
2026-01-01 00:10:58,1034,13,naval_vessel,200.542,-22.448,22.503,incoming,10.682,0.587,0.0,646.3131,-35.146,52.113,-270.982,0.1883,-92.385,0.686,1.72,none,0.0,0,1,0.933,0.84
2026-01-01 00:11:00,1035,6,naval_vessel,165.061,-11.261,11.34,incoming,284.83,-0.043,1.0,167.7919,-40.992,43.368,-71.137,-0.1397,-92.504,0.518,3.407,none,0.0,0,1,0.946,0.843
2026-01-01 00:11:01,1034,14,naval_vessel,198.204,-22.254,22.521,incoming,10.973,0.281,10.48,607.6684,-38.117,47.528,-363.981,0.2081,-94.263,0.847,1.99,none,0.0,0,1,0.964,0.719
2026-01-01 00:11:02,1033,11,naval_vessel,53.004,-11.66,12.11,incoming,159.329,0.755,0.0,100.6334,-23.999,55.215,-137.25,0.1784,-87.664,0.669,3.31,none,0.0,0,1,0.914,0.807
2026-01-01 00:11:02,1036,0,drone,131.797,40.57,40.487,outgoing,113.259,1.371,146.67,0.6714,-49.725,39.826,694.283,-0.0075,-86.759,0.143,0.763,none,0.0,0,1,0.953,0.99
2026-01-01 00:11:03,1035,7,naval_vessel,167.774,-9.576,10.882,incoming,283.989,0.515,0.0,178.9614,-49.919,20.001,-84.194,-0.2392,-91.319,0.596,1.121,barrage,25.973,2,0,0.673,0.628
2026-01-01 00:11:04,1034,15,naval_vessel,197.194,-22.591,23.1,incoming,11.646,0.286,0.0,605.897,-34.853,49.028,-148.263,0.1894,-92.439,0.42,0.479,none,0.0,0,1,0.913,0.856
2026-01-01 00:11:06,1035,8,naval_vessel,165.659,-11.18,11.393,incoming,283.448,-0.53,0.0,154.0613,-47.069,21.8,-171.983,-0.1102,-90.067,0.455,1.836,barrage,18.27,2,0,0.694,0.65
2026-01-01 00:11:07,1033,12,naval_vessel,52.584,-11.977,12.128,incoming,159.655,0.473,0.0,93.2483,-23.307,51.286,-171.987,0.1641,-86.997,0.453,2.852,none,0.0,0,1,0.933,0.944
2026-01-01 00:11:07,1034,16,naval_vessel,198.416,-23.381,23.476,incoming,12.259,-0.252,0.0,609.2647,-39.877,44.668,-178.609,0.2027,-91.968,0.537,2.946,none,0.0,0,1,0.949,0.861
2026-01-01 00:11:07,1036,1,drone,132.288,42.904,42.821,outgoing,113.495,2.376,142.48,0.6864,-47.277,39.529,713.809,-0.0072,-86.688,0.035,0.262,none,0.0,0,1,0.976,0.967
2026-01-01 00:11:09,1035,9,naval_vessel,166.939,-11.62,11.609,incoming,283.509,-0.654,10.65,193.0272,-33.096,51.684,-107.98,-0.149,-90.207,0.35,0.529,none,0.0,0,1,0.937,0.959
2026-01-01 00:11:10,1034,17,naval_vessel,202.167,-22.956,23.64,incoming,11.91,1.475,10.55,664.3095,-43.442,27.91,-203.089,0.2082,-91.741,0.75,1.759,spot,13.842,0,1,0.824,0.763
2026-01-01 00:11:12,1033,13,naval_vessel,52.492,-12.055,12.029,incoming,160.529,-0.268,1.18,98.0428,-23.374,55.218,-79.032,0.1716,-89.289,0.475,3.312,none,0.0,0,1,0.959,0.903
2026-01-01 00:11:12,1035,10,naval_vessel,166.161,-11.556,11.602,incoming,283.379,-0.213,0.0,184.183,-35.532,45.307,-179.361,-0.1342,-90.654,0.479,1.437,none,0.0,0,1,0.958,0.864
2026-01-01 00:11:12,1036,2,drone,132.329,44.225,44.131,outgoing,113.399,2.261,140.85,0.7521,-49.388,37.943,463.5,-0.0209,-87.382,0.132,3.22,none,0.0,0,1,0.942,0.887
2026-01-01 00:11:13,1034,18,naval_vessel,200.814,-24.161,24.021,incoming,13.141,0.892,0.0,536.7004,-49.154,12.671,-160.859,0.1762,-92.222,0.664,1.955,barrage,25.572,3,0,0.761,0.616
2026-01-01 00:11:15,1035,11,naval_vessel,163.381,-12.497,11.74,incoming,284.42,0.206,0.0,164.4338,-45.73,24.782,-95.343,-0.1902,-91.16,0.776,1.157,spot,17.047,0,1,0.846,0.709
2026-01-01 00:11:16,1034,19,naval_vessel,197.452,-24.663,24.496,incoming,14.768,-0.314,0.0,718.9122,-34.719,48.468,-229.24,0.1373,-92.174,0.612,0.648,none,0.0,0,1,0.928,0.808
2026-01-01 00:11:17,1033,14,naval_vessel,52.566,-11.961,12.066,incoming,161.924,-0.121,0.0,98.3277,-26.696,55.11,-214.344,0.1704,-88.243,0.766,3.105,none,0.0,0,1,0.959,0.857
2026-01-01 00:11:17,1036,3,drone,132.567,42.22,42.73,outgoing,113.154,2.311,158.48,0.8098,-59.399,20.451,277.918,0.0385,-86.917,0.22,3.012,deceptive,15.345,6,1,0.748,0.809
2026-01-01 00:11:18,1035,12,naval_vessel,165.369,-12.721,12.608,incoming,282.818,-0.223,0.16,173.839,-42.91,39.14,-173.407,-0.1246,-91.746,0.841,3.256,none,0.0,0,1,0.924,0.772
2026-01-01 00:11:19,1034,20,naval_vessel,198.024,-25.153,25.11,incoming,14.425,0.274,0.0,609.2889,-35.832,47.91,-335.054,0.1775,-92.969,0.652,0.476,none,0.0,0,1,0.955,0.857
2026-01-01 00:11:21,1035,13,naval_vessel,165.896,-12.842,12.599,incoming,282.842,0.314,10.24,160.3277,-35.307,46.441,-193.8,-0.1285,-93.439,0.652,1.366,none,0.0,0,1,0.93,0.817
2026-01-01 00:11:21,1037,0,drone,134.387,-30.748,30.649,incoming,297.783,6.882,165.91,0.5509,-48.814,26.656,-202.709,0.2895,-96.413,0.219,2.279,none,0.0,0,1,0.963,0.968
2026-01-01 00:11:22,1033,15,naval_vessel,52.983,-11.831,11.649,incoming,162.631,0.109,3.51,96.218,-24.059,55.232,-147.032,0.1553,-87.099,0.552,0.238,none,0.0,0,1,0.94,0.83
2026-01-01 00:11:22,1034,21,naval_vessel,198.832,-24.29,24.664,incoming,14.792,-0.242,0.0,573.1743,-35.823,51.468,-371.82,0.1698,-92.776,0.4,1.56,none,0.0,0,1,0.976,0.894
2026-01-01 00:11:22,1036,4,drone,132.57,46.426,46.238,outgoing,113.312,1.81,153.1,0.7736,-48.43,39.366,321.547,0.0014,-86.54,0.214,2.19,none,0.0,0,1,0.98,0.98
2026-01-01 00:11:23,1037,1,drone,133.524,-30.417,30.404,incoming,298.481,7.002,189.19,0.5748,-49.504,29.118,-467.745,0.2399,-95.814,0.244,1.142,none,0.0,0,1,0.927,0.99
2026-01-01 00:11:24,1035,14,naval_vessel,165.649,-12.992,13.32,incoming,281.652,0.027,0.16,149.0612,-35.332,46.506,-153.594,-0.1399,-92.562,0.467,0.111,none,0.0,0,1,0.946,0.925
2026-01-01 00:11:25,1034,22,naval_vessel,199.035,-24.721,24.785,incoming,15.686,-0.03,0.0,537.7941,-35.269,49.083,-328.133,0.2005,-91.45,0.663,0.62,none,0.0,0,1,0.95,0.901
2026-01-01 00:11:25,1037,2,drone,133.113,-30.226,30.756,incoming,299.32,7.234,178.8,0.5696,-50.041,29.345,-193.316,0.2473,-96.175,0.191,1.976,none,0.0,0,1,0.943,0.904
2026-01-01 00:11:27,1033,16,naval_vessel,52.58,-11.748,11.612,incoming,163.271,0.246,0.0,100.4575,-27.293,51.104,-156.95,0.1571,-88.341,0.56,2.686,none,0.0,0,1,0.951,0.89
2026-01-01 00:11:27,1035,15,naval_vessel,164.928,-13.181,12.948,incoming,281.278,0.54,5.3,141.5709,-36.722,42.265,-178.243,-0.114,-92.752,0.354,3.318,none,0.0,0,1,0.927,0.82
2026-01-01 00:11:27,1036,5,drone,133.235,47.27,47.35,outgoing,113.148,2.321,140.49,0.7769,-48.107,41.918,705.18,-0.0069,-86.202,0.097,1.913,none,0.0,0,1,0.981,0.891
2026-01-01 00:11:27,1037,3,drone,133.954,-32.719,32.191,incoming,299.706,6.159,177.32,0.5849,-52.282,30.395,-316.913,0.2442,-96.828,0.092,2.967,none,0.0,0,1,0.934,0.969
2026-01-01 00:11:28,1034,23,naval_vessel,197.729,-25.269,25.098,incoming,15.003,0.097,0.0,550.2329,-43.325,30.508,-432.629,0.2541,-91.908,0.351,1.877,spot,13.262,0,1,0.784,0.797
2026-01-01 00:11:29,1037,4,drone,133.338,-32.689,32.981,incoming,300.518,6.71,172.19,0.5085,-49.199,33.427,-459.069,0.2366,-96.45,0.049,1.252,none,0.0,0,1,0.984,0.938
2026-01-01 00:11:30,1035,16,naval_vessel,163.197,-11.394,13.434,incoming,282.452,-0.095,4.03,163.4606,-44.726,26.295,-205.097,-0.2311,-91.631,0.733,1.49,deceptive,15.464,6,1,0.697,0.642
2026-01-01 00:11:31,1034,24,naval_vessel,197.685,-25.203,25.364,incoming,16.733,-0.334,2.47,652.552,-39.17,46.668,-289.195,0.1811,-93.45,0.655,2.866,none,0.0,0,1,0.942,0.817
2026-01-01 00:11:31,1037,5,drone,133.94,-34.001,33.878,incoming,300.752,6.365,169.89,0.5657,-49.369,28.597,-471.612,0.2344,-96.897,0.243,0.78,none,0.0,0,1,0.917,0.932
2026-01-01 00:11:32,1033,17,naval_vessel,52.138,-11.413,11.725,incoming,164.792,0.376,0.0,106.5308,-30.993,29.104,-168.443,-0.0328,-88.232,0.566,1.355,deceptive,19.369,5,1,0.755,0.626
2026-01-01 00:11:32,1036,6,drone,133.087,49.846,50.042,outgoing,113.466,1.497,164.51,0.643,-46.267,40.236,436.17,-0.0608,-88.535,0.046,0.314,none,0.0,0,1,0.967,0.936
2026-01-01 00:11:33,1035,17,naval_vessel,164.706,-14.652,13.183,incoming,281.657,0.289,0.6,173.4464,-52.64,15.543,-125.491,-0.0764,-90.732,0.719,3.311,barrage,16.512,3,1,0.782,0.778
2026-01-01 00:11:33,1037,6,drone,133.168,-34.269,34.295,incoming,301.763,6.674,175.6,0.521,-48.569,28.362,-593.483,0.257,-96.329,0.115,0.492,none,0.0,0,1,0.984,0.966
2026-01-01 00:11:35,1037,7,drone,132.821,-34.574,34.629,incoming,301.646,6.199,167.9,0.5689,-50.777,27.434,-554.482,0.2587,-95.612,0.222,3.214,none,0.0,0,1,0.989,0.851
2026-01-01 00:11:36,1035,18,naval_vessel,166.629,-13.289,13.353,incoming,280.393,-0.251,7.34,159.4452,-35.606,45.224,-226.831,-0.0687,-90.007,0.435,1.646,none,0.0,0,1,0.918,0.895
2026-01-01 00:11:37,1033,18,naval_vessel,52.237,-11.75,12.089,incoming,164.614,0.033,0.0,108.7343,-25.466,53.93,-72.955,0.1656,-88.759,0.763,1.885,none,0.0,0,1,0.949,0.912
2026-01-01 00:11:37,1036,7,drone,133.263,48.922,49.345,outgoing,113.513,2.453,128.43,0.7337,-48.223,37.906,757.303,-0.0135,-87.769,0.076,1.841,none,0.0,0,1,0.955,0.943
2026-01-01 00:11:37,1037,8,drone,133.252,-36.161,36.448,incoming,302.603,6.389,174.52,0.4916,-49.364,31.495,-282.694,0.2302,-96.383,0.221,1.522,none,0.0,0,1,0.963,0.99
2026-01-01 00:11:37,1038,0,bird,19.472,-8.847,8.788,incoming,112.969,5.098,434.45,0.0379,-45.383,26.944,-65.773,-0.0411,-90.768,0.199,2.705,none,0.0,0,1,0.962,0.921
2026-01-01 00:11:39,1035,19,naval_vessel,165.987,-14.213,14.092,incoming,280.231,0.33,0.0,162.5522,-36.803,45.065,-163.269,-0.1013,-89.458,0.535,1.825,none,0.0,0,1,0.954,0.869
2026-01-01 00:11:39,1037,9,drone,132.671,-37.669,37.257,incoming,303.842,6.639,177.7,0.5694,-58.273,7.103,-440.753,0.2476,-94.371,0.157,0.687,deceptive,18.68,5,1,0.752,0.773
2026-01-01 00:11:41,1037,10,drone,132.163,-38.02,37.822,incoming,303.159,6.654,166.32,0.5002,-51.683,28.327,-384.587,0.2719,-97.342,0.155,3.319,none,0.0,0,1,0.924,0.935
2026-01-01 00:11:42,1033,19,naval_vessel,52.515,-11.617,11.616,incoming,165.266,0.714,9.35,103.0964,-26.256,48.63,-92.425,0.1672,-86.52,0.499,2.946,none,0.0,0,1,0.931,0.831
2026-01-01 00:11:42,1035,20,naval_vessel,164.029,-14.459,14.704,incoming,279.699,0.46,0.0,162.0449,-36.009,43.172,-111.866,-0.1427,-91.274,0.437,0.914,none,0.0,0,1,0.967,0.939
2026-01-01 00:11:42,1036,8,drone,134.53,51.071,51.094,outgoing,113.325,2.131,132.43,0.7053,-48.138,44.254,890.174,-0.0195,-87.699,0.06,0.721,none,0.0,0,1,0.92,0.98
2026-01-01 00:11:42,1038,1,bird,19.495,-8.049,7.97,incoming,113.056,5.343,420.96,0.035,-47.197,24.293,-74.569,-0.0375,-90.777,0.32,2.783,none,0.0,0,1,0.957,0.881
2026-01-01 00:11:43,1037,11,drone,133.22,-37.192,37.314,incoming,303.301,6.658,176.43,0.5997,-49.386,31.147,-527.227,0.2129,-94.012,0.21,2.524,none,0.0,0,1,0.955,0.903
2026-01-01 00:11:45,1035,21,naval_vessel,164.98,-14.443,14.446,incoming,279.397,-0.558,0.0,146.9351,-37.074,47.16,-178.188,-0.1158,-90.513,0.422,1.404,none,0.0,0,1,0.974,0.839
2026-01-01 00:11:45,1037,12,drone,133.03,-39.64,39.781,incoming,304.171,7.087,173.78,0.5176,-50.996,32.341,-589.593,0.2681,-95.692,0.19,0.571,none,0.0,0,1,0.95,0.924
2026-01-01 00:11:47,1033,20,naval_vessel,52.031,-11.924,11.61,incoming,166.256,-0.7,1.33,118.0751,-23.484,52.38,-204.074,0.1264,-88.617,0.497,2.71,none,0.0,0,1,0.963,0.833
2026-01-01 00:11:47,1036,9,drone,134.435,51.933,52.042,outgoing,113.522,2.079,148.46,0.8363,-50.686,40.133,791.437,-0.0226,-86.858,0.191,2.805,none,0.0,0,1,0.905,0.963
2026-01-01 00:11:47,1037,13,drone,133.117,-40.089,40.039,incoming,304.69,7.05,171.79,0.5741,-48.725,29.572,-264.82,0.2334,-96.482,0.158,1.569,none,0.0,0,1,0.947,0.952
2026-01-01 00:11:47,1038,2,bird,19.339,-6.476,6.928,incoming,112.437,5.628,404.2,0.0419,-44.67,30.084,-56.629,-0.0229,-88.758,0.407,1.317,none,0.0,0,1,0.944,0.909
2026-01-01 00:11:48,1035,22,naval_vessel,164.463,-14.618,14.662,incoming,278.971,0.035,0.0,180.6864,-36.868,45.303,-141.622,-0.1083,-91.468,0.522,2.376,none,0.0,0,1,0.966,0.856
2026-01-01 00:11:49,1037,14,drone,132.811,-41.745,41.466,incoming,305.005,6.254,159.1,0.5303,-49.616,28.214,-573.537,0.2626,-96.186,0.123,2.777,none,0.0,0,1,0.936,0.977
2026-01-01 00:11:51,1035,23,naval_vessel,165.628,-13.52,14.47,incoming,278.426,1.432,0.0,161.4403,-46.837,19.968,-253.121,-0.0603,-92.96,0.766,2.534,barrage,14.186,2,0,0.651,0.684
2026-01-01 00:11:51,1037,15,drone,132.911,-41.855,41.537,incoming,305.635,6.596,184.64,0.5545,-48.684,28.306,-348.019,0.2606,-95.846,0.156,1.975,none,0.0,0,1,0.915,0.911
2026-01-01 00:11:52,1033,21,naval_vessel,51.799,-11.125,11.062,incoming,166.878,0.061,0.0,100.1485,-24.364,53.648,-162.118,0.1785,-89.682,0.74,1.449,none,0.0,0,1,0.945,0.895
2026-01-01 00:11:52,1036,10,drone,131.035,55.873,55.342,outgoing,113.768,1.722,166.0,0.623,-65.205,6.301,657.291,-0.0154,-87.539,0.223,2.282,barrage,26.091,1,1,0.636,0.642
2026-01-01 00:11:52,1038,3,bird,19.467,-5.618,5.79,incoming,113.978,5.341,400.6,0.0479,-54.903,12.757,-58.997,-0.0825,-90.648,0.493,2.5,spot,11.838,0,1,0.794,0.735
2026-01-01 00:11:53,1037,16,drone,132.655,-42.866,42.717,incoming,306.081,6.008,163.24,0.4929,-49.79,31.844,-484.491,0.2368,-95.83,0.1,1.843,none,0.0,0,1,0.971,0.936
2026-01-01 00:11:53,1039,0,drone,60.677,59.116,59.103,outgoing,80.446,10.44,371.83,0.1148,-44.276,28.232,807.112,-0.0718,-96.069,0.055,0.271,none,0.0,0,1,0.955,0.936
2026-01-01 00:11:54,1035,24,naval_vessel,164.83,-14.141,14.363,incoming,278.272,0.601,0.0,170.6738,-34.32,49.239,-196.783,-0.0974,-91.582,0.738,0.281,none,0.0,0,1,0.931,0.801
2026-01-01 00:11:55,1037,17,drone,131.939,-43.642,43.33,incoming,306.866,6.43,161.65,0.5253,-48.648,33.915,-611.95,0.2447,-94.646,0.109,0.667,none,0.0,0,1,0.921,0.956
2026-01-01 00:11:57,1033,22,naval_vessel,51.89,-11.689,11.719,incoming,167.935,-0.182,0.0,98.7089,-25.891,57.127,-132.625,0.155,-87.551,0.5,3.149,none,0.0,0,1,0.983,0.96
2026-01-01 00:11:57,1035,25,naval_vessel,165.092,-15.149,14.917,incoming,277.707,-0.089,0.91,144.7801,-37.215,43.222,-212.063,-0.1165,-92.028,0.8,2.088,none,0.0,0,1,0.946,0.828
2026-01-01 00:11:57,1036,11,drone,135.409,54.518,54.708,outgoing,113.113,2.473,146.67,0.7075,-50.085,41.207,908.795,-0.0274,-87.353,0.212,2.981,none,0.0,0,1,0.988,0.99
2026-01-01 00:11:57,1037,18,drone,131.575,-44.738,44.549,incoming,307.1,6.809,183.39,0.6346,-49.061,32.911,-673.343,0.2377,-96.628,0.022,0.073,none,0.0,0,1,0.953,0.98
2026-01-01 00:11:57,1038,4,bird,19.207,-4.725,4.71,incoming,112.746,5.263,409.3,0.0373,-46.618,28.074,-60.905,-0.0212,-90.421,0.387,0.834,none,0.0,0,1,0.949,0.885
2026-01-01 00:11:58,1039,1,drone,61.545,64.03,62.516,outgoing,79.987,10.504,396.28,0.1027,-54.073,8.18,407.231,-0.1117,-94.323,0.112,0.252,spot,15.775,0,1,0.797,0.776
2026-01-01 00:11:59,1037,19,drone,130.395,-46.331,45.087,incoming,306.807,6.662,176.8,0.4823,-61.583,6.909,-657.223,0.3589,-95.011,0.12,1.705,deceptive,15.286,2,1,0.7,0.782
2026-01-01 00:12:00,1035,26,naval_vessel,163.479,-15.104,15.022,incoming,277.36,0.061,2.97,163.4328,-36.95,42.193,-190.026,-0.1198,-91.953,0.395,0.853,none,0.0,0,1,0.966,0.94
2026-01-01 00:12:01,1037,20,drone,131.938,-45.583,45.601,incoming,308.121,6.949,165.01,0.6694,-48.394,31.463,-557.633,0.2075,-95.702,0.214,0.066,none,0.0,0,1,0.924,0.949
2026-01-01 00:12:02,1033,23,naval_vessel,52.403,-11.497,11.572,incoming,168.651,-0.38,0.0,107.3991,-26.835,51.02,-109.594,0.1965,-89.67,0.79,0.696,none,0.0,0,1,0.96,0.872
2026-01-01 00:12:02,1036,12,drone,135.223,55.078,55.388,outgoing,113.248,2.08,156.9,0.6272,-51.52,41.777,766.852,0.0153,-88.241,0.223,2.886,none,0.0,0,1,0.958,0.909
2026-01-01 00:12:02,1038,5,bird,19.633,-3.505,3.264,incoming,112.455,4.909,422.64,0.0442,-48.879,26.725,-20.895,-0.0242,-89.61,0.502,2.066,none,0.0,0,1,0.925,0.873
2026-01-01 00:12:03,1035,27,naval_vessel,164.635,-15.291,15.2,incoming,277.445,-1.034,0.0,169.5454,-33.779,48.8,-123.053,-0.1168,-89.971,0.604,1.084,none,0.0,0,1,0.966,0.842
2026-01-01 00:12:03,1037,21,drone,131.53,-46.681,46.151,incoming,308.877,6.616,163.01,0.6581,-48.965,33.164,-661.72,0.2102,-95.317,0.18,2.418,none,0.0,0,1,0.936,0.92
2026-01-01 00:12:03,1039,2,drone,61.804,65.71,66.386,outgoing,80.108,10.44,393.75,0.1142,-51.817,5.702,1114.967,-0.0078,-95.735,0.065,1.629,deceptive,19.352,6,1,0.752,0.781
2026-01-01 00:12:05,1037,22,drone,133.545,-47.83,48.48,incoming,309.062,7.317,170.94,0.5032,-60.336,9.518,-797.244,0.0938,-95.263,0.165,1.092,deceptive,18.219,5,1,0.817,0.726
2026-01-01 00:12:06,1035,28,naval_vessel,164.785,-15.138,15.308,incoming,276.969,0.234,0.0,146.2313,-39.475,42.505,-232.654,-0.1061,-89.653,0.451,3.187,none,0.0,0,1,0.957,0.851
2026-01-01 00:12:07,1033,24,naval_vessel,52.147,-11.019,11.245,incoming,169.864,0.558,0.0,123.9838,-24.067,53.893,-111.375,0.1433,-89.606,0.452,0.994,none,0.0,0,1,0.94,0.923
2026-01-01 00:12:07,1036,13,drone,133.529,57.997,57.881,outgoing,113.423,1.957,146.9,0.8141,-63.163,8.271,854.743,-0.1165,-88.614,0.035,2.187,barrage,21.2,1,0,0.666,0.746
2026-01-01 00:12:07,1037,23,drone,131.427,-48.326,48.392,incoming,309.631,6.282,173.23,0.5538,-49.883,29.849,-313.262,0.275,-96.689,0.028,2.499,none,0.0,0,1,0.934,0.99
2026-01-01 00:12:07,1038,6,bird,19.373,-1.286,1.988,incoming,111.24,6.139,429.61,0.0384,-47.012,13.349,-23.346,0.0298,-90.955,0.463,0.07,deceptive,22.23,6,1,0.746,0.677
2026-01-01 00:12:08,1039,3,drone,61.702,63.556,63.341,outgoing,79.321,10.159,370.34,0.1269,-45.005,28.436,979.395,-0.0496,-95.903,0.141,1.472,none,0.0,0,1,0.926,0.956
2026-01-01 00:12:09,1035,29,naval_vessel,163.247,-15.203,16.15,incoming,277.904,0.233,7.99,172.7056,-50.367,16.836,-265.684,-0.0716,-91.32,0.819,0.704,barrage,23.512,1,1,0.667,0.569
2026-01-01 00:12:09,1037,24,drone,130.468,-51.212,49.843,incoming,310.816,6.872,167.62,0.6229,-52.932,17.897,-737.735,0.2738,-95.849,0.043,1.923,spot,9.513,0,1,0.729,0.852
2026-01-01 00:12:12,1033,25,naval_vessel,52.355,-10.391,10.249,incoming,170.073,-0.062,1.03,85.9769,-35.384,23.303,-85.175,0.1761,-87.771,0.693,1.102,barrage,21.277,1,0,0.751,0.709
2026-01-01 00:12:12,1036,14,drone,136.284,57.247,57.334,outgoing,113.57,2.027,172.42,0.7214,-51.46,36.134,533.565,-0.0225,-87.216,0.204,2.24,none,0.0,0,1,0.923,0.936
2026-01-01 00:12:12,1038,7,bird,19.405,-0.359,0.886,incoming,111.571,3.98,431.43,0.0475,-53.348,8.704,-5.469,0.0338,-89.826,0.548,1.317,spot,17.839,0,1,0.773,0.698
2026-01-01 00:12:13,1039,4,drone,62.375,67.871,67.424,outgoing,79.926,8.807,371.26,0.1193,-57.091,0.666,625.9,0.0607,-95.795,0.031,1.917,barrage,15.189,2,1,0.685,0.775
2026-01-01 00:12:13,1040,0,naval_vessel,78.221,21.486,21.484,outgoing,126.532,0.85,0.0,645.5996,-21.538,65.248,291.9,0.0253,-84.002,0.695,1.561,none,0.0,0,1,0.965,0.866
2026-01-01 00:12:16,1040,1,naval_vessel,78.137,21.402,21.226,outgoing,127.532,0.309,0.0,625.4696,-22.273,66.84,221.5,0.0207,-82.731,0.482,3.41,none,0.0,0,1,0.987,0.883
2026-01-01 00:12:17,1033,26,naval_vessel,52.327,-12.053,10.799,incoming,171.631,0.012,0.0,107.1623,-37.645,27.286,-147.58,0.2625,-87.474,0.701,2.169,barrage,20.202,3,0,0.624,0.638
2026-01-01 00:12:17,1036,15,drone,136.712,59.298,59.373,outgoing,113.475,1.907,138.57,0.7666,-47.507,43.736,964.087,-0.012,-86.062,0.169,0.708,none,0.0,0,1,0.949,0.884
2026-01-01 00:12:17,1038,8,bird,19.456,1.382,0.369,incoming,112.73,6.017,436.3,0.042,-59.935,2.247,-4.661,0.0157,-90.191,0.157,2.535,barrage,20.936,3,0,0.635,0.728
2026-01-01 00:12:18,1039,5,drone,62.542,67.432,67.419,outgoing,78.833,10.423,366.96,0.1149,-46.517,27.487,597.219,-0.0508,-94.936,0.202,1.996,none,0.0,0,1,0.96,0.869
2026-01-01 00:12:19,1040,2,naval_vessel,78.134,21.023,21.033,outgoing,127.014,0.196,5.3,601.9161,-26.468,63.319,206.012,0.0064,-82.73,0.773,1.436,none,0.0,0,1,0.936,0.918
2026-01-01 00:12:22,1033,27,naval_vessel,51.762,-12.508,11.128,incoming,172.079,-0.117,6.96,133.0754,-37.218,32.874,-81.998,0.0174,-86.566,0.833,1.076,spot,11.483,0,1,0.758,0.677
2026-01-01 00:12:22,1036,16,drone,135.701,56.772,57.259,outgoing,112.431,2.938,167.85,0.7236,-54.683,25.82,831.304,0.1329,-86.996,0.036,0.837,spot,10.332,0,1,0.762,0.795
2026-01-01 00:12:22,1038,9,bird,19.371,0.302,0.012,incoming,112.464,5.257,412.41,0.0387,-45.275,29.539,0.109,-0.0419,-89.821,0.228,2.752,none,0.0,0,1,0.972,0.888
2026-01-01 00:12:22,1040,3,naval_vessel,78.246,21.204,21.033,outgoing,126.904,-0.527,1.55,658.5789,-21.213,66.621,181.973,0.0003,-85.807,0.802,1.18,none,0.0,0,1,0.959,0.761
2026-01-01 00:12:23,1039,6,drone,62.578,68.204,68.438,outgoing,78.618,10.327,374.19,0.1014,-45.228,24.055,608.774,-0.0583,-94.581,0.244,0.541,none,0.0,0,1,0.917,0.934
2026-01-01 00:12:25,1040,4,naval_vessel,78.601,20.098,20.149,outgoing,126.687,-0.415,0.0,555.2542,-21.213,64.036,332.713,0.0551,-86.344,0.628,1.676,none,0.0,0,1,0.97,0.865
2026-01-01 00:12:27,1036,17,drone,137.297,58.885,59.578,outgoing,115.442,2.223,128.84,0.7289,-64.954,9.62,990.153,-0.0185,-88.21,0.244,2.249,barrage,17.41,2,0,0.703,0.762
2026-01-01 00:12:27,1038,10,bird,19.506,0.427,0.249,incoming,111.846,5.357,416.25,0.0332,-45.457,27.604,4.038,-0.0382,-91.549,0.199,0.232,none,0.0,0,1,0.964,0.934
2026-01-01 00:12:28,1039,7,drone,62.976,69.871,69.904,outgoing,78.474,10.116,370.48,0.1301,-46.961,23.753,1094.37,-0.0877,-95.058,0.146,1.981,none,0.0,0,1,0.971,0.933
2026-01-01 00:12:28,1040,5,naval_vessel,78.527,19.875,19.968,outgoing,127.356,0.104,0.0,562.867,-27.488,61.008,193.373,0.0364,-84.71,0.758,3.418,none,0.0,0,1,0.924,0.816
2026-01-01 00:12:31,1040,6,naval_vessel,78.08,19.718,19.468,outgoing,127.432,0.344,0.0,563.8671,-22.223,69.284,165.34,-0.0166,-84.455,0.508,3.264,none,0.0,0,1,0.957,0.865
2026-01-01 00:12:32,1036,18,drone,137.358,64.241,64.1,outgoing,113.421,2.758,151.08,0.6643,-50.382,38.7,1099.815,-0.0465,-86.464,0.088,2.578,none,0.0,0,1,0.957,0.965
2026-01-01 00:12:32,1038,11,bird,19.48,0.042,0.161,incoming,111.751,5.434,411.38,0.0281,-46.191,25.962,-1.346,-0.0075,-91.227,0.323,1.8,none,0.0,0,1,0.981,0.885
2026-01-01 00:12:32,1041,0,naval_vessel,156.663,-12.655,13.93,incoming,137.662,0.319,0.0,140.7574,-50.161,27.292,-229.704,0.2685,-88.107,0.581,2.013,deceptive,10.728,5,1,0.814,0.863
2026-01-01 00:12:33,1039,8,drone,63.407,72.036,72.006,outgoing,77.947,10.475,358.55,0.113,-47.493,25.038,806.494,-0.0551,-94.546,0.14,2.13,none,0.0,0,1,0.955,0.93
2026-01-01 00:12:34,1040,7,naval_vessel,77.962,19.671,19.528,outgoing,126.267,0.456,0.0,663.1431,-27.693,50.223,187.545,0.0821,-85.294,0.748,2.241,spot,17.574,0,1,0.751,0.671
2026-01-01 00:12:35,1041,1,naval_vessel,158.714,-13.21,13.433,incoming,138.848,0.031,0.0,115.0339,-36.726,48.969,-170.354,0.3493,-86.504,0.494,1.625,none,0.0,0,1,0.966,0.927
2026-01-01 00:12:37,1036,19,drone,138.056,64.283,64.141,outgoing,113.647,1.696,162.8,0.589,-49.999,40.587,701.786,-0.0149,-87.887,0.19,1.629,none,0.0,0,1,0.939,0.938
2026-01-01 00:12:37,1038,12,bird,19.434,-0.657,0.694,incoming,111.534,5.1,416.51,0.0479,-44.558,28.175,-9.702,-0.0159,-90.962,0.493,0.867,none,0.0,0,1,0.918,0.913
2026-01-01 00:12:37,1040,8,naval_vessel,78.699,17.732,18.308,outgoing,127.37,-0.217,3.14,812.9617,-32.675,45.312,312.197,0.1018,-84.222,0.419,3.226,spot,11.243,0,1,0.797,0.821
2026-01-01 00:12:38,1039,9,drone,64.188,73.609,73.36,outgoing,76.367,10.262,365.8,0.1539,-59.7,-1.128,756.514,-0.0895,-94.753,0.225,2.388,barrage,24.25,1,1,0.585,0.658
2026-01-01 00:12:38,1041,2,naval_vessel,158.985,-13.315,13.138,incoming,140.39,-0.373,1.85,145.6185,-38.567,49.744,-118.526,0.3449,-86.308,0.71,3.094,none,0.0,0,1,0.941,0.802
2026-01-01 00:12:40,1040,9,naval_vessel,78.37,19.246,19.468,outgoing,127.265,0.005,0.0,589.3502,-25.015,62.704,182.582,0.0236,-84.419,0.693,0.555,none,0.0,0,1,0.96,0.815
2026-01-01 00:12:41,1041,3,naval_vessel,159.936,-14.502,13.09,incoming,141.564,0.222,0.0,129.9487,-48.815,28.69,-182.547,0.3844,-86.663,0.671,1.262,barrage,14.941,1,0,0.659,0.711
2026-01-01 00:12:42,1036,20,drone,139.922,65.231,65.358,outgoing,113.196,2.107,151.09,0.6851,-51.664,39.269,641.828,-0.003,-87.187,0.088,2.717,none,0.0,0,1,0.955,0.949
2026-01-01 00:12:42,1038,13,bird,19.669,-1.547,0.346,incoming,111.828,5.769,433.53,0.0313,-55.275,11.208,-4.321,0.1344,-89.519,0.42,3.425,spot,12.418,0,1,0.745,0.764
2026-01-01 00:12:43,1039,10,drone,64.674,77.001,77.06,outgoing,77.205,9.988,362.53,0.1075,-45.955,24.117,747.258,-0.0634,-96.131,0.054,2.004,none,0.0,0,1,0.978,0.905
2026-01-01 00:12:43,1040,10,naval_vessel,78.735,20.804,19.772,outgoing,126.278,-0.672,2.15,602.4803,-31.182,39.854,136.217,-0.0464,-84.211,0.589,3.079,barrage,18.5,1,0,0.622,0.724
2026-01-01 00:12:44,1041,4,naval_vessel,157.175,-14.232,13.257,incoming,143.52,1.162,2.92,136.2461,-44.484,25.515,-171.767,0.3165,-87.393,0.807,0.916,barrage,24.677,1,0,0.615,0.611
2026-01-01 00:12:46,1040,11,naval_vessel,78.229,18.802,18.773,outgoing,127.606,0.477,0.0,576.7681,-20.527,66.235,254.993,-0.0015,-84.431,0.353,1.593,none,0.0,0,1,0.989,0.929
2026-01-01 00:12:47,1036,21,drone,139.633,68.385,68.014,outgoing,113.213,2.377,155.64,0.7552,-47.767,37.583,818.253,0.0016,-86.311,0.126,0.824,none,0.0,0,1,0.966,0.99
2026-01-01 00:12:47,1041,5,naval_vessel,158.191,-13.276,13.503,incoming,143.448,-0.222,2.11,131.4458,-37.148,51.455,-240.785,0.3368,-87.307,0.474,3.399,none,0.0,0,1,0.931,0.904
2026-01-01 00:12:48,1039,11,drone,64.347,80.602,82.148,outgoing,76.918,9.991,370.93,0.1446,-52.325,13.566,879.305,-0.0716,-95.462,0.106,1.308,spot,12.56,0,1,0.743,0.829
2026-01-01 00:12:49,1040,12,naval_vessel,78.654,17.96,18.018,outgoing,127.279,0.213,4.68,694.7018,-23.546,65.74,191.188,0.0325,-84.502,0.764,1.518,none,0.0,0,1,0.954,0.798
2026-01-01 00:12:50,1041,6,naval_vessel,158.715,-13.121,13.437,incoming,144.753,0.096,0.0,126.0131,-37.685,49.083,-147.539,0.3591,-86.641,0.68,3.164,none,0.0,0,1,0.939,0.795
2026-01-01 00:12:52,1036,22,drone,136.9,70.911,69.817,outgoing,114.847,1.157,161.31,0.8633,-59.413,18.882,1061.05,-0.0282,-86.33,0.054,1.306,deceptive,12.205,6,1,0.712,0.862
2026-01-01 00:12:52,1040,13,naval_vessel,78.963,18.618,18.236,outgoing,127.435,0.247,3.02,523.1136,-22.488,65.053,294.626,0.021,-84.731,0.529,1.049,none,0.0,0,1,0.945,0.912
2026-01-01 00:12:53,1039,12,drone,64.963,79.021,78.797,outgoing,76.66,9.809,373.37,0.1153,-46.775,28.069,1191.479,-0.0489,-95.636,0.211,1.202,none,0.0,0,1,0.938,0.99
2026-01-01 00:12:53,1041,7,naval_vessel,159.26,-13.709,13.924,incoming,145.652,0.357,4.54,138.6645,-41.326,50.225,-89.009,0.3592,-87.077,0.845,2.833,none,0.0,0,1,0.955,0.904
2026-01-01 00:12:55,1040,14,naval_vessel,78.599,17.798,17.907,outgoing,127.432,-0.141,0.0,572.8568,-23.157,66.49,224.048,0.0237,-85.235,0.68,2.962,none,0.0,0,1,0.94,0.894
2026-01-01 00:12:56,1041,8,naval_vessel,159.389,-13.715,13.677,incoming,146.862,-0.404,9.64,166.0675,-40.24,47.621,-107.267,0.3604,-86.307,0.802,2.339,none,0.0,0,1,0.946,0.821
2026-01-01 00:12:57,1036,23,drone,141.033,68.612,68.774,outgoing,113.424,2.063,158.21,0.73,-50.18,41.002,453.458,0.0249,-85.31,0.115,2.571,none,0.0,0,1,0.928,0.951
2026-01-01 00:12:58,1039,13,drone,65.047,78.818,78.918,outgoing,76.387,10.109,364.5,0.1288,-45.281,25.744,788.883,-0.0317,-95.88,0.142,0.086,none,0.0,0,1,0.978,0.99
2026-01-01 00:12:58,1040,15,naval_vessel,78.559,17.604,17.872,outgoing,127.919,-0.859,0.0,627.3953,-23.659,67.048,245.411,0.034,-83.493,0.589,0.768,none,0.0,0,1,0.922,0.958
2026-01-01 00:12:59,1041,9,naval_vessel,159.52,-13.689,13.556,incoming,147.764,0.154,0.0,152.0667,-34.029,49.363,-165.264,0.342,-86.104,0.664,0.408,none,0.0,0,1,0.918,0.819
2026-01-01 00:13:01,1040,16,naval_vessel,79.153,17.663,17.799,outgoing,127.997,-0.338,0.0,632.0601,-21.434,67.218,201.866,0.0093,-84.063,0.784,0.16,none,0.0,0,1,0.945,0.861
2026-01-01 00:13:02,1036,24,drone,139.208,68.198,67.082,outgoing,113.213,1.763,145.55,0.7379,-60.378,12.48,935.251,0.0054,-89.936,0.14,2.482,barrage,27.37,2,1,0.76,0.687
2026-01-01 00:13:02,1041,10,naval_vessel,157.538,-13.543,13.847,incoming,148.795,0.172,0.0,122.5865,-39.58,45.248,-139.631,0.3665,-86.768,0.796,3.199,none,0.0,0,1,0.963,0.817
2026-01-01 00:13:03,1039,14,drone,65.486,83.353,84.227,outgoing,77.304,9.395,362.89,0.109,-55.99,8.337,1290.125,-0.1569,-94.05,0.227,0.77,deceptive,10.866,6,1,0.724,0.831
2026-01-01 00:13:04,1040,17,naval_vessel,78.924,16.486,16.758,outgoing,127.864,0.785,0.71,619.081,-22.957,64.661,297.703,0.0374,-84.851,0.775,3.435,none,0.0,0,1,0.966,0.864
2026-01-01 00:13:05,1041,11,naval_vessel,157.926,-14.384,14.211,incoming,149.718,-0.316,0.0,124.7526,-38.564,48.465,-171.438,0.3622,-86.775,0.502,2.999,none,0.0,0,1,0.946,0.892
2026-01-01 00:13:07,1036,25,drone,141.395,71.99,71.672,outgoing,113.0,1.86,143.02,0.7957,-49.43,38.803,485.676,0.02,-89.003,0.209,1.199,none,0.0,0,1,0.943,0.942
2026-01-01 00:13:07,1040,18,naval_vessel,78.752,15.372,16.029,outgoing,127.768,0.017,0.0,490.2199,-22.836,62.355,173.318,0.0001,-85.44,0.446,2.769,none,0.0,0,1,0.974,0.909
2026-01-01 00:13:08,1039,15,drone,66.517,83.514,83.665,outgoing,76.03,10.187,383.58,0.1194,-45.171,27.131,829.534,-0.0608,-96.239,0.108,0.489,none,0.0,0,1,0.91,0.935
2026-01-01 00:13:08,1041,12,naval_vessel,155.608,-16.243,14.146,incoming,151.13,-0.546,0.0,147.5059,-48.668,22.986,-223.568,0.3553,-89.316,0.449,1.463,deceptive,22.064,6,1,0.705,0.637
2026-01-01 00:13:10,1040,19,naval_vessel,78.973,15.902,15.898,outgoing,127.91,-1.018,4.1,641.2553,-27.41,60.152,99.455,0.0282,-86.559,0.834,3.061,none,0.0,0,1,0.946,0.903
2026-01-01 00:13:11,1041,13,naval_vessel,158.03,-14.763,14.74,incoming,151.991,0.255,0.0,142.0337,-35.172,50.705,-242.728,0.3698,-86.314,0.372,2.213,none,0.0,0,1,0.917,0.908
2026-01-01 00:13:12,1036,26,drone,140.303,72.542,71.069,outgoing,113.767,1.298,147.65,0.6313,-58.931,20.073,1081.709,-0.134,-86.702,0.126,3.336,spot,17.901,0,1,0.747,0.743
2026-01-01 00:13:13,1039,16,drone,67.816,85.782,86.044,outgoing,75.554,10.4,377.7,0.119,-44.65,30.432,748.734,-0.0722,-95.58,0.023,0.021,none,0.0,0,1,0.953,0.979
2026-01-01 00:13:13,1040,20,naval_vessel,78.892,16.026,16.097,outgoing,128.071,-1.249,1.27,657.0608,-27.709,59.89,280.518,0.0443,-83.823,0.777,3.4,none,0.0,0,1,0.968,0.868
2026-01-01 00:13:14,1041,14,naval_vessel,159.248,-14.684,14.661,incoming,153.316,-0.032,4.66,141.5147,-36.753,53.192,-89.803,0.3516,-88.244,0.483,2.414,none,0.0,0,1,0.936,0.867
2026-01-01 00:13:16,1040,21,naval_vessel,79.088,15.989,16.17,outgoing,127.697,-0.131,0.0,598.6869,-21.819,68.112,142.241,0.0338,-84.565,0.421,2.062,none,0.0,0,1,0.925,0.86
2026-01-01 00:13:17,1036,27,drone,142.552,73.835,73.614,outgoing,113.102,1.686,146.88,0.7563,-50.789,40.661,485.634,0.0042,-87.913,0.228,3.46,none,0.0,0,1,0.977,0.878
2026-01-01 00:13:17,1041,15,naval_vessel,158.786,-13.894,14.32,incoming,153.921,-0.135,4.33,153.6861,-35.74,55.454,-150.662,0.339,-83.813,0.421,2.414,none,0.0,0,1,0.907,0.885
2026-01-01 00:13:18,1039,17,drone,68.004,87.065,86.841,outgoing,75.306,10.886,378.05,0.1226,-45.674,26.902,1465.285,-0.0502,-95.909,0.155,0.64,none,0.0,0,1,0.942,0.99
2026-01-01 00:13:19,1040,22,naval_vessel,78.921,14.795,16.168,outgoing,127.928,0.01,0.0,589.9566,-28.029,47.853,144.486,0.1736,-84.25,0.483,0.215,deceptive,18.202,6,1,0.655,0.698
2026-01-01 00:13:20,1041,16,naval_vessel,159.107,-14.722,14.787,incoming,154.839,0.51,2.87,146.3963,-37.236,51.697,-225.475,0.3432,-85.954,0.745,0.178,none,0.0,0,1,0.939,0.847
2026-01-01 00:13:22,1036,28,drone,141.494,72.258,70.909,outgoing,113.682,1.147,140.73,0.5923,-64.533,16.245,1132.572,0.0141,-86.636,0.063,0.946,barrage,12.59,1,1,0.759,0.79
2026-01-01 00:13:22,1040,23,naval_vessel,80.821,15.49,15.288,outgoing,128.815,0.808,2.84,799.7703,-34.05,47.715,247.596,0.0449,-84.866,0.553,1.775,spot,8.935,0,1,0.785,0.778
2026-01-01 00:13:23,1039,18,drone,68.609,88.634,88.491,outgoing,75.284,10.268,361.03,0.1301,-47.146,27.311,1045.958,-0.0624,-95.026,0.247,2.239,none,0.0,0,1,0.938,0.928
2026-01-01 00:13:23,1041,17,naval_vessel,158.836,-14.722,14.903,incoming,156.213,-0.466,0.0,129.9436,-37.295,54.46,-112.881,0.3624,-86.688,0.558,2.867,none,0.0,0,1,0.99,0.856
2026-01-01 00:13:25,1040,24,naval_vessel,79.304,13.999,14.447,outgoing,128.247,0.156,0.65,576.0936,-22.185,68.393,122.982,0.0469,-85.561,0.446,0.968,none,0.0,0,1,0.967,0.846
2026-01-01 00:13:26,1041,18,naval_vessel,158.443,-14.99,15.118,incoming,157.461,0.085,0.0,140.0215,-38.1,52.278,-159.91,0.3355,-86.842,0.569,3.308,none,0.0,0,1,0.954,0.932
2026-01-01 00:13:28,1039,19,drone,68.823,89.532,89.409,outgoing,74.872,10.028,372.86,0.1221,-45.051,25.414,1528.473,-0.0175,-95.359,0.165,0.799,none,0.0,0,1,0.938,0.926
2026-01-01 00:13:29,1041,19,naval_vessel,157.727,-14.402,14.883,incoming,158.365,-0.149,1.15,140.5723,-35.53,52.452,-157.919,0.3627,-85.86,0.436,1.564,none,0.0,0,1,0.926,0.885
2026-01-01 00:13:32,1041,20,naval_vessel,158.501,-15.261,15.288,incoming,159.349,0.436,0.0,149.796,-35.587,50.567,-230.73,0.3368,-86.324,0.776,0.843,none,0.0,0,1,0.966,0.934
2026-01-01 00:13:33,1039,20,drone,69.835,89.69,89.896,outgoing,74.393,10.389,376.26,0.1283,-45.886,25.008,1391.803,-0.0552,-96.527,0.187,1.186,none,0.0,0,1,0.948,0.904
2026-01-01 00:13:35,1041,21,naval_vessel,158.16,-15.122,14.889,incoming,159.967,0.09,4.71,132.1464,-37.849,51.512,-251.968,0.3778,-87.243,0.733,0.29,none,0.0,0,1,0.947,0.831
2026-01-01 00:13:38,1039,21,drone,70.207,92.412,92.39,outgoing,74.353,10.184,379.85,0.1302,-46.316,28.146,952.145,-0.0442,-96.253,0.102,1.557,none,0.0,0,1,0.949,0.99
2026-01-01 00:13:38,1041,22,naval_vessel,156.844,-16.373,15.963,incoming,161.287,0.43,0.0,119.0445,-36.712,54.54,-97.904,0.3426,-87.278,0.47,0.784,none,0.0,0,1,0.923,0.864
2026-01-01 00:13:41,1041,23,naval_vessel,156.875,-15.813,15.703,incoming,162.276,-0.103,2.17,148.8272,-35.733,55.563,-130.384,0.3624,-87.115,0.404,1.446,none,0.0,0,1,0.989,0.9
2026-01-01 00:13:43,1039,22,drone,70.647,93.8,94.587,outgoing,74.081,10.824,382.8,0.1022,-56.552,4.784,1631.538,-0.0403,-94.029,0.075,1.167,barrage,17.52,1,1,0.761,0.781
2026-01-01 00:13:48,1039,23,drone,71.912,95.567,95.183,outgoing,73.822,10.579,384.65,0.1097,-48.954,26.994,1564.327,-0.0362,-95.067,0.092,2.479,none,0.0,0,1,0.972,0.895
2026-01-01 00:13:53,1039,24,drone,72.12,98.092,98.169,outgoing,73.343,10.09,365.03,0.1059,-49.201,28.215,959.774,-0.0808,-94.292,0.202,2.338,none,0.0,0,1,0.945,0.984
2026-01-01 00:13:58,1039,25,drone,73.0,98.917,98.9,outgoing,73.387,10.961,379.06,0.1306,-46.674,30.346,785.411,-0.0645,-96.223,0.06,1.215,none,0.0,0,1,0.944,0.946
2026-01-01 00:14:03,1039,26,drone,74.232,103.099,102.644,outgoing,72.917,11.696,376.35,0.1383,-53.197,8.717,629.934,-0.0538,-97.406,0.247,0.754,deceptive,12.772,5,1,0.702,0.775
2026-01-01 00:14:08,1039,27,drone,74.112,99.251,99.558,outgoing,72.921,9.964,376.41,0.1121,-48.232,25.256,1026.779,-0.0509,-93.679,0.079,2.176,none,0.0,0,1,0.952,0.947
2026-01-01 00:14:13,1039,28,drone,76.257,102.006,101.923,outgoing,71.577,9.953,377.2,0.1241,-52.792,9.681,1663.797,-0.0656,-95.886,0.208,0.305,spot,16.252,0,1,0.732,0.78
